1 0
2 0
3 0
4 4
5 2
6 0
7 0
8 0
9 8
10 0
11 6
12 0
13 0
14 4
15 0
16 8
17 2
18 0
19 16
20 0
21 0
22 0
23 14
24 4
25 0
26 0
27 0
28 0
29 10
30 20
31 0
32 20
33 16
34 4
35 6
36 0
37 0
38 0
39 32
40 0
41 2
42 0
43 0
44 4
45 0
46 0
47 30
48 0
49 8
50 8
51 0
52 0
53 2
54 4
55 0
56 0
57 0
58 0
59 22
60 0
61 40
62 24
63 0
64 28
65 42
66 0
67 32
68 0
69 8
70 0
71 14
72 0
73 0
74 4
75 0
76 0
77 2
78 0
79 64
80 0
81 0
82 0
83 6
84 12
85 0
86 0
87 0
88 0
89 10
90 0
91 0
92 20
93 0
94 4
95 62
96 0
97 0
98 20
99 16
100 0
101 18
102 0
103 0
104 4
105 0
106 0
107 6
108 0
109 8
110 0
111 0
112 0
113 2
114 4
115 0
116 0
117 0
118 8
119 46
120 0
121 0
122 0
123 80
124 4
125 50
126 56
127 0
128 56
129 56
130 0
131 86
132 0
133 0
134 4
135 64
136 0
137 2
138 0
139 16
140 0
141 0
142 0
143 30
144 4
145 0
146 0
147 0
148 0
149 10
150 0
151 0
152 8
153 0
154 24
155 6
156 0
157 0
158 0
159 128
160 0
161 2
162 0
163 0
164 24
165 0
166 0
167 14
168 0
169 24
170 36
171 0
172 0
173 2
174 4
175 0
176 0
177 0
178 0
179 22
180 0
181 0
182 0
183 0
184 4
185 42
186 8
187 0
188 24
189 8
190 0
191 126
192 0
193 0
194 28
195 0
196 0
197 42
198 0
199 32
200 0
201 0
202 0
203 38
204 24
205 0
206 0
207 0
208 0
209 10
210 0
211 0
212 0
213 0
214 4
215 14
216 20
217 0
218 0
219 16
220 8
221 2
222 0
223 0
224 4
225 0
226 0
227 6
228 0
229 8
230 20
231 0
232 0
233 2
234 4
235 0
236 0
237 16
238 0
239 94
240 0
241 0
242 0
243 0
244 4
245 2
246 0
247 160
248 0
249 8
250 0
251 102
252 0
253 112
254 140
255 0
256 144
257 114
258 0
259 112
260 0
261 0
262 0
263 174
264 4
265 0
266 0
267 0
268 0
269 10
270 0
271 128
272 0
273 0
274 4
275 6
276 0
277 0
278 20
279 32
280 0
281 2
282 0
283 0
284 4
285 0
286 0
287 62
288 8
289 8
290 0
291 0
292 0
293 2
294 4
295 0
296 20
297 0
298 0
299 22
300 0
301 0
302 0
303 0
304 4
305 18
306 0
307 0
308 0
309 48
310 0
311 14
312 0
313 0
314 28
315 0
316 0
317 2
318 0
319 256
320 0
321 0
322 8
323 6
324 28
325 0
326 0
327 0
328 0
329 50
330 0
331 0
332 0
333 0
334 4
335 30
336 0
337 0
338 0
339 48
340 40
341 74
342 0
343 0
344 4
345 0
346 0
347 6
348 0
349 8
350 0
351 0
352 0
353 2
354 4
355 0
356 8
357 0
358 0
359 46
360 0
361 0
362 20
363 0
364 4
365 2
366 0
367 0
368 0
369 8
370 0
371 86
372 0
373 16
374 4
375 0
376 0
377 50
378 0
379 16
380 56
381 0
382 0
383 254
384 4
385 0
386 56
387 0
388 0
389 58
390 8
391 0
392 0
393 0
394 4
395 86
396 0
397 0
398 0
399 64
400 0
401 2
402 20
403 0
404 4
405 0
406 0
407 78
408 0
409 48
410 0
411 0
412 0
413 2
414 4
415 0
416 0
417 0
418 0
419 22
420 0
421 0
422 0
423 0
424 12
425 2
426 0
427 0
428 20
429 8
430 0
431 30
432 0
433 40
434 4
435 0
436 0
437 2
438 0
439 32
440 24
441 16
442 0
443 6
444 4
445 0
446 0
447 0
448 0
449 10
450 0
451 0
452 0
453 0
454 76
455 14
456 0
457 0
458 8
459 16
460 0
461 42
462 0
463 0
464 24
465 0
466 0
467 6
468 0
469 8
470 0
471 0
472 0
473 2
474 4
475 32
476 0
477 0
478 0
479 190
480 0
481 0
482 0
483 0
484 4
485 2
486 0
487 0
488 0
489 8
490 0
491 6
492 8
493 0
494 24
495 320
496 0
497 2
498 0
499 16
500 0
501 0
502 0
503 206
504 4
505 0
506 0
507 224
508 0
509 282
510 252
511 0
512 252
513 288
514 4
515 230
516 0
517 0
518 0
519 224
520 0
521 2
522 0
523 0
524 4
525 0
526 28
527 350
528 0
529 8
530 0
531 0
532 0
533 2
534 4
535 0
536 0
537 0
538 0
539 22
540 0
541 0
542 0
543 256
544 4
545 2
546 0
547 0
548 0
549 8
550 0
551 14
552 0
553 0
554 4
555 0
556 0
557 42
558 0
559 64
560 28
561 0
562 0
563 6
564 4
565 0
566 24
567 0
568 0
569 10
570 0
571 0
572 0
573 0
574 4
575 126
576 0
577 16
578 0
579 16
580 0
581 2
582 0
583 0
584 124
585 0
586 0
587 6
588 20
589 8
590 0
591 0
592 0
593 42
594 12
595 0
596 0
597 0
598 0
599 46
600 0
601 0
602 0
603 0
604 4
605 2
606 0
607 0
608 0
609 8
610 0
611 38
612 0
613 0
614 24
615 0
616 0
617 2
618 0
619 96
620 0
621 0
622 0
623 30
624 4
625 0
626 20
627 0
628 8
629 58
630 0
631 0
632 0
633 0
634 60
635 6
636 0
637 0
638 0
639 512
640 0
641 2
642 0
643 0
644 60
645 16
646 0
647 14
648 0
649 56
650 20
651 0
652 0
653 2
654 4
655 0
656 0
657 0
658 0
659 102
660 0
661 0
662 8
663 0
664 4
665 2
666 0
667 0
668 0
669 8
670 0
671 62
672 0
673 0
674 4
675 0
676 0
677 2
678 0
679 96
680 0
681 80
682 132
683 150
684 4
685 0
686 0
687 0
688 0
689 10
690 0
691 0
692 44
693 0
694 4
695 14
696 8
697 0
698 0
699 16
700 0
701 2
702 0
703 0
704 4
705 0
706 0
707 6
708 0
709 8
710 0
711 0
712 20
713 18
714 28
715 0
716 0
717 0
718 0
719 94
720 0
721 0
722 0
723 0
724 4
725 42
726 0
727 0
728 0
729 8
730 8
731 6
732 0
733 0
734 4
735 0
736 0
737 2
738 0
739 16
740 0
741 0
742 0
743 174
744 4
745 0
746 0
747 32
748 0
749 10
750 0
751 0
752 0
753 0
754 4
755 102
756 0
757 0
758 20
759 32
760 0
761 114
762 0
763 0
764 140
765 0
766 0
767 510
768 0
769 8
770 144
771 0
772 0
773 114
774 24
775 0
776 0
777 0
778 0
779 118
780 0
781 16
782 0
783 0
784 4
785 2
786 0
787 0
788 0
789 8
790 0
791 174
792 0
793 0
794 4
795 0
796 0
797 2
798 8
799 128
800 0
801 0
802 0
803 6
804 4
805 40
806 0
807 0
808 0
809 10
810 0
811 0
812 0
813 0
814 4
815 158
816 0
817 0
818 96
819 96
820 0
821 2
822 0
823 0
824 24
825 0
826 0
827 6
828 0
829 8
830 0
831 0
832 8
833 2
834 4
835 0
836 20
837 0
838 0
839 46
840 0
841 0
842 0
843 0
844 28
845 2
846 0
847 0
848 0
849 24
850 0
851 6
852 0
853 0
854 40
855 0
856 0
857 42
858 0
859 16
860 0
861 0
862 0
863 62
864 4
865 0
866 8
867 80
868 0
869 10
870 0
871 0
872 0
873 0
874 4
875 6
876 0
877 0
878 0
879 64
880 0
881 50
882 0
883 32
884 4
885 0
886 0
887 14
888 56
889 8
890 20
891 0
892 0
893 2
894 4
895 0
896 0
897 0
898 20
899 22
900 8
901 0
902 56
903 0
904 4
905 2
906 0
907 0
908 0
909 152
910 0
911 30
912 0
913 0
914 4
915 0
916 0
917 18
918 0
919 32
920 0
921 0
922 0
923 86
924 4
925 0
926 0
927 0
928 0
929 50
930 0
931 0
932 0
933 0
934 12
935 14
936 0
937 0
938 0
939 16
940 0
941 2
942 0
943 0
944 28
945 0
946 0
947 6
948 0
949 8
950 0
951 64
952 0
953 2
954 4
955 0
956 20
957 0
958 0
959 382
960 20
961 0
962 0
963 0
964 4
965 2
966 0
967 0
968 8
969 8
970 0
971 6
972 0
973 0
974 28
975 0
976 0
977 2
978 0
979 16
980 0
981 0
982 0
983 14
984 4
985 16
986 0
987 0
988 0
989 50
990 0
991 640
992 0
993 0
994 4
995 6
996 0
997 0
998 0
999 32
1000 0
1001 2
1002 8
1003 0
1004 4
1005 0
1006 0
1007 414
1008 0
1009 8
1010 0
1011 0
1012 0
1013 2
1014 4
1015 448
1016 0
1017 0
1018 0
1019 566
1020 0
1021 504
1022 480
1023 0
1024 484
1025 506
1026 0
1027 576
1028 0
1029 8
1030 0
1031 462
1032 0
1033 0
1034 4
1035 0
1036 8
1037 2
1038 0
1039 448
1040 0
1041 0
1042 0
1043 6
1044 4
1045 0
1046 0
1047 0
1048 0
1049 10
1050 0
1051 0
1052 0
1053 56
1054 4
1055 702
1056 0
1057 0
1058 0
1059 16
1060 0
1061 2
1062 0
1063 0
1064 4
1065 0
1066 0
1067 6
1068 0
1069 8
1070 32
1071 0
1072 0
1073 2
1074 4
1075 0
1076 0
1077 0
1078 0
1079 46
1080 0
1081 0
1082 0
1083 0
1084 24
1085 2
1086 0
1087 512
1088 20
1089 8
1090 0
1091 6
1092 0
1093 0
1094 4
1095 0
1096 0
1097 2
1098 0
1099 16
1100 0
1101 0
1102 0
1103 30
1104 36
1105 0
1106 0
1107 0
1108 0
1109 10
1110 0
1111 0
1112 0
1113 0
1114 4
1115 86
1116 0
1117 0
1118 0
1119 128
1120 0
1121 58
1122 0
1123 0
1124 4
1125 0
1126 0
1127 14
1128 0
1129 8
1130 0
1131 0
1132 0
1133 50
1134 4
1135 0
1136 0
1137 0
1138 8
1139 22
1140 0
1141 0
1142 56
1143 0
1144 4
1145 2
1146 20
1147 0
1148 0
1149 8
1150 0
1151 254
1152 0
1153 0
1154 24
1155 32
1156 0
1157 2
1158 0
1159 32
1160 56
1161 0
1162 0
1163 6
1164 4
1165 0
1166 0
1167 0
1168 0
1169 250
1170 0
1171 0
1172 8
1173 0
1174 4
1175 14
1176 0
1177 40
1178 0
1179 16
1180 0
1181 2
1182 0
1183 0
1184 4
1185 0
1186 0
1187 86
1188 0
1189 24
1190 0
1191 0
1192 0
1193 2
1194 4
1195 0
1196 60
1197 0
1198 0
1199 94
1200 0
1201 0
1202 0
1203 0
1204 4
1205 2
1206 8
1207 0
1208 20
1209 8
1210 0
1211 6
1212 0
1213 0
1214 4
1215 0
1216 0
1217 2
1218 0
1219 16
1220 20
1221 0
1222 0
1223 78
1224 4
1225 0
1226 0
1227 0
1228 0
1229 50
1230 0
1231 0
1232 0
1233 0
1234 28
1235 6
1236 0
1237 0
1238 0
1239 192
1240 8
1241 2
1242 0
1243 0
1244 4
1245 0
1246 0
1247 62
1248 0
1249 8
1250 0
1251 0
1252 0
1253 42
1254 4
1255 0
1256 0
1257 16
1258 0
1259 118
1260 0
1261 0
1262 0
1263 0
1264 4
1265 2
1266 0
1267 0
1268 0
1269 120
1270 20
1271 14
1272 0
1273 0
1274 140
1275 0
1276 0
1277 2
1278 0
1279 1024
1280 0
1281 0
1282 0
1283 6
1284 148
1285 0
1286 20
1287 0
1288 0
1289 122
1290 0
1291 32
1292 0
1293 0
1294 4
1295 30
1296 0
1297 0
1298 0
1299 112
1300 0
1301 42
1302 0
1303 0
1304 4
1305 0
1306 0
1307 6
1308 8
1309 8
1310 0
1311 0
1312 0
1313 2
1314 4
1315 0
1316 0
1317 0
1318 0
1319 206
1320 0
1321 0
1322 24
1323 0
1324 4
1325 18
1326 0
1327 0
1328 0
1329 8
1330 0
1331 6
1332 20
1333 0
1334 4
1335 0
1336 0
1337 2
1338 0
1339 16
1340 0
1341 0
1342 8
1343 126
1344 4
1345 0
1346 0
1347 0
1348 0
1349 10
1350 0
1351 0
1352 20
1353 0
1354 4
1355 6
1356 0
1357 0
1358 0
1359 192
1360 0
1361 2
1362 0
1363 160
1364 220
1365 264
1366 0
1367 302
1368 0
1369 8
1370 0
1371 0
1372 0
1373 2
1374 4
1375 0
1376 8
1377 0
1378 0
1379 22
1380 0
1381 0
1382 0
1383 0
1384 4
1385 90
1386 0
1387 0
1388 0
1389 8
1390 0
1391 30
1392 0
1393 16
1394 24
1395 0
1396 56
1397 2
1398 0
1399 32
1400 0
1401 0
1402 0
1403 6
1404 4
1405 0
1406 0
1407 0
1408 0
1409 10
1410 8
1411 0
1412 0
1413 0
1414 4
1415 14
1416 0
1417 0
1418 76
1419 16
1420 0
1421 2
1422 0
1423 0
1424 4
1425 40
1426 0
1427 38
1428 0
1429 56
1430 0
1431 0
1432 0
1433 2
1434 24
1435 0
1436 0
1437 0
1438 0
1439 190
1440 0
1441 0
1442 0
1443 0
1444 12
1445 2
1446 0
1447 0
1448 24
1449 8
1450 0
1451 86
1452 0
1453 0
1454 4
1455 0
1456 20
1457 2
1458 0
1459 16
1460 0
1461 16
1462 0
1463 14
1464 4
1465 0
1466 0
1467 0
1468 0
1469 10
1470 0
1471 0
1472 0
1473 0
1474 4
1475 6
1476 0
1477 0
1478 8
1479 32
1480 0
1481 2
1482 0
1483 0
1484 24
1485 0
1486 0
1487 350
1488 0
1489 8
1490 0
1491 0
1492 0
1493 2
1494 28
1495 64
1496 0
1497 0
1498 0
1499 22
1500 0
1501 0
1502 0
1503 0
1504 4
1505 2
1506 0
1507 0
1508 0
1509 8
1510 0
1511 206
1512 8
1513 0
1514 4
1515 0
1516 0
1517 42
1518 20
1519 64
1520 0
1521 0
1522 0
1523 230
1524 4
1525 0
1526 0
1527 0
1528 0
1529 282
1530 0
1531 0
1532 252
1533 0
1534 4
1535 1022
1536 0
1537 0
1538 252
1539 16
1540 0
1541 290
1542 0
1543 0
1544 4
1545 0
1546 8
1547 230
1548 0
1549 48
1550 20
1551 0
1552 0
1553 2
1554 4
1555 0
1556 0
1557 0
1558 0
1559 238
1560 0
1561 0
1562 0
1563 32
1564 4
1565 2
1566 0
1567 0
1568 0
1569 8
1570 0
1571 6
1572 0
1573 0
1574 28
1575 0
1576 0
1577 2
1578 0
1579 16
1580 28
1581 0
1582 0
1583 350
1584 4
1585 0
1586 0
1587 0
1588 0
1589 10
1590 0
1591 0
1592 0
1593 0
1594 4
1595 6
1596 0
1597 16
1598 0
1599 256
1600 0
1601 2
1602 0
1603 0
1604 4
1605 0
1606 0
1607 14
1608 0
1609 8
1610 0
1611 80
1612 0
1613 2
1614 12
1615 0
1616 20
1617 0
1618 0
1619 22
1620 0
1621 0
1622 0
1623 0
1624 28
1625 2
1626 0
1627 0
1628 0
1629 8
1630 0
1631 318
1632 0
1633 0
1634 4
1635 0
1636 0
1637 194
1638 0
1639 192
1640 0
1641 0
1642 20
1643 6
1644 4
1645 0
1646 0
1647 0
1648 8
1649 50
1650 56
1651 0
1652 0
1653 0
1654 4
1655 14
1656 0
1657 0
1658 0
1659 16
1660 0
1661 2
1662 0
1663 0
1664 4
1665 16
1666 0
1667 6
1668 0
1669 8
1670 0
1671 0
1672 0
1673 42
1674 4
1675 0
1676 56
1677 0
1678 0
1679 94
1680 0
1681 0
1682 28
1683 0
1684 4
1685 2
1686 0
1687 0
1688 0
1689 56
1690 0
1691 6
1692 0
1693 0
1694 4
1695 0
1696 0
1697 2
1698 0
1699 48
1700 24
1701 0
1702 0
1703 14
1704 44
1705 0
1706 0
1707 0
1708 0
1709 82
1710 0
1711 0
1712 0
1713 0
1714 4
1715 86
1716 8
1717 0
1718 0
1719 32
1720 0
1721 2
1722 0
1723 0
1724 4
1725 0
1726 0
1727 126
1728 0
1729 8
1730 0
1731 0
1732 0
1733 18
1734 4
1735 160
1736 0
1737 0
1738 0
1739 22
1740 0
1741 0
1742 0
1743 0
1744 4
1745 2
1746 0
1747 0
1748 20
1749 8
1750 8
1751 14
1752 0
1753 0
1754 124
1755 0
1756 0
1757 2
1758 0
1759 128
1760 0
1761 0
1762 0
1763 102
1764 4
1765 0
1766 20
1767 64
1768 0
1769 10
1770 0
1771 0
1772 0
1773 0
1774 4
1775 30
1776 0
1777 112
1778 0
1779 16
1780 0
1781 42
1782 0
1783 0
1784 140
1785 0
1786 0
1787 6
1788 0
1789 8
1790 0
1791 0
1792 0
1793 2
1794 4
1795 0
1796 0
1797 40
1798 144
1799 46
1800 0
1801 16
1802 0
1803 0
1804 4
1805 114
1806 0
1807 0
1808 0
1809 8
1810 0
1811 6
1812 0
1813 0
1814 24
1815 0
1816 0
1817 2
1818 8
1819 304
1820 0
1821 0
1822 0
1823 62
1824 4
1825 0
1826 24
1827 0
1828 20
1829 10
1830 0
1831 0
1832 0
1833 0
1834 4
1835 38
1836 0
1837 0
1838 0
1839 64
1840 0
1841 2
1842 0
1843 0
1844 24
1845 0
1846 0
1847 174
1848 0
1849 8
1850 0
1851 0
1852 8
1853 2
1854 4
1855 0
1856 0
1857 0
1858 0
1859 102
1860 0
1861 0
1862 0
1863 0
1864 4
1865 2
1866 0
1867 0
1868 0
1869 24
1870 0
1871 30
1872 0
1873 0
1874 4
1875 0
1876 0
1877 2
1878 0
1879 32
1880 56
1881 0
1882 0
1883 6
1884 28
1885 0
1886 8
1887 0
1888 0
1889 58
1890 20
1891 0
1892 0
1893 0
1894 4
1895 14
1896 0
1897 0
1898 0
1899 16
1900 0
1901 2
1902 0
1903 128
1904 60
1905 0
1906 0
1907 6
1908 0
1909 8
1910 0
1911 0
1912 0
1913 42
1914 4
1915 0
1916 0
1917 0
1918 0
1919 766
1920 8
1921 40
1922 0
1923 0
1924 4
1925 2
1926 0
1927 0
1928 0
1929 8
1930 0
1931 6
1932 0
1933 0
1934 60
1935 0
1936 0
1937 18
1938 0
1939 16
1940 0
1941 0
1942 0
1943 14
1944 4
1945 0
1946 20
1947 0
1948 0
1949 58
1950 0
1951 0
1952 44
1953 0
1954 12
1955 6
1956 0
1957 0
1958 0
1959 32
1960 0
1961 2
1962 0
1963 0
1964 4
1965 0
1966 0
1967 30
1968 0
1969 8
1970 0
1971 32
1972 0
1973 2
1974 4
1975 0
1976 0
1977 0
1978 0
1979 102
1980 0
1981 0
1982 0
1983 1280
1984 4
1985 2
1986 0
1987 0
1988 8
1989 8
1990 0
1991 14
1992 0
1993 0
1994 4
1995 0
1996 0
1997 2
1998 0
1999 64
2000 0
2001 0
2002 0
2003 6
2004 4
2005 16
2006 0
2007 0
2008 0
2009 10
2010 0
2011 0
2012 20
2013 0
2014 48
2015 830
2016 0
2017 0
2018 0
2019 16
2020 0
2021 2
2022 8
2023 0
2024 4
2025 0
2026 0
2027 6
2028 0
2029 8
2030 0
2031 896
2032 0
2033 2
2034 4
2035 0
2036 0
2037 0
2038 0
2039 1134
2040 0
2041 0
2042 0
2043 1008
2044 4
2045 962
2046 1056
2047 0
2048 1056
2049 968
2050 0
2051 1014
2052 0
2053 0
2054 4
2055 1152
2056 8
2057 2
2058 0
2059 16
2060 0
2061 0
2062 0
2063 926
2064 4
2065 0
2066 0
2067 0
2068 0
2069 10
2070 0
2071 0
2072 0
2073 16
2074 4
2075 6
2076 20
2077 0
2078 44
2079 896
2080 0
2081 2
2082 0
2083 0
2084 4
2085 0
2086 0
2087 14
2088 0
2089 8
2090 8
2091 0
2092 0
2093 2
2094 4
2095 0
2096 0
2097 0
2098 0
2099 22
2100 0
2101 0
2102 0
2103 0
2104 4
2105 2
2106 0
2107 112
2108 0
2109 8
2110 0
2111 1406
2112 0
2113 0
2114 4
2115 0
2116 0
2117 2
2118 0
2119 32
2120 0
2121 0
2122 0
2123 6
2124 12
2125 0
2126 0
2127 0
2128 0
2129 10
2130 0
2131 0
2132 0
2133 0
2134 4
2135 14
2136 0
2137 0
2138 20
2139 16
2140 0
2141 66
2142 0
2143 0
2144 48
2145 0
2146 0
2147 6
2148 0
2149 8
2150 0
2151 0
2152 0
2153 2
2154 4
2155 0
2156 0
2157 0
2158 64
2159 94
2160 0
2161 0
2162 0
2163 0
2164 4
2165 2
2166 0
2167 0
2168 0
2169 48
2170 0
2171 6
2172 0
2173 0
2174 4
2175 1024
2176 0
2177 42
2178 0
2179 16
2180 0
2181 0
2182 0
2183 14
2184 4
2185 0
2186 0
2187 0
2188 0
2189 10
2190 0
2191 0
2192 64
2193 0
2194 4
2195 6
2196 0
2197 0
2198 0
2199 32
2200 20
2201 2
2202 0
2203 0
2204 28
2205 0
2206 0
2207 62
2208 0
2209 72
2210 20
2211 0
2212 0
2213 2
2214 4
2215 0
2216 0
2217 0
2218 0
2219 22
2220 0
2221 0
2222 36
2223 0
2224 4
2225 2
2226 8
2227 0
2228 0
2229 8
2230 0
2231 174
2232 0
2233 0
2234 4
2235 0
2236 0
2237 2
2238 0
2239 256
2240 0
2241 0
2242 0
2243 118
2244 4
2245 0
2246 0
2247 0
2248 0
2249 10
2250 0
2251 0
2252 0
2253 0
2254 24
2255 30
2256 0
2257 0
2258 0
2259 16
2260 8
2261 2
2262 20
2263 0
2264 4
2265 0
2266 0
2267 102
2268 0
2269 8
2270 0
2271 0
2272 0
2273 2
2274 76
2275 0
2276 20
2277 16
2278 0
2279 46
2280 0
2281 0
2282 0
2283 0
2284 4
2285 114
2286 0
2287 0
2288 0
2289 8
2290 0
2291 6
2292 0
2293 40
2294 140
2295 0
2296 0
2297 2
2298 0
2299 16
2300 0
2301 0
2302 0
2303 510
2304 4
2305 0
2306 0
2307 0
2308 0
2309 50
2310 0
2311 64
2312 144
2313 0
2314 4
2315 6
2316 0
2317 0
2318 0
2319 64
2320 0
2321 114
2322 0
2323 0
2324 24
2325 0
2326 0
2327 14
2328 8
2329 8
2330 24
2331 0
2332 0
2333 2
2334 4
2335 0
2336 0
2337 0
2338 0
2339 502
2340 0
2341 0
2342 20
2343 0
2344 4
2345 18
2346 0
2347 0
2348 0
2349 8
2350 0
2351 30
2352 0
2353 0
2354 4
2355 80
2356 0
2357 2
2358 0
2359 32
2360 0
2361 0
2362 8
2363 6
2364 4
2365 0
2366 0
2367 0
2368 0
2369 10
2370 0
2371 0
2372 0
2373 0
2374 4
2375 174
2376 0
2377 0
2378 0
2379 48
2380 0
2381 2
2382 0
2383 0
2384 4
2385 0
2386 40
2387 6
2388 0
2389 8
2390 0
2391 0
2392 0
2393 122
2394 4
2395 0
2396 8
2397 0
2398 0
2399 190
2400 0
2401 0
2402 0
2403 0
2404 28
2405 2
2406 0
2407 0
2408 20
2409 8
2410 0
2411 6
2412 56
2413 16
2414 4
2415 0
2416 0
2417 42
2418 0
2419 16
2420 0
2421 0
2422 0
2423 14
2424 4
2425 0
2426 0
2427 0
2428 0
2429 10
2430 8
2431 0
2432 0
2433 0
2434 4
2435 6
2436 0
2437 0
2438 0
2439 32
2440 0
2441 42
2442 0
2443 0
2444 4
2445 0
2446 0
2447 158
2448 20
2449 8
2450 56
2451 0
2452 0
2453 2
2454 4
2455 0
2456 96
2457 0
2458 0
2459 102
2460 0
2461 0
2462 0
2463 0
2464 12
2465 2
2466 0
2467 0
2468 0
2469 56
2470 0
2471 14
2472 0
2473 0
2474 24
2475 0
2476 0
2477 2
2478 0
2479 384
2480 0
2481 16
2482 0
2483 6
2484 4
2485 0
2486 0
2487 0
2488 0
2489 10
2490 0
2491 0
2492 0
2493 0
2494 4
2495 126
2496 0
2497 0
2498 8
2499 16
2500 0
2501 2
2502 0
2503 0
2504 4
2505 0
2506 0
2507 86
2508 0
2509 8
2510 20
2511 0
2512 0
2513 2
2514 4
2515 32
2516 0
2517 0
2518 0
2519 238
2520 0
2521 0
2522 0
2523 0
2524 4
2525 2
2526 0
2527 0
2528 0
2529 8
2530 0
2531 6
2532 8
2533 0
2534 28
2535 0
2536 0
2537 2
2538 0
2539 240
2540 20
2541 40
2542 0
2543 30
2544 4
2545 0
2546 0
2547 0
2548 0
2549 282
2550 0
2551 0
2552 0
2553 0
2554 256
2555 6
2556 0
2557 0
2558 0
2559 2048
2560 0
2561 2
2562 0
2563 0
2564 256
2565 0
2566 8
2567 14
2568 0
2569 296
2570 0
2571 0
2572 20
2573 42
2574 4
2575 0
2576 0
2577 0
2578 0
2579 246
2580 0
2581 0
2582 24
2583 64
2584 4
2585 2
2586 0
2587 0
2588 0
2589 8
2590 0
2591 62
2592 0
2593 0
2594 4
2595 0
2596 0
2597 2
2598 0
2599 224
2600 8
2601 0
2602 0
2603 86
2604 4
2605 0
2606 20
2607 0
2608 0
2609 10
2610 0
2611 0
2612 0
2613 0
2614 4
2615 14
2616 0
2617 16
2618 0
2619 16
2620 0
2621 2
2622 0
2623 0
2624 4
2625 0
2626 0
2627 6
2628 0
2629 8
2630 0
2631 0
2632 0
2633 2
2634 32
2635 0
2636 0
2637 0
2638 0
2639 414
2640 0
2641 0
2642 0
2643 0
2644 4
2645 50
2646 0
2647 0
2648 0
2649 8
2650 0
2651 38
2652 0
2653 0
2654 4
2655 0
2656 0
2657 2
2658 0
2659 16
2660 0
2661 0
2662 0
2663 14
2664 48
2665 40
2666 56
2667 0
2668 8
2669 10
2670 0
2671 0
2672 20
2673 0
2674 4
2675 6
2676 0
2677 0
2678 0
2679 32
2680 0
2681 2
2682 0
2683 0
2684 4
2685 16
2686 0
2687 254
2688 0
2689 8
2690 0
2691 0
2692 0
2693 2
2694 4
2695 0
2696 20
2697 0
2698 0
2699 22
2700 0
2701 0
2702 8
2703 0
2704 4
2705 42
2706 0
2707 0
2708 80
2709 8
2710 0
2711 14
2712 0
2713 0
2714 4
2715 0
2716 0
2717 2
2718 0
2719 384
2720 0
2721 0
2722 0
2723 6
2724 4
2725 0
2726 0
2727 320
2728 0
2729 442
2730 468
2731 528
2732 0
2733 0
2734 4
2735 606
2736 8
2737 0
2738 20
2739 16
2740 0
2741 2
2742 0
2743 0
2744 4
2745 0
2746 0
2747 6
2748 0
2749 8
2750 0
2751 0
2752 0
2753 18
2754 4
2755 0
2756 0
2757 0
2758 20
2759 46
2760 0
2761 0
2762 0
2763 0
2764 4
2765 2
2766 0
2767 0
2768 0
2769 8
2770 8
2771 182
2772 0
2773 0
2774 4
2775 0
2776 0
2777 2
2778 0
2779 16
2780 0
2781 0
2782 0
2783 62
2784 4
2785 0
2786 0
2787 32
2788 0
2789 50
2790 0
2791 0
2792 0
2793 112
2794 28
2795 6
2796 0
2797 0
2798 0
2799 64
2800 0
2801 2
2802 0
2803 0
2804 160
2805 0
2806 0
2807 14
2808 0
2809 8
2810 0
2811 0
2812 0
2813 2
2814 4
2815 0
2816 0
2817 0
2818 0
2819 22
2820 20
2821 16
2822 0
2823 0
2824 4
2825 2
2826 144
2827 0
2828 0
2829 8
2830 0
2831 30
2832 0
2833 0
2834 28
2835 0
2836 0
2837 154
2838 8
2839 32
2840 0
2841 0
2842 0
2843 6
2844 4
2845 0
2846 0
2847 0
2848 0
2849 10
2850 0
2851 80
2852 0
2853 0
2854 4
2855 78
2856 0
2857 0
2858 0
2859 112
2860 0
2861 2
2862 0
2863 0
2864 4
2865 0
2866 0
2867 6
2868 0
2869 48
2870 20
2871 0
2872 8
2873 2
2874 4
2875 0
2876 0
2877 0
2878 0
2879 382
2880 0
2881 0
2882 20
2883 0
2884 4
2885 2
2886 0
2887 0
2888 0
2889 24
2890 0
2891 6
2892 0
2893 0
2894 4
2895 0
2896 0
2897 50
2898 0
2899 16
2900 0
2901 0
2902 0
2903 174
2904 4
2905 0
2906 44
2907 0
2908 0
2909 10
2910 0
2911 0
2912 0
2913 40
2914 4
2915 6
2916 0
2917 0
2918 0
2919 32
2920 56
2921 2
2922 0
2923 32
2924 124
2925 0
2926 0
2927 30
2928 0
2929 8
2930 0
2931 0
2932 0
2933 2
2934 4
2935 0
2936 20
2937 0
2938 0
2939 22
2940 8
2941 0
2942 0
2943 0
2944 24
2945 2
2946 0
2947 0
2948 0
2949 8
2950 0
2951 14
2952 0
2953 0
2954 4
2955 0
2956 0
2957 18
2958 0
2959 64
2960 24
2961 0
2962 0
2963 6
2964 4
2965 0
2966 56
2967 0
2968 0
2969 50
2970 0
2971 0
2972 0
2973 0
2974 12
2975 702
2976 0
2977 0
2978 180
2979 16
2980 0
2981 2
2982 0
2983 0
2984 4
2985 0
2986 0
2987 6
2988 0
2989 56
2990 0
2991 128
2992 0
2993 2
2994 4
2995 0
2996 0
2997 0
2998 0
2999 46
3000 0
3001 0
3002 20
3003 0
3004 4
3005 2
3006 20
3007 0
3008 8
3009 8
3010 0
3011 6
3012 0
3013 0
3014 4
3015 0
3016 0
3017 2
3018 0
3019 16
3020 0
3021 0
3022 0
3023 414
3024 4
3025 16
3026 0
3027 0
3028 0
3029 10
3030 0
3031 0
3032 0
3033 0
3034 4
3035 86
3036 0
3037 40
3038 0
3039 128
3040 0
3041 2
3042 8
3043 0
3044 4
3045 0
3046 0
3047 462
3048 0
3049 8
3050 0
3051 0
3052 0
3053 2
3054 28
3055 0
3056 0
3057 0
3058 0
3059 566
3060 0
3061 0
3062 0
3063 0
3064 4
3065 506
3066 0
3067 0
3068 480
3069 8
3070 0
3071 2046
3072 0
3073 0
3074 484
3075 0
3076 8
3077 506
3078 0
3079 32
3080 0
3081 0
3082 0
3083 582
3084 4
3085 0
3086 24
3087 0
3088 0
3089 10
3090 0
3091 0
3092 0
3093 16
3094 4
3095 462
3096 0
3097 0
3098 0
3099 96
3100 0
3101 42
3102 0
3103 0
3104 4
3105 0
3106 0
3107 6
3108 0
3109 8
3110 8
3111 0
3112 0
3113 2
3114 4
3115 0
3116 0
3117 0
3118 0
3119 478
3120 0
3121 0
3122 0
3123 0
3124 4
3125 2
3126 0
3127 64
3128 0
3129 8
3130 20
3131 6
3132 0
3133 0
3134 24
3135 0
3136 0
3137 2
3138 0
3139 16
3140 0
3141 0
3142 0
3143 14
3144 12
3145 0
3146 0
3147 0
3148 0
3149 58
3150 0
3151 0
3152 0
3153 0
3154 4
3155 6
3156 0
3157 0
3158 0
3159 32
3160 0
3161 58
3162 0
3163 0
3164 4
3165 0
3166 0
3167 702
3168 0
3169 8
3170 0
3171 0
3172 0
3173 2
3174 60
3175 0
3176 0
3177 0
3178 8
3179 22
3180 0
3181 0
3182 0
3183 0
3184 76
3185 2
3186 0
3187 0
3188 0
3189 8
3190 0
3191 14
3192 20
3193 0
3194 4
3195 32
3196 0
3197 2
3198 0
3199 512
3200 20
3201 0
3202 0
3203 6
3204 4
3205 0
3206 0
3207 0
3208 0
3209 10
3210 0
3211 0
3212 32
3213 0
3214 4
3215 30
3216 0
3217 0
3218 0
3219 16
3220 0
3221 2
3222 0
3223 160
3224 60
3225 0
3226 0
3227 6
3228 0
3229 24
3230 0
3231 0
3232 0
3233 42
3234 4
3235 0
3236 0
3237 0
3238 0
3239 46
3240 0
3241 0
3242 0
3243 0
3244 4
3245 2
3246 8
3247 0
3248 36
3249 56
3250 0
3251 6
3252 0
3253 0
3254 24
3255 0
3256 0
3257 2
3258 0
3259 16
3260 0
3261 0
3262 0
3263 638
3264 4
3265 0
3266 20
3267 0
3268 0
3269 10
3270 0
3271 0
3272 0
3273 0
3274 4
3275 390
3276 336
3277 0
3278 0
3279 384
3280 8
3281 2
3282 0
3283 0
3284 4
3285 40
3286 0
3287 14
3288 0
3289 8
3290 0
3291 0
3292 0
3293 2
3294 4
3295 0
3296 0
3297 16
3298 0
3299 102
3300 0
3301 112
3302 0
3303 0
3304 4
3305 2
3306 0
3307 0
3308 0
3309 8
3310 0
3311 30
3312 0
3313 0
3314 164
3315 0
3316 20
3317 2
3318 0
3319 32
3320 0
3321 0
3322 0
3323 6
3324 4
3325 0
3326 0
3327 0
3328 0
3329 10
3330 0
3331 32
3332 20
3333 0
3334 4
3335 14
3336 0
3337 0
3338 24
3339 16
3340 144
3341 2
3342 0
3343 0
3344 4
3345 0
3346 0
3347 86
3348 8
3349 8
3350 0
3351 0
3352 0
3353 114
3354 4
3355 0
3356 0
3357 0
3358 0
3359 190
3360 0
3361 0
3362 0
3363 0
3364 4
3365 58
3366 0
3367 0
3368 0
3369 8
3370 0
3371 6
3372 0
3373 0
3374 4
3375 0
3376 0
3377 2
3378 20
3379 112
3380 0
3381 0
3382 8
3383 14
3384 4
3385 0
3386 0
3387 0
3388 0
3389 10
3390 0
3391 0
3392 0
3393 0
3394 4
3395 6
3396 0
3397 0
3398 20
3399 96
3400 0
3401 50
3402 0
3403 0
3404 4
3405 0
3406 0
3407 30
3408 0
3409 88
3410 0
3411 0
3412 0
3413 2
3414 136
3415 0
3416 8
3417 0
3418 0
3419 166
3420 0
3421 0
3422 0
3423 0
3424 4
3425 2
3426 0
3427 0
3428 56
3429 8
3430 0
3431 174
3432 0
3433 16
3434 4
3435 0
3436 0
3437 2
3438 0
3439 64
3440 20
3441 0
3442 0
3443 6
3444 28
3445 0
3446 0
3447 0
3448 0
3449 10
3450 8
3451 0
3452 0
3453 0
3454 4
3455 254
3456 0
3457 0
3458 0
3459 16
3460 0
3461 2
3462 0
3463 0
3464 48
3465 0
3466 0
3467 38
3468 0
3469 8
3470 0
3471 320
3472 0
3473 2
3474 4
3475 0
3476 0
3477 0
3478 0
3479 46
3480 0
3481 0
3482 56
3483 0
3484 32
3485 2
3486 0
3487 0
3488 0
3489 8
3490 0
3491 6
3492 0
3493 0
3494 4
3495 0
3496 0
3497 42
3498 0
3499 16
3500 0
3501 16
3502 20
3503 30
3504 4
3505 0
3506 0
3507 0
3508 0
3509 250
3510 0
3511 0
3512 0
3513 0
3514 4
3515 6
3516 0
3517 0
3518 8
3519 256
3520 0
3521 2
3522 0
3523 0
3524 4
3525 0
3526 0
3527 206
3528 0
3529 8
3530 20
3531 0
3532 0
3533 42
3534 4
3535 128
3536 0
3537 0
3538 0
3539 22
3540 0
3541 0
3542 0
3543 0
3544 4
3545 2
3546 0
3547 0
3548 0
3549 8
3550 0
3551 62
3552 8
3553 0
3554 4
3555 224
3556 0
3557 2
3558 0
3559 32
3560 0
3561 0
3562 0
3563 86
3564 24
3565 0
3566 0
3567 0
3568 0
3569 282
3570 0
3571 0
3572 0
3573 0
3574 28
3575 14
3576 252
3577 0
3578 0
3579 16
3580 0
3581 2
3582 0
3583 0
3584 4
3585 0
3586 8
3587 6
3588 0
3589 8
3590 276
3591 0
3592 0
3593 2
3594 4
3595 80
3596 20
3597 288
3598 0
3599 94
3600 0
3601 0
3602 0
3603 32
3604 4
3605 2
3606 0
3607 0
3608 0
3609 8
3610 0
3611 230
3612 0
3613 0
3614 4
3615 0
3616 0
3617 2
3618 0
3619 16
3620 8
3621 0
3622 0
3623 14
3624 4
3625 0
3626 20
3627 0
3628 0
3629 50
3630 0
3631 0
3632 0
3633 0
3634 4
3635 6
3636 0
3637 16
3638 0
3639 608
3640 120
3641 2
3642 0
3643 0
3644 4
3645 0
3646 0
3647 126
3648 0
3649 8
3650 0
3651 0
3652 0
3653 50
3654 12
3655 0
3656 0
3657 40
3658 0
3659 22
3660 0
3661 0
3662 20
3663 0
3664 4
3665 2
3666 0
3667 0
3668 0
3669 8
3670 0
3671 78
3672 0
3673 0
3674 4
3675 0
3676 0
3677 2
3678 0
3679 128
3680 0
3681 0
3682 56
3683 6
3684 4
3685 0
3686 0
3687 0
3688 28
3689 50
3690 0
3691 0
3692 0
3693 0
3694 4
3695 350
3696 0
3697 0
3698 0
3699 16
3700 0
3701 2
3702 0
3703 0
3704 28
3705 16
3706 0
3707 6
3708 0
3709 8
3710 0
3711 0
3712 0
3713 2
3714 4
3715 0
3716 24
3717 0
3718 0
3719 206
3720 0
3721 0
3722 8
3723 0
3724 4
3725 2
3726 0
3727 0
3728 20
3729 8
3730 0
3731 6
3732 0
3733 0
3734 4
3735 0
3736 0
3737 2
3738 0
3739 48
3740 56
3741 0
3742 0
3743 62
3744 4
3745 0
3746 0
3747 0
3748 0
3749 10
3750 40
3751 0
3752 0
3753 0
3754 4
3755 6
3756 8
3757 0
3758 0
3759 64
3760 0
3761 114
3762 0
3763 0
3764 4
3765 0
3766 0
3767 14
3768 0
3769 56
3770 0
3771 0
3772 0
3773 18
3774 4
3775 0
3776 0
3777 0
3778 0
3779 118
3780 0
3781 40
3782 0
3783 0
3784 4
3785 2
3786 0
3787 0
3788 0
3789 8
3790 8
3791 30
3792 0
3793 0
3794 24
3795 0
3796 0
3797 2
3798 0
3799 32
3800 0
3801 0
3802 0
3803 6
3804 4
3805 0
3806 0
3807 256
3808 0
3809 122
3810 0
3811 0
3812 20
3813 0
3814 4
3815 14
3816 0
3817 0
3818 0
3819 16
3820 0
3821 2
3822 0
3823 0
3824 140
3825 0
3826 0
3827 86
3828 0
3829 8
3830 0
3831 0
3832 0
3833 2
3834 28
3835 0
3836 0
3837 0
3838 0
3839 1534
3840 0
3841 16
3842 24
3843 80
3844 4
3845 2
3846 0
3847 0
3848 0
3849 8
3850 0
3851 6
3852 0
3853 0
3854 212
3855 0
3856 0
3857 2
3858 8
3859 16
3860 20
3861 0
3862 0
3863 14
3864 4
3865 0
3866 0
3867 0
3868 0
3869 122
3870 0
3871 0
3872 0
3873 0
3874 24
3875 38
3876 0
3877 0
3878 0
3879 32
3880 0
3881 2
3882 0
3883 0
3884 4
3885 0
3886 0
3887 30
3888 0
3889 8
3890 0
3891 0
3892 8
3893 42
3894 24
3895 0
3896 0
3897 0
3898 0
3899 118
3900 0
3901 0
3902 0
3903 0
3904 4
3905 90
3906 0
3907 0
3908 0
3909 24
3910 0
3911 14
3912 0
3913 0
3914 4
3915 0
3916 0
3917 2
3918 0
3919 64
3920 0
3921 0
3922 0
3923 6
3924 4
3925 0
3926 28
3927 0
3928 0
3929 10
3930 0
3931 0
3932 36
3933 0
3934 4
3935 62
3936 76
3937 0
3938 0
3939 16
3940 0
3941 2
3942 0
3943 64
3944 4
3945 0
3946 0
3947 6
3948 0
3949 8
3950 0
3951 0
3952 0
3953 2
3954 4
3955 0
3956 0
3957 0
3958 0
3959 206
3960 8
3961 0
3962 0
3963 0
3964 28
3965 2
3966 0
3967 2560
3968 24
3969 8
3970 0
3971 6
3972 0
3973 0
3974 4
3975 0
3976 0
3977 18
3978 0
3979 16
3980 0
3981 0
3982 0
3983 30
3984 4
3985 0
3986 0
3987 0
3988 0
3989 10
3990 0
3991 0
3992 20
3993 0
3994 12
3995 6
3996 0
3997 0
3998 76
3999 128
4000 0
4001 2
4002 0
4003 0
4004 4
4005 0
4006 0
4007 14
4008 0
4009 8
4010 0
4011 32
4012 0
4013 2
4014 4
4015 0
4016 0
4017 0
4018 0
4019 22
4020 0
4021 0
4022 0
4023 0
4024 4
4025 42
4026 0
4027 0
4028 8
4029 96
4030 0
4031 1662
4032 0
4033 0
4034 4
4035 0
4036 0
4037 2
4038 0
4039 32
4040 0
4041 0
4042 0
4043 6
4044 4
4045 16
4046 0
4047 0
4048 0
4049 10
4050 0
4051 0
4052 0
4053 0
4054 4
4055 14
4056 0
4057 0
4058 20
4059 16
4060 20
4061 2
4062 8
4063 1792
4064 4
4065 0
4066 0
4067 6
4068 0
4069 8
4070 0
4071 0
4072 0
4073 2
4074 4
4075 0
4076 0
4077 0
4078 0
4079 2270
4080 0
4081 0
4082 0
4083 0
4084 4
4085 2
4086 0
4087 2016
4088 0
4089 8
4090 0
4091 1926
4092 0
4093 2112
4094 2068
4095 0
4096 2072
4097 2114
4098 0
4099 1936
4100 0
4101 0
4102 0
4103 2030
4104 4
4105 0
4106 0
4107 0
4108 0
4109 10
4110 0
4111 2304
4112 0
4113 16
4114 4
4115 6
4116 0
4117 0
4118 0
4119 32
4120 0
4121 2
4122 20
4123 0
4124 24
4125 0
4126 0
4127 1854
4128 0
4129 8
4130 8
4131 0
4132 0
4133 2
4134 4
4135 0
4136 0
4137 0
4138 0
4139 22
4140 0
4141 0
4142 0
4143 0
4144 4
4145 2
4146 0
4147 32
4148 0
4149 8
4150 0
4151 14
4152 0
4153 40
4154 4
4155 0
4156 0
4157 90
4158 0
4159 1792
4160 0
4161 0
4162 0
4163 6
4164 12
4165 0
4166 0
4167 0
4168 0
4169 10
4170 0
4171 0
4172 0
4173 0
4174 4
4175 30
4176 0
4177 0
4178 0
4179 16
4180 0
4181 18
4182 0
4183 0
4184 24
4185 0
4186 0
4187 6
4188 0
4189 8
4190 76
4191 0
4192 0
4193 2
4194 4
4195 0
4196 0
4197 0
4198 8
4199 46
4200 0
4201 0
4202 0
4203 0
4204 4
4205 2
4206 0
4207 0
4208 0
4209 8
4210 0
4211 6
4212 0
4213 0
4214 4
4215 224
4216 0
4217 2
4218 0
4219 16
4220 24
4221 0
4222 0
4223 2814
4224 28
4225 0
4226 0
4227 0
4228 0
4229 10
4230 0
4231 0
4232 8
4233 0
4234 4
4235 6
4236 0
4237 0
4238 0
4239 64
4240 0
4241 2
4242 0
4243 0
4244 4
4245 0
4246 20
4247 14
4248 0
4249 24
4250 0
4251 0
4252 0
4253 2
4254 4
4255 0
4256 76
4257 0
4258 0
4259 22
4260 0
4261 0
4262 0
4263 0
4264 4
4265 2
4266 8
4267 0
4268 0
4269 8
4270 0
4271 30
4272 0
4273 0
4274 40
4275 0
4276 0
4277 42
4278 0
4279 32
4280 0
4281 0
4282 0
4283 134
4284 4
4285 0
4286 0
4287 0
4288 0
4289 98
4290 0
4291 0
4292 0
4293 0
4294 4
4295 14
4296 0
4297 0
4298 0
4299 16
4300 8
4301 2
4302 0
4303 0
4304 24
4305 0
4306 0
4307 6
4308 20
4309 8
4310 0
4311 0
4312 0
4313 2
4314 4
4315 0
4316 0
4317 128
4318 0
4319 190
4320 0
4321 0
4322 20
4323 0
4324 4
4325 2
4326 0
4327 0
4328 0
4329 8
4330 0
4331 6
4332 0
4333 0
4334 140
4335 0
4336 0
4337 2
4338 0
4339 96
4340 0
4341 0
4342 0
4343 14
4344 4
4345 0
4346 24
4347 0
4348 0
4349 10
4350 0
4351 2048
4352 0
4353 0
4354 28
4355 86
4356 0
4357 0
4358 0
4359 32
4360 0
4361 2
4362 0
4363 0
4364 4
4365 0
4366 0
4367 30
4368 280
4369 8
4370 20
4371 0
4372 0
4373 2
4374 4
4375 0
4376 0
4377 0
4378 0
4379 22
4380 0
4381 0
4382 0
4383 0
4384 4
4385 130
4386 0
4387 0
4388 20
4389 8
4390 0
4391 14
4392 0
4393 0
4394 4
4395 0
4396 0
4397 2
4398 0
4399 64
4400 0
4401 40
4402 8
4403 6
4404 4
4405 0
4406 0
4407 0
4408 0
4409 58
4410 0
4411 0
4412 0
4413 0
4414 4
4415 126
4416 0
4417 0
4418 0
4419 144
4420 0
4421 42
4422 0
4423 0
4424 4
4425 0
4426 0
4427 6
4428 0
4429 8
4430 0
4431 0
4432 40
4433 2
4434 4
4435 0
4436 8
4437 0
4438 0
4439 46
4440 0
4441 0
4442 0
4443 0
4444 60
4445 74
4446 0
4447 0
4448 0
4449 8
4450 0
4451 6
4452 0
4453 16
4454 24
4455 0
4456 0
4457 2
4458 0
4459 16
4460 0
4461 0
4462 0
4463 350
4464 4
4465 0
4466 0
4467 0
4468 0
4469 10
4470 8
4471 0
4472 24
4473 0
4474 4
4475 6
4476 0
4477 0
4478 0
4479 512
4480 0
4481 2
4482 0
4483 0
4484 28
4485 0
4486 0
4487 238
4488 0
4489 8
4490 0
4491 0
4492 0
4493 2
4494 24
4495 0
4496 0
4497 0
4498 0
4499 22
4500 0
4501 0
4502 0
4503 0
4504 12
4505 2
4506 0
4507 0
4508 0
4509 48
4510 0
4511 62
4512 0
4513 0
4514 60
4515 0
4516 0
4517 2
4518 0
4519 32
4520 20
4521 16
4522 0
4523 6
4524 4
4525 40
4526 0
4527 0
4528 0
4529 10
4530 0
4531 0
4532 0
4533 0
4534 4
4535 206
4536 0
4537 0
4538 8
4539 16
4540 0
4541 2
4542 0
4543 0
4544 4
4545 0
4546 0
4547 6
4548 0
4549 152
4550 0
4551 0
4552 0
4553 42
4554 4
4555 32
4556 20
4557 0
4558 0
4559 94
4560 0
4561 0
4562 0
4563 0
4564 4
4565 2
4566 0
4567 0
4568 0
4569 8
4570 0
4571 230
4572 8
4573 0
4574 4
4575 0
4576 0
4577 2
4578 0
4579 16
4580 0
4581 0
4582 0
4583 14
4584 4
4585 0
4586 20
4587 80
4588 0
4589 282
4590 0
4591 0
4592 0
4593 0
4594 4
4595 6
4596 0
4597 0
4598 276
4599 32
4600 0
4601 2
4602 0
4603 0
4604 4
4605 0
4606 8
4607 1022
4608 0
4609 8
4610 0
4611 0
4612 0
4613 2
4614 28
4615 0
4616 252
4617 0
4618 20
4619 102
4620 0
4621 0
4622 0
4623 128
4624 4
4625 290
4626 0
4627 0
4628 0
4629 8
4630 0
4631 14
4632 0
4633 0
4634 4
4635 0
4636 0
4637 2
4638 0
4639 128
4640 8
4641 0
4642 0
4643 230
4644 4
4645 0
4646 0
4647 0
4648 0
4649 50
4650 0
4651 0
4652 20
4653 0
4654 4
4655 30
4656 0
4657 16
4658 0
4659 16
4660 0
4661 50
4662 0
4663 0
4664 4
4665 0
4666 0
4667 6
4668 0
4669 8
4670 0
4671 0
4672 0
4673 2
4674 12
4675 0
4676 0
4677 0
4678 0
4679 1006
4680 380
4681 0
4682 0
4683 0
4684 4
4685 42
4686 0
4687 0
4688 0
4689 8
4690 0
4691 38
4692 0
4693 0
4694 4
4695 0
4696 0
4697 2
4698 56
4699 16
4700 0
4701 0
4702 0
4703 62
4704 4
4705 0
4706 0
4707 0
4708 8
4709 10
4710 0
4711 160
4712 0
4713 0
4714 24
4715 6
4716 0
4717 0
4718 20
4719 64
4720 0
4721 2
4722 0
4723 0
4724 28
4725 16
4726 0
4727 14
4728 0
4729 8
4730 0
4731 0
4732 0
4733 2
4734 4
4735 0
4736 0
4737 0
4738 0
4739 22
4740 0
4741 0
4742 28
4743 0
4744 28
4745 2
4746 0
4747 0
4748 0
4749 8
4750 0
4751 350
4752 0
4753 0
4754 4
4755 0
4756 0
4757 2
4758 0
4759 96
4760 0
4761 0
4762 0
4763 6
4764 4
4765 0
4766 0
4767 0
4768 0
4769 10
4770 0
4771 0
4772 56
4773 80
4774 4
4775 14
4776 8
4777 0
4778 0
4779 16
4780 132
4781 2
4782 0
4783 0
4784 24
4785 0
4786 0
4787 246
4788 0
4789 8
4790 0
4791 0
4792 0
4793 18
4794 4
4795 0
4796 0
4797 0
4798 0
4799 382
4800 0
4801 0
4802 0
4803 0
4804 24
4805 2
4806 0
4807 0
4808 0
4809 56
4810 8
4811 6
4812 0
4813 0
4814 4
4815 0
4816 0
4817 42
4818 0
4819 16
4820 0
4821 0
4822 0
4823 14
4824 4
4825 112
4826 0
4827 32
4828 0
4829 10
4830 0
4831 0
4832 0
4833 0
4834 4
4835 86
4836 0
4837 0
4838 0
4839 32
4840 0
4841 2
4842 0
4843 0
4844 140
4845 0
4846 0
4847 30
4848 0
4849 8
4850 44
4851 0
4852 0
4853 2
4854 4
4855 0
4856 0
4857 0
4858 0
4859 22
4860 0
4861 16
4862 0
4863 0
4864 4
4865 2
4866 20
4867 0
4868 0
4869 8
4870 0
4871 14
4872 0
4873 0
4874 28
4875 0
4876 0
4877 2
4878 8
4879 64
4880 0
4881 0
4882 144
4883 86
4884 4
4885 0
4886 0
4887 0
4888 0
4889 10
4890 0
4891 0
4892 0
4893 0
4894 4
4895 318
4896 0
4897 40
4898 0
4899 16
4900 0
4901 114
4902 0
4903 0
4904 4
4905 0
4906 0
4907 6
4908 0
4909 8
4910 0
4911 0
4912 8
4913 194
4914 4
4915 0
4916 20
4917 0
4918 0
4919 206
4920 0
4921 0
4922 0
4923 0
4924 4
4925 2
4926 0
4927 0
4928 20
4929 24
4930 0
4931 6
4932 0
4933 0
4934 4
4935 0
4936 0
4937 2
4938 0
4939 112
4940 0
4941 0
4942 0
4943 30
4944 4
4945 0
4946 8
4947 0
4948 0
4949 50
4950 0
4951 0
4952 56
4953 0
4954 4
4955 6
4956 0
4957 0
4958 36
4959 768
4960 0
4961 2
4962 0
4963 32
4964 4
4965 0
4966 0
4967 14
4968 0
4969 8
4970 0
4971 0
4972 0
4973 2
4974 4
4975 0
4976 24
4977 0
4978 0
4979 22
4980 8
4981 0
4982 20
4983 0
4984 4
4985 2
4986 0
4987 0
4988 0
4989 8
4990 20
4991 254
4992 0
4993 0
4994 4
4995 0
4996 0
4997 18
4998 0
4999 32
5000 0
5001 0
5002 0
5003 6
5004 76
5005 0
5006 0
5007 0
5008 0
5009 10
5010 0
5011 0
5012 0
5013 0
5014 12
5015 174
5016 0
5017 0
5018 0
5019 16
5020 0
5021 42
5022 0
5023 0
5024 4
5025 0
5026 0
5027 6
5028 0
5029 8
5030 56
5031 64
5032 0
5033 2
5034 4
5035 0
5036 0
5037 0
5038 0
5039 478
5040 0
5041 0
5042 0
5043 0
5044 4
5045 2
5046 0
5047 0
5048 28
5049 8
5050 0
5051 6
5052 20
5053 0
5054 4
5055 0
5056 0
5057 2
5058 0
5059 16
5060 0
5061 0
5062 0
5063 14
5064 4
5065 16
5066 0
5067 0
5068 0
5069 58
5070 0
5071 0
5072 0
5073 0
5074 4
5075 6
5076 0
5077 0
5078 0
5079 480
5080 0
5081 42
5082 8
5083 80
5084 4
5085 0
5086 0
5087 62
5088 0
5089 8
5090 0
5091 0
5092 0
5093 2
5094 4
5095 0
5096 0
5097 0
5098 0
5099 566
5100 0
5101 0
5102 24
5103 0
5104 4
5105 2
5106 0
5107 0
5108 0
5109 512
5110 0
5111 14
5112 0
5113 0
5114 484
5115 0
5116 8
5117 2
5118 0
5119 4096
5120 0
5121 0
5122 0
5123 6
5124 484
5125 0
5126 0
5127 0
5128 0
5129 514
5130 0
5131 0
5132 0
5133 16
5134 28
5135 30
5136 0
5137 0
5138 0
5139 592
5140 0
5141 2
5142 0
5143 0
5144 4
5145 40
5146 0
5147 86
5148 0
5149 8
5150 8
5151 0
5152 0
5153 2
5154 4
5155 0
5156 0
5157 0
5158 0
5159 494
5160 0
5161 0
5162 0
5163 0
5164 4
5165 50
5166 0
5167 128
5168 0
5169 8
5170 0
5171 6
5172 0
5173 0
5174 4
5175 0
5176 20
5177 2
5178 0
5179 16
5180 20
5181 0
5182 0
5183 126
5184 12
5185 0
5186 0
5187 0
5188 0
5189 10
5190 0
5191 0
5192 0
5193 0
5194 4
5195 6
5196 0
5197 0
5198 0
5199 448
5200 0
5201 18
5202 0
5203 0
5204 4
5205 0
5206 56
5207 174
5208 0
5209 8
5210 0
5211 0
5212 0
5213 42
5214 4
5215 0
5216 0
5217 0
5218 8
5219 22
5220 0
5221 0
5222 0
5223 0
5224 4
5225 2
5226 0
5227 0
5228 24
5229 8
5230 0
5231 30
5232 0
5233 0
5234 4
5235 32
5236 0
5237 2
5238 20
5239 32
5240 0
5241 0
5242 0
5243 6
5244 4
5245 0
5246 20
5247 0
5248 0
5249 10
5250 0
5251 0
5252 8
5253 0
5254 4
5255 14
5256 0
5257 0
5258 0
5259 16
5260 0
5261 2
5262 0
5263 0
5264 124
5265 0
5266 0
5267 6
5268 0
5269 64
5270 0
5271 0
5272 0
5273 2
5274 4
5275 0
5276 0
5277 0
5278 0
5279 830
5280 0
5281 0
5282 0
5283 0
5284 4
5285 2
5286 8
5287 0
5288 56
5289 8
5290 0
5291 102
5292 0
5293 0
5294 4
5295 0
5296 0
5297 2
5298 0
5299 16
5300 56
5301 0
5302 0
5303 78
5304 4
5305 0
5306 0
5307 0
5308 0
5309 10
5310 0
5311 0
5312 20
5313 0
5314 4
5315 6
5316 0
5317 0
5318 0
5319 32
5320 8
5321 2
5322 0
5323 0
5324 4
5325 0
5326 0
5327 30
5328 0
5329 96
5330 0
5331 80
5332 0
5333 114
5334 4
5335 0
5336 0
5337 16
5338 0
5339 22
5340 0
5341 0
5342 0
5343 0
5344 4
5345 42
5346 0
5347 0
5348 0
5349 8
5350 0
5351 14
5352 0
5353 0
5354 164
5355 0
5356 0
5357 2
5358 0
5359 64
5360 0
5361 0
5362 20
5363 6
5364 4
5365 0
5366 0
5367 0
5368 0
5369 10
5370 0
5371 32
5372 0
5373 0
5374 4
5375 510
5376 0
5377 0
5378 20
5379 16
5380 0
5381 2
5382 0
5383 0
5384 4
5385 0
5386 0
5387 6
5388 8
5389 8
5390 0
5391 0
5392 0
5393 42
5394 28
5395 0
5396 144
5397 0
5398 0
5399 46
5400 0
5401 0
5402 0
5403 0
5404 4
5405 18
5406 0
5407 0
5408 0
5409 8
5410 0
5411 86
5412 0
5413 0
5414 4
5415 0
5416 0
5417 162
5418 0
5419 16
5420 0
5421 0
5422 8
5423 30
5424 24
5425 0
5426 0
5427 0
5428 0
5429 10
5430 0
5431 0
5432 0
5433 0
5434 4
5435 6
5436 0
5437 0
5438 0
5439 768
5440 0
5441 2
5442 0
5443 0
5444 24
5445 0
5446 0
5447 14
5448 0
5449 8
5450 0
5451 0
5452 0
5453 2
5454 4
5455 640
5456 8
5457 0
5458 0
5459 886
5460 1008
5461 936
5462 0
5463 1056
5464 4
5465 2
5466 0
5467 0
5468 0
5469 8
5470 0
5471 1214
5472 0
5473 16
5474 4
5475 0
5476 0
5477 42
5478 0
5479 32
5480 24
5481 0
5482 0
5483 6
5484 4
5485 0
5486 20
5487 0
5488 0
5489 10
5490 8
5491 0
5492 0
5493 0
5494 4
5495 14
5496 0
5497 0
5498 0
5499 16
5500 0
5501 2
5502 0
5503 0
5504 4
5505 0
5506 0
5507 38
5508 0
5509 8
5510 20
5511 0
5512 0
5513 2
5514 4
5515 0
5516 0
5517 40
5518 0
5519 94
5520 0
5521 0
5522 0
5523 0
5524 36
5525 2
5526 0
5527 0
5528 0
5529 8
5530 0
5531 6
5532 0
5533 0
5534 24
5535 0
5536 0
5537 2
5538 0
5539 16
5540 0
5541 16
5542 0
5543 366
5544 4
5545 0
5546 56
5547 0
5548 20
5549 10
5550 0
5551 0
5552 0
5553 0
5554 4
5555 6
5556 0
5557 0
5558 8
5559 32
5560 0
5561 2
5562 0
5563 0
5564 4
5565 0
5566 0
5567 126
5568 0
5569 8
5570 0
5571 0
5572 0
5573 2
5574 4
5575 64
5576 20
5577 0
5578 0
5579 102
5580 0
5581 0
5582 0
5583 0
5584 4
5585 2
5586 0
5587 224
5588 0
5589 56
5590 0
5591 14
5592 8
5593 0
5594 4
5595 0
5596 0
5597 2
5598 0
5599 128
5600 0
5601 0
5602 0
5603 6
5604 4
5605 0
5606 24
5607 0
5608 0
5609 322
5610 20
5611 0
5612 0
5613 0
5614 4
5615 30
5616 0
5617 0
5618 0
5619 16
5620 252
5621 2
5622 0
5623 0
5624 4
5625 0
5626 8
5627 6
5628 0
5629 8
5630 0
5631 0
5632 0
5633 2
5634 4
5635 0
5636 0
5637 0
5638 0
5639 46
5640 0
5641 40
5642 272
5643 32
5644 4
5645 2
5646 0
5647 0
5648 0
5649 8
5650 0
5651 6
5652 0
5653 288
5654 28
5655 0
5656 0
5657 2
5658 0
5659 16
5660 8
5661 0
5662 0
5663 62
5664 4
5665 0
5666 0
5667 0
5668 0
5669 58
5670 0
5671 0
5672 20
5673 0
5674 4
5675 310
5676 0
5677 16
5678 0
5679 64
5680 0
5681 2
5682 0
5683 0
5684 4
5685 0
5686 0
5687 14
5688 0
5689 8
5690 0
5691 0
5692 0
5693 2
5694 12
5695 0
5696 0
5697 0
5698 0
5699 22
5700 0
5701 0
5702 0
5703 160
5704 4
5705 2
5706 0
5707 0
5708 20
5709 8
5710 0
5711 158
5712 0
5713 0
5714 60
5715 0
5716 0
5717 2
5718 0
5719 224
5720 0
5721 0
5722 0
5723 6
5724 4
5725 0
5726 0
5727 0
5728 8
5729 10
5730 0
5731 0
5732 96
5733 0
5734 24
5735 14
5736 0
5737 0
5738 0
5739 96
5740 0
5741 42
5742 0
5743 0
5744 4
5745 16
5746 0
5747 6
5748 0
5749 8
5750 0
5751 0
5752 0
5753 2
5754 4
5755 0
5756 0
5757 0
5758 0
5759 766
5760 0
5761 0
5762 8
5763 0
5764 4
5765 42
5766 0
5767 0
5768 0
5769 8
5770 0
5771 6
5772 0
5773 0
5774 24
5775 0
5776 0
5777 2
5778 0
5779 48
5780 0
5781 0
5782 0
5783 14
5784 28
5785 0
5786 0
5787 0
5788 0
5789 10
5790 0
5791 0
5792 0
5793 0
5794 4
5795 102
5796 48
5797 0
5798 0
5799 32
5800 0
5801 2
5802 0
5803 0
5804 60
5805 0
5806 0
5807 350
5808 0
5809 8
5810 0
5811 0
5812 0
5813 90
5814 4
5815 0
5816 0
5817 0
5818 0
5819 22
5820 0
5821 0
5822 0
5823 0
5824 4
5825 2
5826 0
5827 80
5828 0
5829 8
5830 8
5831 14
5832 0
5833 0
5834 4
5835 0
5836 0
5837 2
5838 0
5839 64
5840 20
5841 112
5842 0
5843 6
5844 4
5845 0
5846 0
5847 64
5848 0
5849 250
5850 0
5851 0
5852 0
5853 0
5854 4
5855 62
5856 0
5857 0
5858 44
5859 16
5860 0
5861 2
5862 0
5863 0
5864 140
5865 0
5866 0
5867 6
5868 0
5869 8
5870 0
5871 0
5872 0
5873 42
5874 4
5875 0
5876 0
5877 0
5878 0
5879 46
5880 0
5881 16
5882 0
5883 0
5884 4
5885 2
5886 0
5887 0
5888 0
5889 48
5890 0
5891 6
5892 0
5893 0
5894 4
5895 0
5896 0
5897 2
5898 8
5899 16
5900 0
5901 0
5902 0
5903 30
5904 4
5905 0
5906 20
5907 0
5908 0
5909 10
5910 144
5911 0
5912 0
5913 0
5914 76
5915 38
5916 0
5917 0
5918 0
5919 128
5920 20
5921 50
5922 0
5923 0
5924 4
5925 0
5926 0
5927 14
5928 0
5929 8
5930 0
5931 0
5932 8
5933 114
5934 4
5935 0
5936 0
5937 0
5938 0
5939 102
5940 0
5941 0
5942 0
5943 0
5944 24
5945 2
5946 0
5947 0
5948 0
5949 24
5950 0
5951 1406
5952 0
5953 0
5954 4
5955 0
5956 0
5957 362
5958 0
5959 32
5960 0
5961 0
5962 0
5963 6
5964 4
5965 0
5966 8
5967 0
5968 56
5969 10
5970 0
5971 0
5972 20
5973 0
5974 4
5975 14
5976 0
5977 0
5978 0
5979 112
5980 0
5981 2
5982 20
5983 256
5984 64
5985 0
5986 0
5987 6
5988 0
5989 8
5990 0
5991 0
5992 0
5993 2
5994 4
5995 0
5996 0
5997 0
5998 0
5999 94
6000 8
6001 0
6002 0
6003 0
6004 4
6005 42
6006 0
6007 0
6008 0
6009 8
6010 0
6011 6
6012 0
6013 40
6014 4
6015 0
6016 0
6017 18
6018 0
6019 16
6020 0
6021 0
6022 0
6023 14
6024 4
6025 0
6026 0
6027 0
6028 0
6029 10
6030 0
6031 0
6032 0
6033 0
6034 12
6035 6
6036 0
6037 0
6038 20
6039 32
6040 0
6041 2
6042 0
6043 0
6044 48
6045 0
6046 0
6047 830
6048 0
6049 8
6050 0
6051 32
6052 0
6053 2
6054 4
6055 0
6056 0
6057 0
6058 0
6059 22
6060 0
6061 0
6062 56
6063 0
6064 4
6065 2
6066 0
6067 0
6068 8
6069 8
6070 0
6071 174
6072 0
6073 0
6074 4
6075 80
6076 0
6077 2
6078 0
6079 256
6080 0
6081 0
6082 0
6083 6
6084 4
6085 16
6086 0
6087 0
6088 0
6089 10
6090 0
6091 0
6092 0
6093 0
6094 4
6095 926
6096 0
6097 0
6098 0
6099 16
6100 0
6101 2
6102 8
6103 0
6104 24
6105 0
6106 20
6107 6
6108 0
6109 56
6110 24
6111 0
6112 0
6113 2
6114 4
6115 0
6116 0
6117 0
6118 0
6119 1134
6120 0
6121 0
6122 0
6123 0
6124 4
6125 2
6126 0
6127 0
6128 0
6129 8
6130 0
6131 1014
6132 0
6133 0
6134 4
6135 0
6136 8
6137 962
6138 0
6139 16
6140 1056
6141 0
6142 0
6143 4094
6144 4
6145 0
6146 1056
6147 0
6148 0
6149 970
6150 0
6151 0
6152 0
6153 16
6154 4
6155 1014
6156 0
6157 0
6158 0
6159 64
6160 0
6161 2
6162 0
6163 0
6164 4
6165 0
6166 0
6167 1166
6168 20
6169 8
6170 28
6171 0
6172 0
6173 50
6174 28
6175 0
6176 0
6177 0
6178 0
6179 22
6180 0
6181 0
6182 0
6183 0
6184 4
6185 2
6186 0
6187 32
6188 0
6189 8
6190 0
6191 926
6192 0
6193 0
6194 4
6195 0
6196 0
6197 2
6198 0
6199 192
6200 0
6201 0
6202 0
6203 86
6204 12
6205 0
6206 0
6207 0
6208 0
6209 10
6210 0
6211 0
6212 0
6213 0
6214 4
6215 14
6216 0
6217 0
6218 0
6219 16
6220 0
6221 18
6222 56
6223 0
6224 4
6225 0
6226 0
6227 6
6228 0
6229 8
6230 20
6231 0
6232 0
6233 2
6234 4
6235 0
6236 44
6237 0
6238 8
6239 958
6240 0
6241 0
6242 0
6243 0
6244 4
6245 2
6246 0
6247 0
6248 0
6249 8
6250 0
6251 6
6252 0
6253 0
6254 4
6255 128
6256 0
6257 2
6258 0
6259 16
6260 0
6261 40
6262 0
6263 14
6264 4
6265 0
6266 0
6267 0
6268 0
6269 50
6270 0
6271 0
6272 8
6273 0
6274 4
6275 6
6276 0
6277 0
6278 0
6279 32
6280 0
6281 2
6282 0
6283 0
6284 4
6285 0
6286 0
6287 30
6288 0
6289 24
6290 0
6291 0
6292 20
6293 2
6294 4
6295 0
6296 0
6297 0
6298 0
6299 118
6300 0
6301 0
6302 20
6303 0
6304 28
6305 2
6306 8
6307 0
6308 0
6309 8
6310 0
6311 14
6312 0
6313 0
6314 4
6315 0
6316 0
6317 2
6318 0
6319 64
6320 56
6321 0
6322 0
6323 118
6324 4
6325 0
6326 36
6327 0
6328 0
6329 10
6330 0
6331 0
6332 0
6333 0
6334 4
6335 1406
6336 0
6337 0
6338 0
6339 16
6340 8
6341 2
6342 0
6343 0
6344 4
6345 0
6346 0
6347 6
6348 0
6349 120
6350 0
6351 0
6352 0
6353 2
6354 44
6355 0
6356 0
6357 16
6358 0
6359 46
6360 0
6361 0
6362 24
6363 0
6364 4
6365 2
6366 0
6367 0
6368 20
6369 152
6370 0
6371 6
6372 0
6373 0
6374 140
6375 0
6376 0
6377 2
6378 0
6379 16
6380 0
6381 0
6382 0
6383 30
6384 4
6385 40
6386 0
6387 0
6388 0
6389 10
6390 0
6391 64
6392 0
6393 0
6394 4
6395 6
6396 0
6397 0
6398 0
6399 1024
6400 0
6401 42
6402 0
6403 0
6404 4
6405 0
6406 0
6407 14
6408 8
6409 8
6410 0
6411 0
6412 0
6413 2
6414 4
6415 0
6416 20
6417 0
6418 0
6419 22
6420 0
6421 0
6422 0
6423 0
6424 148
6425 66
6426 0
6427 0
6428 0
6429 8
6430 0
6431 62
6432 0
6433 0
6434 144
6435 0
6436 0
6437 2
6438 0
6439 32
6440 0
6441 0
6442 8
6443 6
6444 4
6445 0
6446 0
6447 320
6448 0
6449 122
6450 0
6451 0
6452 0
6453 0
6454 4
6455 14
6456 0
6457 0
6458 0
6459 48
6460 0
6461 2
6462 0
6463 0
6464 4
6465 0
6466 0
6467 86
6468 0
6469 8
6470 0
6471 0
6472 0
6473 2
6474 4
6475 0
6476 64
6477 0
6478 40
6479 94
6480 0
6481 0
6482 0
6483 0
6484 4
6485 2
6486 0
6487 0
6488 24
6489 8
6490 0
6491 6
6492 0
6493 16
6494 4
6495 0
6496 0
6497 74
6498 0
6499 112
6500 20
6501 0
6502 0
6503 14
6504 4
6505 0
6506 0
6507 0
6508 0
6509 50
6510 8
6511 0
6512 0
6513 0
6514 4
6515 6
6516 0
6517 0
6518 0
6519 32
6520 0
6521 2
6522 0
6523 0
6524 4
6525 0
6526 0
6527 1278
6528 0
6529 8
6530 0
6531 0
6532 0
6533 42
6534 4
6535 0
6536 0
6537 0
6538 0
6539 22
6540 20
6541 0
6542 0
6543 0
6544 12
6545 2
6546 0
6547 0
6548 0
6549 8
6550 0
6551 782
6552 0
6553 672
6554 4
6555 0
6556 0
6557 2
6558 0
6559 768
6560 0
6561 16
6562 0
6563 6
6564 28
6565 0
6566 20
6567 0
6568 0
6569 10
6570 0
6571 80
6572 0
6573 0
6574 4
6575 30
6576 0
6577 0
6578 64
6579 16
6580 0
6581 2
6582 0
6583 0
6584 4
6585 0
6586 0
6587 6
6588 0
6589 8
6590 0
6591 0
6592 0
6593 2
6594 4
6595 32
6596 0
6597 0
6598 0
6599 206
6600 0
6601 0
6602 20
6603 224
6604 4
6605 2
6606 0
6607 0
6608 0
6609 8
6610 0
6611 6
6612 8
6613 0
6614 28
6615 0
6616 0
6617 2
6618 0
6619 16
6620 0
6621 0
6622 0
6623 62
6624 4
6625 0
6626 0
6627 0
6628 0
6629 330
6630 0
6631 0
6632 20
6633 40
6634 4
6635 6
6636 0
6637 0
6638 0
6639 64
6640 0
6641 2
6642 252
6643 0
6644 4
6645 0
6646 8
6647 14
6648 0
6649 8
6650 0
6651 0
6652 0
6653 2
6654 4
6655 0
6656 0
6657 0
6658 0
6659 22
6660 0
6661 0
6662 0
6663 64
6664 24
6665 42
6666 0
6667 0
6668 252
6669 8
6670 0
6671 30
6672 0
6673 0
6674 4
6675 0
6676 0
6677 50
6678 0
6679 32
6680 8
6681 288
6682 0
6683 6
6684 4
6685 0
6686 0
6687 0
6688 0
6689 10
6690 0
6691 0
6692 0
6693 0
6694 28
6695 174
6696 0
6697 16
6698 20
6699 16
6700 0
6701 2
6702 0
6703 0
6704 4
6705 0
6706 0
6707 230
6708 0
6709 8
6710 0
6711 0
6712 0
6713 2
6714 12
6715 0
6716 0
6717 0
6718 0
6719 382
6720 0
6721 0
6722 0
6723 0
6724 4
6725 2
6726 20
6727 0
6728 0
6729 8
6730 56
6731 118
6732 0
6733 0
6734 4
6735 0
6736 0
6737 2
6738 0
6739 16
6740 24
6741 0
6742 0
6743 14
6744 4
6745 0
6746 0
6747 0
6748 8
6749 10
6750 0
6751 0
6752 0
6753 0
6754 4
6755 6
6756 0
6757 40
6758 0
6759 224
6760 0
6761 2
6762 0
6763 0
6764 44
6765 16
6766 0
6767 30
6768 0
6769 8
6770 0
6771 0
6772 0
6773 2
6774 4
6775 0
6776 0
6777 0
6778 0
6779 22
6780 0
6781 0
6782 8
6783 0
6784 4
6785 2
6786 0
6787 0
6788 20
6789 8
6790 0
6791 14
6792 0
6793 0
6794 4
6795 0
6796 0
6797 42
6798 0
6799 192
6800 0
6801 0
6802 0
6803 102
6804 4
6805 0
6806 0
6807 0
6808 0
6809 10
6810 0
6811 0
6812 0
6813 0
6814 4
6815 62
6816 8
6817 0
6818 0
6819 176
6820 0
6821 2
6822 0
6823 0
6824 220
6825 0
6826 0
6827 6
6828 0
6829 272
6830 20
6831 0
6832 0
6833 18
6834 4
6835 0
6836 56
6837 0
6838 0
6839 334
6840 0
6841 0
6842 0
6843 0
6844 4
6845 2
6846 0
6847 0
6848 0
6849 8
6850 28
6851 6
6852 0
6853 0
6854 4
6855 0
6856 0
6857 114
6858 0
6859 16
6860 0
6861 0
6862 0
6863 350
6864 4
6865 0
6866 24
6867 32
6868 0
6869 10
6870 0
6871 0
6872 0
6873 0
6874 4
6875 6
6876 0
6877 0
6878 0
6879 128
6880 0
6881 42
6882 0
6883 0
6884 140
6885 0
6886 0
6887 14
6888 0
6889 56
6890 0
6891 0
6892 0
6893 2
6894 4
6895 0
6896 20
6897 0
6898 0
6899 22
6900 0
6901 16
6902 0
6903 0
6904 4
6905 2
6906 0
6907 0
6908 0
6909 8
6910 0
6911 510
6912 20
6913 0
6914 4
6915 0
6916 0
6917 2
6918 8
6919 32
6920 0
6921 0
6922 0
6923 6
6924 4
6925 0
6926 0
6927 0
6928 0
6929 98
6930 0
6931 0
6932 0
6933 0
6934 4
6935 78
6936 0
6937 0
6938 144
6939 16
6940 0
6941 2
6942 0
6943 640
6944 4
6945 0
6946 0
6947 6
6948 0
6949 8
6950 0
6951 0
6952 8
6953 2
6954 28
6955 0
6956 0
6957 0
6958 0
6959 94
6960 0
6961 0
6962 20
6963 0
6964 4
6965 114
6966 0
6967 0
6968 0
6969 64
6970 0
6971 6
6972 0
6973 0
6974 24
6975 0
6976 0
6977 2
6978 0
6979 16
6980 0
6981 0
6982 0
6983 14
6984 60
6985 0
6986 8
6987 0
6988 0
6989 10
6990 0
6991 0
6992 24
6993 0
6994 4
6995 86
6996 0
6997 0
6998 0
6999 32
7000 0
7001 2
7002 0
7003 32
7004 4
7005 40
7006 0
7007 62
7008 0
7009 8
7010 36
7011 0
7012 0
7013 2
7014 4
7015 0
7016 0
7017 0
7018 0
7019 502
7020 8
7021 0
7022 0
7023 0
7024 4
7025 2
7026 0
7027 0
7028 20
7029 8
7030 0
7031 14
7032 0
7033 0
7034 4
7035 0
7036 20
7037 18
7038 0
7039 512
7040 0
7041 0
7042 0
7043 6
7044 4
7045 0
7046 0
7047 0
7048 0
7049 10
7050 0
7051 0
7052 0
7053 0
7054 12
7055 414
7056 0
7057 0
7058 0
7059 16
7060 0
7061 42
7062 0
7063 0
7064 4
7065 0
7066 0
7067 86
7068 0
7069 8
7070 0
7071 256
7072 0
7073 2
7074 4
7075 0
7076 0
7077 0
7078 0
7079 46
7080 0
7081 0
7082 0
7083 0
7084 208
7085 2
7086 0
7087 0
7088 8
7089 8
7090 0
7091 6
7092 0
7093 0
7094 80
7095 0
7096 0
7097 2
7098 20
7099 16
7100 0
7101 0
7102 0
7103 126
7104 4
7105 16
7106 0
7107 0
7108 0
7109 10
7110 0
7111 448
7112 0
7113 0
7114 4
7115 6
7116 0
7117 0
7118 24
7119 64
7120 0
7121 2
7122 8
7123 0
7124 4
7125 0
7126 0
7127 174
7128 0
7129 48
7130 0
7131 0
7132 0
7133 2
7134 4
7135 0
7136 0
7137 0
7138 0
7139 566
7140 0
7141 0
7142 0
7143 0
7144 4
7145 2
7146 0
7147 0
7148 0
7149 56
7150 0
7151 30
7152 0
7153 504
7154 4
7155 0
7156 8
7157 2
7158 0
7159 32
7160 480
7161 0
7162 0
7163 6
7164 4
7165 0
7166 0
7167 0
7168 0
7169 10
7170 0
7171 0
7172 0
7173 16
7174 484
7175 14
7176 0
7177 0
7178 0
7179 16
7180 0
7181 554
7182 0
7183 0
7184 4
7185 0
7186 0
7187 6
7188 0
7189 8
7190 8
7191 160
7192 0
7193 42
7194 4
7195 576
7196 0
7197 0
7198 0
7199 190
7200 0
7201 0
7202 0
7203 0
7204 4
7205 2
7206 0
7207 64
7208 0
7209 8
7210 0
7211 6
7212 0
7213 0
7214 28
7215 0
7216 0
7217 2
7218 0
7219 16
7220 0
7221 0
7222 20
7223 462
7224 12
7225 0
7226 20
7227 0
7228 0
7229 10
7230 0
7231 0
7232 0
7233 0
7234 4
7235 6
7236 0
7237 0
7238 56
7239 32
7240 0
7241 18
7242 0
7243 0
7244 28
7245 0
7246 0
7247 30
7248 0
7249 8
7250 0
7251 0
7252 0
7253 42
7254 4
7255 0
7256 0
7257 0
7258 8
7259 102
7260 0
7261 0
7262 0
7263 0
7264 4
7265 2
7266 0
7267 0
7268 0
7269 8
7270 0
7271 14
7272 0
7273 0
7274 4
7275 32
7276 0
7277 2
7278 0
7279 1216
7280 0
7281 240
7282 0
7283 6
7284 24
7285 0
7286 0
7287 0
7288 0
7289 10
7290 0
7291 0
7292 28
7293 0
7294 4
7295 254
7296 0
7297 0
7298 0
7299 16
7300 0
7301 2
7302 0
7303 0
7304 4
7305 0
7306 0
7307 102
7308 0
7309 24
7310 0
7311 0
7312 0
7313 2
7314 4
7315 80
7316 0
7317 0
7318 0
7319 46
7320 0
7321 0
7322 0
7323 0
7324 4
7325 42
7326 8
7327 0
7328 0
7329 8
7330 0
7331 6
7332 0
7333 0
7334 4
7335 0
7336 0
7337 2
7338 0
7339 16
7340 0
7341 0
7342 0
7343 158
7344 28
7345 0
7346 20
7347 0
7348 0
7349 10
7350 0
7351 0
7352 92
7353 0
7354 4
7355 6
7356 0
7357 0
7358 20
7359 256
7360 8
7361 2
7362 0
7363 0
7364 4
7365 112
7366 0
7367 14
7368 0
7369 8
7370 96
7371 0
7372 0
7373 2
7374 4
7375 0
7376 0
7377 56
7378 0
7379 102
7380 0
7381 0
7382 0
7383 0
7384 4
7385 2
7386 0
7387 0
7388 0
7389 8
7390 0
7391 702
7392 0
7393 0
7394 140
7395 0
7396 0
7397 2
7398 0
7399 32
7400 0
7401 0
7402 0
7403 6
7404 4
7405 0
7406 0
7407 0
7408 20
7409 58
7410 0
7411 32
7412 0
7413 0
7414 4
7415 14
7416 0
7417 0
7418 0
7419 16
7420 0
7421 2
7422 0
7423 0
7424 24
7425 0
7426 0
7427 6
7428 8
7429 8
7430 0
7431 0
7432 0
7433 50
7434 4
7435 0
7436 0
7437 0
7438 0
7439 414
7440 0
7441 0
7442 0
7443 0
7444 4
7445 18
7446 0
7447 0
7448 0
7449 8
7450 0
7451 6
7452 144
7453 0
7454 4
7455 0
7456 0
7457 42
7458 0
7459 16
7460 0
7461 0
7462 8
7463 14
7464 4
7465 0
7466 0
7467 0
7468 0
7469 10
7470 20
7471 0
7472 0
7473 0
7474 28
7475 6
7476 0
7477 0
7478 0
7479 96
7480 0
7481 114
7482 0
7483 0
7484 4
7485 0
7486 0
7487 126
7488 0
7489 8
7490 20
7491 0
7492 56
7493 2
7494 4
7495 0
7496 32
7497 0
7498 0
7499 22
7500 0
7501 80
7502 0
7503 0
7504 4
7505 2
7506 0
7507 0
7508 0
7509 8
7510 0
7511 14
7512 132
7513 16
7514 4
7515 0
7516 0
7517 2
7518 0
7519 128
7520 0
7521 0
7522 0
7523 230
7524 4
7525 0
7526 0
7527 0
7528 0
7529 10
7530 8
7531 0
7532 20
7533 0
7534 4
7535 30
7536 0
7537 0
7538 0
7539 112
7540 0
7541 2
7542 0
7543 0
7544 4
7545 0
7546 0
7547 38
7548 0
7549 8
7550 0
7551 0
7552 0
7553 2
7554 4
7555 0
7556 20
7557 0
7558 0
7559 238
7560 0
7561 0
7562 0
7563 80
7564 12
7565 2
7566 0
7567 0
7568 0
7569 8
7570 0
7571 6
7572 0
7573 0
7574 4
7575 0
7576 0
7577 2
7578 0
7579 16
7580 0
7581 16
7582 0
7583 62
7584 24
7585 0
7586 0
7587 0
7588 0
7589 50
7590 0
7591 0
7592 0
7593 0
7594 24
7595 6
7596 0
7597 0
7598 8
7599 64
7600 0
7601 2
7602 0
7603 0
7604 124
7605 0
7606 0
7607 14
7608 0
7609 8
7610 56
7611 0
7612 0
7613 2
7614 4
7615 512
7616 0
7617 0
7618 0
7619 246
7620 0
7621 0
7622 44
7623 0
7624 4
7625 42
7626 0
7627 0
7628 0
7629 8
7630 0
7631 30
7632 8
7633 0
7634 4
7635 0
7636 0
7637 2
7638 0
7639 32
7640 0
7641 0
7642 0
7643 6
7644 4
7645 0
7646 0
7647 0
7648 0
7649 282
7650 0
7651 0
7652 0
7653 0
7654 4
7655 174
7656 20
7657 0
7658 0
7659 16
7660 0
7661 2
7662 0
7663 0
7664 256
7665 0
7666 8
7667 6
7668 0
7669 56
7670 0
7671 0
7672 0
7673 2
7674 4
7675 0
7676 0
7677 0
7678 0
7679 3070
7680 0
7681 0
7682 0
7683 32
7684 4
7685 50
7686 0
7687 160
7688 20
7689 8
7690 0
7691 6
7692 0
7693 0
7694 256
7695 0
7696 0
7697 2
7698 0
7699 16
7700 8
7701 0
7702 0
7703 14
7704 4
7705 0
7706 0
7707 0
7708 0
7709 426
7710 0
7711 0
7712 0
7713 0
7714 4
7715 6
7716 0
7717 16
7718 20
7719 32
7720 0
7721 42
7722 0
7723 0
7724 4
7725 0
7726 0
7727 30
7728 0
7729 8
7730 0
7731 0
7732 0
7733 2
7734 84
7735 0
7736 0
7737 0
7738 0
7739 246
7740 0
7741 0
7742 0
7743 0
7744 4
7745 2
7746 56
7747 0
7748 24
7749 48
7750 0
7751 78
7752 0
7753 0
7754 24
7755 0
7756 0
7757 2
7758 0
7759 64
7760 0
7761 0
7762 0
7763 6
7764 4
7765 0
7766 0
7767 0
7768 8
7769 10
7770 0
7771 0
7772 0
7773 0
7774 4
7775 62
7776 0
7777 0
7778 0
7779 16
7780 20
7781 2
7782 0
7783 0
7784 4
7785 16
7786 0
7787 86
7788 0
7789 48
7790 0
7791 0
7792 0
7793 2
7794 4
7795 0
7796 0
7797 0
7798 0
7799 238
7800 0
7801 0
7802 8
7803 0
7804 4
7805 2
7806 0
7807 0
7808 0
7809 8
7810 0
7811 182
7812 0
7813 0
7814 4
7815 0
7816 0
7817 2
7818 0
7819 48
7820 20
7821 0
7822 0
7823 30
7824 4
7825 0
7826 0
7827 0
7828 0
7829 10
7830 0
7831 0
7832 0
7833 0
7834 4
7835 6
7836 8
7837 0
7838 0
7839 128
7840 0
7841 2
7842 40
7843 0
7844 4
7845 0
7846 0
7847 14
7848 0
7849 8
7850 0
7851 0
7852 0
7853 58
7854 4
7855 0
7856 0
7857 0
7858 0
7859 22
7860 0
7861 0
7862 0
7863 0
7864 28
7865 74
7866 0
7867 0
7868 56
7869 8
7870 8
7871 126
7872 0
7873 152
7874 28
7875 0
7876 0
7877 2
7878 0
7879 32
7880 0
7881 0
7882 0
7883 6
7884 4
7885 0
7886 20
7887 128
7888 0
7889 10
7890 0
7891 0
7892 0
7893 0
7894 4
7895 14
7896 0
7897 0
7898 0
7899 16
7900 0
7901 2
7902 0
7903 0
7904 160
7905 0
7906 0
7907 6
7908 0
7909 8
7910 0
7911 0
7912 0
7913 2
7914 4
7915 0
7916 0
7917 0
7918 0
7919 414
7920 0
7921 16
7922 0
7923 0
7924 4
7925 2
7926 0
7927 0
7928 0
7929 56
7930 0
7931 6
7932 0
7933 0
7934 4
7935 5120
7936 0
7937 50
7938 8
7939 16
7940 0
7941 0
7942 0
7943 14
7944 4
7945 0
7946 0
7947 0
7948 0
7949 10
7950 0
7951 0
7952 20
7953 0
7954 4
7955 38
7956 0
7957 0
7958 0
7959 32
7960 0
7961 2
7962 0
7963 0
7964 4
7965 0
7966 164
7967 62
7968 0
7969 8
7970 0
7971 0
7972 8
7973 2
7974 4
7975 0
7976 0
7977 0
7978 0
7979 22
7980 0
7981 0
7982 0
7983 0
7984 4
7985 42
7986 0
7987 0
7988 0
7989 24
7990 0
7991 14
7992 0
7993 0
7994 48
7995 0
7996 0
7997 154
7998 0
7999 256
8000 80
8001 0
8002 0
8003 6
8004 4
8005 0
8006 8
8007 0
8008 0
8009 10
8010 0
8011 0
8012 0
8013 0
8014 4
8015 30
8016 0
8017 0
8018 20
8019 16
8020 0
8021 2
8022 0
8023 64
8024 4
8025 0
8026 0
8027 6
8028 20
8029 8
8030 0
8031 0
8032 0
8033 2
8034 4
8035 0
8036 36
8037 0
8038 0
8039 46
8040 8
8041 0
8042 0
8043 0
8044 4
8045 2
8046 0
8047 0
8048 0
8049 8
8050 0
8051 86
8052 0
8053 0
8054 4
8055 0
8056 0
8057 18
8058 0
8059 192
8060 0
8061 0
8062 0
8063 3326
8064 4
8065 0
8066 0
8067 0
8068 0
8069 10
8070 0
8071 0
8072 0
8073 0
8074 12
8075 6
8076 0
8077 0
8078 0
8079 64
8080 0
8081 2
8082 0
8083 0
8084 24
8085 0
8086 0
8087 14
8088 0
8089 8
8090 20
8091 32
8092 0
8093 2
8094 4
8095 0
8096 0
8097 0
8098 0
8099 22
8100 0
8101 0
8102 0
8103 0
8104 4
8105 2
8106 0
8107 0
8108 8
8109 8
8110 0
8111 30
8112 0
8113 0
8114 4
8115 0
8116 0
8117 42
8118 0
8119 32
8120 0
8121 40
8122 0
8123 6
8124 28
8125 16
8126 80
8127 3584
8128 0
8129 10
8130 0
8131 0
8132 0
8133 0
8134 4
8135 14
8136 0
8137 0
8138 0
8139 16
8140 0
8141 2
8142 8
8143 0
8144 4
8145 0
8146 0
8147 6
8148 0
8149 8
8150 20
8151 0
8152 20
8153 2
8154 4
8155 0
8156 0
8157 0
8158 0
8159 4542
8160 0
8161 0
8162 0
8163 0
8164 4
8165 2
8166 0
8167 0
8168 0
8169 8
8170 0
8171 6
8172 0
8173 0
8174 4
8175 4032
8176 8
8177 2
8178 0
8179 16
8180 0
8181 0
8182 0
8183 3854
8184 4
8185 0
8186 0
8187 4224
8188 0
8189 4138
8190 4004
8191 0
8192 4004
8193 4144
8194 4
8195 4230
8196 0
8197 0
8198 0
8199 3872
8200 0
8201 2
8202 0
8203 0
8204 4
8205 0
8206 0
8207 4062
8208 0
8209 8
8210 8
8211 0
8212 0
8213 2
8214 24
8215 0
8216 20
8217 0
8218 0
8219 22
8220 0
8221 0
8222 0
8223 4608
8224 4
8225 2
8226 0
8227 32
8228 0
8229 8
8230 0
8231 14
8232 0
8233 0
8234 4
8235 0
8236 0
8237 2
8238 0
8239 64
8240 0
8241 0
8242 0
8243 6
8244 12
8245 40
8246 0
8247 0
8248 0
8249 50
8250 0
8251 0
8252 24
8253 0
8254 84
8255 3710
8256 0
8257 0
8258 0
8259 16
8260 0
8261 18
8262 0
8263 0
8264 4
8265 0
8266 0
8267 6
8268 0
8269 8
8270 0
8271 0
8272 0
8273 2
8274 4
8275 0
8276 20
8277 0
8278 8
8279 46
8280 0
8281 0
8282 20
8283 0
8284 4
8285 2
8286 0
8287 0
8288 0
8289 8
8290 0
8291 6
8292 0
8293 0
8294 4
8295 64
8296 0
8297 2
8298 0
8299 16
8300 0
8301 0
8302 0
8303 30
8304 4
8305 0
8306 0
8307 80
8308 0
8309 10
8310 0
8311 0
8312 8
8313 0
8314 4
8315 182
8316 0
8317 0
8318 0
8319 3584
8320 0
8321 2
8322 0
8323 0
8324 4
8325 0
8326 0
8327 14
8328 0
8329 24
8330 0
8331 0
8332 0
8333 2
8334 4
8335 0
8336 0
8337 0
8338 20
8339 22
8340 0
8341 0
8342 0
8343 0
8344 4
8345 2
8346 8
8347 0
8348 20
8349 8
8350 0
8351 62
8352 0
8353 0
8354 4
8355 0
8356 0
8357 2
8358 0
8359 32
8360 0
8361 0
8362 0
8363 38
8364 4
8365 0
8366 0
8367 0
8368 0
8369 50
8370 0
8371 0
8372 0
8373 0
8374 4
8375 14
8376 0
8377 0
8378 60
8379 16
8380 8
8381 154
8382 0
8383 0
8384 84
8385 0
8386 0
8387 6
8388 0
8389 8
8390 0
8391 0
8392 0
8393 2
8394 4
8395 0
8396 0
8397 16
8398 0
8399 94
8400 20
8401 0
8402 0
8403 0
8404 24
8405 2
8406 0
8407 0
8408 0
8409 8
8410 0
8411 6
8412 0
8413 0
8414 160
8415 0
8416 0
8417 2
8418 0
8419 16
8420 0
8421 0
8422 0
8423 14
8424 4
8425 0
8426 0
8427 0
8428 0
8429 10
8430 0
8431 448
8432 0
8433 0
8434 52
8435 6
8436 0
8437 0
8438 0
8439 32
8440 0
8441 50
8442 0
8443 0
8444 4
8445 0
8446 0
8447 5630
8448 8
8449 56
8450 0
8451 0
8452 0
8453 2
8454 4
8455 0
8456 0
8457 0
8458 0
8459 22
8460 0
8461 0
8462 20
8463 0
8464 4
8465 18
8466 0
8467 0
8468 0
8469 8
8470 0
8471 14
8472 0
8473 0
8474 4
8475 0
8476 0
8477 2
8478 0
8479 128
8480 164
8481 0
8482 8
8483 6
8484 4
8485 0
8486 0
8487 0
8488 0
8489 10
8490 0
8491 0
8492 0
8493 40
8494 4
8495 30
8496 0
8497 0
8498 0
8499 48
8500 0
8501 2
8502 0
8503 0
8504 28
8505 0
8506 0
8507 6
8508 56
8509 8
8510 0
8511 0
8512 0
8513 154
8514 28
8515 0
8516 8
8517 0
8518 0
8519 46
8520 0
8521 0
8522 0
8523 0
8524 44
8525 2
8526 0
8527 0
8528 0
8529 8
8530 0
8531 6
8532 0
8533 16
8534 4
8535 0
8536 0
8537 2
8538 0
8539 16
8540 0
8541 0
8542 0
8543 62
8544 4
8545 0
8546 20
8547 0
8548 0
8549 82
8550 8
8551 0
8552 0
8553 0
8554 4
8555 86
8556 0
8557 0
8558 0
8559 64
8560 0
8561 2
8562 0
8563 0
8564 4
8565 0
8566 0
8567 270
8568 0
8569 8
8570 0
8571 0
8572 0
8573 2
8574 4
8575 0
8576 0
8577 0
8578 0
8579 198
8580 0
8581 0
8582 0
8583 0
8584 12
8585 2
8586 20
8587 0
8588 0
8589 8
8590 0
8591 30
8592 0
8593 0
8594 4
8595 0
8596 0
8597 2
8598 0
8599 32
8600 0
8601 16
8602 0
8603 6
8604 4
8605 0
8606 0
8607 0
8608 0
8609 50
8610 0
8611 0
8612 20
8613 0
8614 4
8615 14
8616 0
8617 40
8618 8
8619 16
8620 0
8621 2
8622 0
8623 0
8624 4
8625 0
8626 0
8627 6
8628 0
8629 8
8630 24
8631 0
8632 0
8633 2
8634 4
8635 256
8636 0
8637 0
8638 0
8639 382
8640 0
8641 0
8642 56
8643 0
8644 76
8645 42
8646 0
8647 0
8648 20
8649 8
8650 0
8651 6
8652 8
8653 0
8654 4
8655 0
8656 0
8657 2
8658 0
8659 16
8660 0
8661 0
8662 0
8663 14
8664 4
8665 0
8666 0
8667 0
8668 0
8669 282
8670 0
8671 0
8672 0
8673 0
8674 4
8675 6
8676 0
8677 0
8678 20
8679 192
8680 0
8681 2
8682 0
8683 0
8684 4
8685 0
8686 260
8687 30
8688 0
8689 8
8690 0
8691 0
8692 0
8693 50
8694 4
8695 0
8696 0
8697 0
8698 0
8699 22
8700 0
8701 0
8702 0
8703 4096
8704 4
8705 2
8706 0
8707 0
8708 0
8709 56
8710 20
8711 174
8712 0
8713 0
8714 4
8715 0
8716 0
8717 2
8718 0
8719 64
8720 260
8721 0
8722 0
8723 6
8724 4
8725 0
8726 0
8727 0
8728 0
8729 10
8730 0
8731 0
8732 0
8733 0
8734 4
8735 62
8736 0
8737 560
8738 0
8739 16
8740 0
8741 42
8742 0
8743 0
8744 24
8745 0
8746 0
8747 6
8748 0
8749 8
8750 0
8751 0
8752 0
8753 2
8754 12
8755 0
8756 24
8757 0
8758 0
8759 46
8760 0
8761 0
8762 56
8763 0
8764 4
8765 2
8766 0
8767 0
8768 0
8769 8
8770 0
8771 262
8772 20
8773 0
8774 124
8775 0
8776 0
8777 42
8778 0
8779 16
8780 0
8781 0
8782 0
8783 30
8784 4
8785 0
8786 0
8787 0
8788 8
8789 10
8790 0
8791 0
8792 0
8793 0
8794 4
8795 6
8796 0
8797 0
8798 0
8799 128
8800 0
8801 2
8802 0
8803 80
8804 4
8805 16
8806 0
8807 14
8808 0
8809 8
8810 20
8811 0
8812 0
8813 2
8814 24
8815 0
8816 0
8817 0
8818 0
8819 118
8820 0
8821 0
8822 8
8823 0
8824 4
8825 2
8826 0
8827 0
8828 0
8829 8
8830 0
8831 254
8832 0
8833 0
8834 24
8835 0
8836 0
8837 2
8838 0
8839 288
8840 0
8841 0
8842 0
8843 86
8844 4
8845 0
8846 0
8847 0
8848 0
8849 10
8850 0
8851 0
8852 0
8853 0
8854 4
8855 14
8856 8
8857 0
8858 0
8859 16
8860 0
8861 2
8862 0
8863 0
8864 4
8865 80
8866 0
8867 6
8868 0
8869 8
8870 0
8871 0
8872 0
8873 18
8874 4
8875 0
8876 20
8877 0
8878 132
8879 94
8880 0
8881 0
8882 24
8883 0
8884 4
8885 2
8886 0
8887 0
8888 0
8889 120
8890 8
8891 150
8892 0
8893 0
8894 4
8895 0
8896 20
8897 2
8898 0
8899 16
8900 56
8901 0
8902 0
8903 14
8904 28
8905 0
8906 0
8907 32
8908 0
8909 50
8910 0
8911 0
8912 0
8913 0
8914 4
8915 6
8916 0
8917 0
8918 0
8919 32
8920 0
8921 2
8922 0
8923 0
8924 140
8925 0
8926 0
8927 702
8928 0
8929 8
8930 0
8931 0
8932 0
8933 2
8934 4
8935 0
8936 180
8937 0
8938 0
8939 22
8940 0
8941 16
8942 20
8943 0
8944 4
8945 50
8946 0
8947 0
8948 0
8949 8
8950 0
8951 14
8952 0
8953 0
8954 4
8955 0
8956 0
8957 2
8958 28
8959 1024
8960 0
8961 0
8962 0
8963 6
8964 4
8965 0
8966 0
8967 0
8968 0
8969 58
8970 0
8971 0
8972 0
8973 0
8974 4
8975 478
8976 0
8977 0
8978 0
8979 16
8980 0
8981 2
8982 0
8983 0
8984 4
8985 0
8986 0
8987 6
8988 0
8989 48
8990 0
8991 0
8992 8
8993 2
8994 148
8995 0
8996 0
8997 0
8998 0
8999 46
9000 0
9001 0
9002 0
9003 0
9004 4
9005 2
9006 0
9007 0
9008 116
9009 24
9010 0
9011 6
9012 0
9013 0
9014 4
9015 0
9016 56
9017 2
9018 0
9019 96
9020 20
9021 0
9022 0
9023 126
9024 4
9025 0
9026 8
9027 0
9028 0
9029 122
9030 0
9031 0
9032 0
9033 0
9034 28
9035 6
9036 0
9037 0
9038 0
9039 64
9040 0
9041 42
9042 0
9043 32
9044 4
9045 0
9046 0
9047 14
9048 0
9049 8
9050 0
9051 80
9052 0
9053 2
9054 4
9055 0
9056 0
9057 0
9058 0
9059 22
9060 8
9061 0
9062 36
9063 0
9064 4
9065 2
9066 0
9067 0
9068 0
9069 8
9070 0
9071 414
9072 0
9073 0
9074 24
9075 0
9076 0
9077 18
9078 0
9079 32
9080 0
9081 0
9082 20
9083 6
9084 4
9085 0
9086 0
9087 0
9088 0
9089 10
9090 0
9091 0
9092 0
9093 0
9094 12
9095 14
9096 0
9097 0
9098 0
9099 304
9100 0
9101 2
9102 0
9103 0
9104 4
9105 0
9106 0
9107 86
9108 0
9109 8
9110 0
9111 64
9112 0
9113 42
9114 4
9115 0
9116 0
9117 0
9118 0
9119 190
9120 0
9121 0
9122 0
9123 0
9124 4
9125 2
9126 0
9127 0
9128 8
9129 8
9130 0
9131 6
9132 0
9133 0
9134 28
9135 0
9136 0
9137 2
9138 0
9139 16
9140 20
9141 0
9142 0
9143 462
9144 24
9145 16
9146 0
9147 0
9148 0
9149 10
9150 0
9151 0
9152 0
9153 0
9154 4
9155 6
9156 0
9157 0
9158 56
9159 32
9160 0
9161 2
9162 8
9163 0
9164 28
9165 0
9166 0
9167 30
9168 0
9169 8
9170 0
9171 0
9172 0
9173 42
9174 4
9175 160
9176 0
9177 0
9178 0
9179 566
9180 0
9181 0
9182 0
9183 0
9184 4
9185 2
9186 0
9187 0
9188 0
9189 8
9190 0
9191 14
9192 0
9193 0
9194 4
9195 0
9196 8
9197 554
9198 0
9199 64
9200 0
9201 0
9202 0
9203 6
9204 4
9205 0
9206 480
9207 0
9208 0
9209 10
9210 0
9211 0
9212 0
9213 16
9214 4
9215 2046
9216 0
9217 0
9218 0
9219 16
9220 0
9221 2
9222 0
9223 0
9224 484
9225 0
9226 0
9227 6
9228 0
9229 56
9230 8
9231 0
9232 0
9233 506
9234 4
9235 0
9236 0
9237 40
9238 0
9239 206
9240 0
9241 0
9242 0
9243 0
9244 4
9245 2
9246 0
9247 256
9248 0
9249 8
9250 0
9251 582
9252 0
9253 0
9254 4
9255 0
9256 0
9257 2
9258 0
9259 16
9260 24
9261 0
9262 0
9263 30
9264 12
9265 0
9266 0
9267 0
9268 20
9269 10
9270 56
9271 0
9272 20
9273 0
9274 4
9275 6
9276 0
9277 0
9278 0
9279 256
9280 0
9281 18
9282 0
9283 0
9284 4
9285 0
9286 0
9287 462
9288 0
9289 8
9290 0
9291 0
9292 0
9293 2
9294 28
9295 0
9296 0
9297 0
9298 8
9299 102
9300 0
9301 0
9302 0
9303 0
9304 4
9305 42
9306 0
9307 0
9308 0
9309 8
9310 0
9311 62
9312 0
9313 0
9314 4
9315 32
9316 0
9317 2
9318 0
9319 32
9320 0
9321 0
9322 0
9323 102
9324 4
9325 0
9326 0
9327 0
9328 0
9329 10
9330 20
9331 0
9332 8
9333 0
9334 4
9335 14
9336 0
9337 0
9338 20
9339 16
9340 0
9341 2
9342 0
9343 0
9344 4
9345 0
9346 0
9347 6
9348 0
9349 24
9350 0
9351 0
9352 0
9353 2
9354 4
9355 0
9356 0
9357 0
9358 0
9359 2014
9360 0
9361 760
9362 0
9363 0
9364 4
9365 2
9366 8
9367 0
9368 0
9369 8
9370 0
9371 86
9372 0
9373 0
9374 4
9375 0
9376 0
9377 2
9378 0
9379 16
9380 0
9381 0
9382 0
9383 78
9384 4
9385 0
9386 24
9387 0
9388 0
9389 10
9390 0
9391 0
9392 20
9393 0
9394 4
9395 6
9396 0
9397 112
9398 0
9399 32
9400 8
9401 2
9402 0
9403 0
9404 60
9405 0
9406 0
9407 126
9408 0
9409 8
9410 0
9411 0
9412 0
9413 2
9414 4
9415 0
9416 56
9417 16
9418 0
9419 22
9420 0
9421 0
9422 0
9423 320
9424 28
9425 2
9426 0
9427 0
9428 0
9429 48
9430 0
9431 14
9432 0
9433 0
9434 140
9435 0
9436 0
9437 42
9438 0
9439 128
9440 0
9441 0
9442 0
9443 6
9444 4
9445 0
9446 0
9447 0
9448 0
9449 58
9450 0
9451 32
9452 0
9453 0
9454 24
9455 30
9456 0
9457 0
9458 0
9459 16
9460 0
9461 2
9462 0
9463 0
9464 4
9465 0
9466 0
9467 6
9468 8
9469 8
9470 20
9471 0
9472 0
9473 2
9474 4
9475 0
9476 0
9477 0
9478 0
9479 46
9480 0
9481 0
9482 0
9483 0
9484 4
9485 58
9486 0
9487 0
9488 0
9489 56
9490 0
9491 6
9492 0
9493 0
9494 4
9495 0
9496 0
9497 2
9498 0
9499 16
9500 0
9501 0
9502 8
9503 702
9504 4
9505 0
9506 0
9507 0
9508 144
9509 10
9510 0
9511 0
9512 24
9513 0
9514 4
9515 6
9516 20
9517 0
9518 0
9519 192
9520 0
9521 2
9522 0
9523 0
9524 60
9525 0
9526 0
9527 14
9528 0
9529 8
9530 0
9531 0
9532 0
9533 2
9534 4
9535 0
9536 28
9537 0
9538 0
9539 22
9540 0
9541 0
9542 0
9543 0
9544 4
9545 114
9546 0
9547 160
9548 0
9549 8
9550 0
9551 30
9552 0
9553 16
9554 220
9555 0
9556 0
9557 2
9558 0
9559 32
9560 0
9561 264
9562 0
9563 6
9564 4
9565 0
9566 0
9567 0
9568 0
9569 50
9570 8
9571 0
9572 0
9573 0
9574 4
9575 494
9576 0
9577 0
9578 20
9579 16
9580 0
9581 2
9582 0
9583 0
9584 4
9585 0
9586 0
9587 38
9588 0
9589 8
9590 0
9591 0
9592 0
9593 2
9594 4
9595 0
9596 0
9597 0
9598 0
9599 766
9600 0
9601 0
9602 20
9603 0
9604 12
9605 2
9606 0
9607 0
9608 0
9609 48
9610 0
9611 6
9612 0
9613 0
9614 4
9615 0
9616 0
9617 2
9618 0
9619 112
9620 0
9621 16
9622 0
9623 14
9624 4
9625 0
9626 0
9627 0
9628 0
9629 10
9630 0
9631 0
9632 0
9633 0
9634 24
9635 86
9636 0
9637 0
9638 32
9639 32
9640 20
9641 2
9642 0
9643 0
9644 4
9645 0
9646 0
9647 30
9648 0
9649 8
9650 0
9651 224
9652 0
9653 2
9654 4
9655 64
9656 0
9657 0
9658 0
9659 22
9660 0
9661 0
9662 0
9663 0
9664 4
9665 2
9666 0
9667 0
9668 20
9669 8
9670 0
9671 174
9672 8
9673 0
9674 60
9675 0
9676 0
9677 2
9678 0
9679 64
9680 0
9681 0
9682 0
9683 6
9684 28
9685 0
9686 0
9687 0
9688 0
9689 282
9690 0
9691 0
9692 0
9693 0
9694 4
9695 62
9696 0
9697 0
9698 0
9699 16
9700 0
9701 90
9702 20
9703 0
9704 4
9705 0
9706 8
9707 6
9708 468
9709 8
9710 0
9711 0
9712 0
9713 2
9714 4
9715 0
9716 0
9717 0
9718 0
9719 46
9720 0
9721 0
9722 0
9723 32
9724 4
9725 2
9726 0
9727 0
9728 0
9729 8
9730 0
9731 6
9732 0
9733 40
9734 24
9735 0
9736 0
9737 2
9738 0
9739 16
9740 8
9741 0
9742 0
9743 30
9744 4
9745 0
9746 252
9747 0
9748 0
9749 58
9750 0
9751 0
9752 0
9753 0
9754 4
9755 6
9756 0
9757 16
9758 0
9759 128
9760 0
9761 2
9762 0
9763 0
9764 48
9765 288
9766 0
9767 174
9768 0
9769 8
9770 0
9771 0
9772 0
9773 2
9774 12
9775 0
9776 0
9777 0
9778 56
9779 22
9780 0
9781 0
9782 0
9783 0
9784 4
9785 2
9786 0
9787 0
9788 0
9789 8
9790 0
9791 638
9792 0
9793 0
9794 4
9795 80
9796 0
9797 2
9798 0
9799 32
9800 20
9801 0
9802 0
9803 230
9804 4
9805 0
9806 0
9807 0
9808 8
9809 10
9810 0
9811 0
9812 0
9813 0
9814 28
9815 14
9816 0
9817 0
9818 0
9819 16
9820 0
9821 2
9822 0
9823 0
9824 4
9825 16
9826 20
9827 390
9828 0
9829 8
9830 336
9831 0
9832 0
9833 42
9834 4
9835 0
9836 0
9837 0
9838 0
9839 414
9840 0
9841 0
9842 8
9843 0
9844 4
9845 2
9846 0
9847 0
9848 0
9849 8
9850 0
9851 6
9852 0
9853 0
9854 4
9855 0
9856 0
9857 42
9858 0
9859 48
9860 0
9861 0
9862 0
9863 14
9864 4
9865 0
9866 20
9867 0
9868 0
9869 10
9870 0
9871 0
9872 0
9873 0
9874 4
9875 6
9876 8
9877 0
9878 0
9879 224
9880 0
9881 2
9882 0
9883 0
9884 4
9885 0
9886 0
9887 62
9888 40
9889 8
9890 24
9891 0
9892 0
9893 18
9894 4
9895 0
9896 0
9897 0
9898 0
9899 102
9900 0
9901 0
9902 0
9903 0
9904 4
9905 114
9906 0
9907 0
9908 0
9909 8
9910 8
9911 14
9912 0
9913 0
9914 4
9915 0
9916 0
9917 74
9918 0
9919 1536
9920 0
9921 0
9922 0
9923 6
9924 4
9925 0
9926 0
9927 64
9928 0
9929 10
9930 0
9931 0
9932 76
9933 0
9934 4
9935 30
9936 0
9937 0
9938 0
9939 16
9940 0
9941 2
9942 0
9943 0
9944 260
9945 0
9946 0
9947 6
9948 0
9949 8
9950 20
9951 0
9952 0
9953 50
9954 4
9955 0
9956 0
9957 0
9958 0
9959 46
9960 0
9961 16
9962 0
9963 0
9964 4
9965 42
9966 0
9967 0
9968 0
9969 8
9970 0
9971 6
9972 0
9973 0
9974 4
9975 0
9976 0
9977 2
9978 8
9979 16
9980 0
9981 40
9982 0
9983 510
9984 4
9985 0
9986 0
9987 0
9988 0
9989 10
9990 0
9991 0
9992 0
9993 0
9994 4
9995 38
9996 0
9997 0
9998 20
9999 64
10000 0
10001 2
10002 0
10003 0
10004 4
10005 0
10006 0
10007 14
10008 0
10009 152
10010 0
10011 0
10012 28
10013 2
10014 4
10015 0
10016 24
10017 0
10018 0
10019 22
10020 0
10021 0
10022 144
10023 0
10024 4
10025 2
10026 0
10027 0
10028 0
10029 24
10030 0
10031 350
10032 56
10033 0
10034 4
10035 0
10036 0
10037 2
10038 0
10039 32
10040 0
10041 0
10042 0
10043 86
10044 24
10045 0
10046 8
10047 0
10048 0
10049 10
10050 0
10051 0
10052 0
10053 0
10054 4
10055 14
10056 0
10057 0
10058 0
10059 16
10060 0
10061 114
10062 0
10063 128
10064 24
10065 0
10066 0
10067 6
10068 0
10069 8
10070 0
10071 0
10072 0
10073 2
10074 48
10075 0
10076 0
10077 0
10078 0
10079 958
10080 8
10081 0
10082 0
10083 0
10084 4
10085 2
10086 0
10087 0
10088 36
10089 8
10090 0
10091 6
10092 0
10093 0
10094 4
10095 0
10096 0
10097 58
10098 0
10099 16
10100 0
10101 0
10102 0
10103 14
10104 4
10105 40
10106 0
10107 0
10108 0
10109 10
10110 0
10111 0
10112 0
10113 0
10114 12
10115 6
10116 0
10117 0
10118 0
10119 32
10120 0
10121 2
10122 0
10123 0
10124 4
10125 0
10126 0
10127 30
10128 0
10129 8
10130 20
10131 32
10132 0
10133 2
10134 4
10135 0
10136 20
10137 0
10138 0
10139 118
10140 0
10141 0
10142 24
10143 0
10144 4
10145 2
10146 0
10147 0
10148 8
10149 8
10150 0
10151 14
10152 0
10153 0
10154 4
10155 0
10156 0
10157 2
10158 0
10159 960
10160 0
10161 0
10162 0
10163 86
10164 4
10165 16
10166 0
10167 160
10168 0
10169 10
10170 0
10171 0
10172 0
10173 0
10174 4
10175 126
10176 0
10177 0
10178 0
10179 16
10180 0
10181 2
10182 8
10183 0
10184 4
10185 0
10186 0
10187 6
10188 0
10189 8
10190 56
10191 0
10192 0
10193 2
10194 4
10195 0
10196 20
10197 0
10198 20
10199 1134
10200 0
10201 0
10202 0
10203 0
10204 28
10205 50
10206 0
10207 0
10208 0
10209 8
10210 0
10211 6
10212 0
10213 0
10214 4
10215 0
10216 8
10217 2
10218 0
10219 1024
10220 0
10221 0
10222 0
10223 30
10224 4
10225 0
10226 0
10227 0
10228 0
10229 970
10230 0
10231 0
10232 0
10233 16
10234 1060
10235 6
10236 0
10237 0
10238 0
10239 8192
10240 0
10241 2
10242 0
10243 0
10244 1060
10245 0
10246 0
10247 14
10248 0
10249 968
10250 8
10251 0
10252 0
10253 2
10254 4
10255 0
10256 0
10257 0
10258 0
10259 1030
10260 20
10261 0
10262 20
10263 0
10264 4
10265 2
10266 0
10267 32
10268 24
10269 56
10270 0
10271 62
10272 0
10273 0
10274 4
10275 0
10276 0
10277 2
10278 0
10279 1184
10280 0
10281 0
10282 0
10283 6
10284 12
10285 0
10286 56
10287 0
10288 0
10289 10
10290 0
10291 80
10292 0
10293 0
10294 4
10295 174
10296 0
10297 0
10298 0
10299 16
10300 0
10301 18
10302 0
10303 0
10304 4
10305 0
10306 0
10307 6
10308 0
10309 8
10310 0
10311 0
10312 0
10313 2
10314 4
10315 0
10316 0
10317 0
10318 8
10319 990
10320 0
10321 0
10322 20
10323 0
10324 4
10325 2
10326 0
10327 0
10328 20
10329 8
10330 0
10331 102
10332 0
10333 0
10334 28
10335 256
10336 0
10337 2
10338 0
10339 16
10340 0
10341 0
10342 0
10343 14
10344 4
10345 0
10346 0
10347 0
10348 0
10349 10
10350 0
10351 0
10352 8
10353 40
10354 4
10355 6
10356 0
10357 0
10358 0
10359 32
10360 0
10361 42
10362 0
10363 0
10364 4
10365 0
10366 0
10367 254
10368 0
10369 24
10370 0
10371 0
10372 0
10373 2
10374 4
10375 0
10376 0
10377 0
10378 0
10379 22
10380 0
10381 0
10382 0
10383 0
10384 24
10385 2
10386 8
10387 0
10388 0
10389 8
10390 0
10391 14
10392 0
10393 0
10394 48
10395 0
10396 0
10397 2
10398 0
10399 896
10400 0
10401 0
10402 0
10403 38
10404 4
10405 0
10406 0
10407 0
10408 0
10409 10
10410 0
10411 0
10412 0
10413 112
10414 4
10415 350
10416 0
10417 0
10418 0
10419 16
10420 8
10421 2
10422 0
10423 0
10424 4
10425 0
10426 0
10427 86
10428 0
10429 8
10430 36
10431 0
10432 0
10433 2
10434 4
10435 0
10436 0
10437 16
10438 0
10439 46
10440 0
10441 0
10442 0
10443 0
10444 4
10445 2
10446 20
10447 0
10448 56
10449 8
10450 0
10451 6
10452 0
10453 0
10454 160
10455 0
10456 0
10457 50
10458 0
10459 16
10460 20
10461 0
10462 0
10463 62
10464 76
10465 0
10466 0
10467 0
10468 0
10469 10
10470 0
10471 64
10472 0
10473 0
10474 4
10475 6
10476 0
10477 40
10478 0
10479 64
10480 0
10481 2
10482 0
10483 0
10484 4
10485 0
10486 0
10487 14
10488 8
10489 8
10490 0
10491 0
10492 0
10493 42
10494 4
10495 0
10496 0
10497 0
10498 0
10499 22
10500 0
10501 0
10502 0
10503 0
10504 4
10505 18
10506 0
10507 0
10508 20
10509 8
10510 0
10511 30
10512 0
10513 0
10514 4
10515 0
10516 0
10517 2
10518 0
10519 32
10520 24
10521 0
10522 8
10523 6
10524 4
10525 0
10526 20
10527 0
10528 0
10529 250
10530 0
10531 0
10532 0
10533 0
10534 4
10535 14
10536 144
10537 0
10538 0
10539 128
10540 56
10541 2
10542 0
10543 0
10544 4
10545 0
10546 0
10547 6
10548 0
10549 8
10550 0
10551 0
10552 0
10553 2
10554 4
10555 0
10556 8
10557 0
10558 0
10559 1662
10560 0
10561 0
10562 0
10563 0
10564 4
10565 2
10566 0
10567 0
10568 0
10569 8
10570 40
10571 6
10572 0
10573 16
10574 4
10575 0
10576 0
10577 114
10578 0
10579 16
10580 0
10581 0
10582 0
10583 206
10584 4
10585 0
10586 0
10587 0
10588 0
10589 10
10590 8
10591 0
10592 20
10593 0
10594 28
10595 6
10596 0
10597 0
10598 0
10599 32
10600 0
10601 114
10602 0
10603 0
10604 4
10605 0
10606 0
10607 158
10608 0
10609 8
10610 0
10611 0
10612 0
10613 2
10614 4
10615 0
10616 0
10617 0
10618 0
10619 22
10620 0
10621 0
10622 0
10623 0
10624 12
10625 42
10626 0
10627 0
10628 0
10629 8
10630 0
10631 14
10632 20
10633 0
10634 4
10635 0
10636 0
10637 2
10638 0
10639 64
10640 0
10641 16
10642 0
10643 6
10644 4
10645 0
10646 96
10647 0
10648 0
10649 10
10650 0
10651 0
10652 0
10653 0
10654 4
10655 62
10656 0
10657 0
10658 28
10659 192
10660 0
10661 2
10662 0
10663 160
10664 4
10665 0
10666 0
10667 230
10668 0
10669 8
10670 0
10671 0
10672 0
10673 2
10674 4
10675 32
10676 0
10677 0
10678 0
10679 46
10680 0
10681 0
10682 0
10683 0
10684 4
10685 2
10686 0
10687 0
10688 0
10689 8
10690 0
10691 86
10692 8
10693 0
10694 24
10695 0
10696 0
10697 2
10698 0
10699 16
10700 0
10701 0
10702 0
10703 30
10704 4
10705 0
10706 56
10707 0
10708 0
10709 330
10710 0
10711 0
10712 0
10713 0
10714 4
10715 6
10716 0
10717 0
10718 0
10719 128
10720 0
10721 2
10722 0
10723 0
10724 48
10725 40
10726 8
10727 14
10728 0
10729 8
10730 252
10731 0
10732 0
10733 2
10734 4
10735 0
10736 0
10737 0
10738 0
10739 22
10740 0
10741 0
10742 0
10743 64
10744 4
10745 2
10746 0
10747 0
10748 0
10749 8
10750 0
10751 1022
10752 0
10753 0
10754 4
10755 0
10756 20
10757 42
10758 0
10759 32
10760 8
10761 0
10762 0
10763 6
10764 4
10765 0
10766 0
10767 0
10768 0
10769 10
10770 0
10771 0
10772 276
10773 0
10774 4
10775 14
10776 0
10777 16
10778 0
10779 16
10780 0
10781 2
10782 0
10783 0
10784 4
10785 0
10786 0
10787 86
10788 0
10789 56
10790 20
10791 0
10792 0
10793 290
10794 68
10795 0
10796 0
10797 0
10798 0
10799 94
10800 0
10801 0
10802 0
10803 0
10804 4
10805 2
10806 0
10807 0
10808 0
10809 8
10810 0
10811 38
10812 0
10813 0
10814 4
10815 0
10816 0
10817 2
10818 20
10819 16
10820 0
10821 0
10822 0
10823 174
10824 4
10825 0
10826 0
10827 0
10828 8
10829 10
10830 0
10831 0
10832 0
10833 0
10834 4
10835 326
10836 0
10837 0
10838 0
10839 32
10840 0
10841 2
10842 0
10843 0
10844 4
10845 16
10846 0
10847 62
10848 0
10849 48
10850 0
10851 0
10852 0
10853 2
10854 28
10855 0
10856 20
10857 0
10858 0
10859 22
10860 0
10861 0
10862 8
10863 0
10864 24
10865 2
10866 0
10867 0
10868 0
10869 8
10870 0
10871 14
10872 0
10873 0
10874 4
10875 0
10876 0
10877 2
10878 0
10879 1536
10880 20
10881 0
10882 0
10883 6
10884 4
10885 0
10886 0
10887 0
10888 0
10889 50
10890 0
10891 0
10892 0
10893 0
10894 4
10895 30
10896 8
10897 0
10898 24
10899 16
10900 0
10901 2
10902 0
10903 0
10904 4
10905 0
10906 0
10907 6
10908 0
10909 8
10910 0
10911 1280
10912 0
10913 18
10914 4
10915 0
10916 0
10917 0
10918 0
10919 1774
10920 0
10921 2016
10922 1760
10923 1872
10924 4
10925 2
10926 0
10927 2112
10928 0
10929 8
10930 8
10931 6
10932 0
10933 0
10934 4
10935 0
10936 0
10937 2
10938 0
10939 16
10940 0
10941 0
10942 20
10943 2430
10944 4
10945 0
10946 0
10947 32
10948 0
10949 10
10950 0
10951 0
10952 0
10953 0
10954 4
10955 86
10956 0
10957 0
10958 0
10959 64
10960 0
10961 50
10962 0
10963 0
10964 196
10965 0
10966 0
10967 14
10968 0
10969 8
10970 0
10971 0
10972 0
10973 42
10974 4
10975 0
10976 0
10977 0
10978 0
10979 22
10980 0
10981 16
10982 0
10983 0
10984 28
10985 2
10986 0
10987 0
10988 20
10989 8
10990 0
10991 30
10992 0
10993 0
10994 4
10995 0
10996 0
10997 2
10998 8
10999 32
11000 0
11001 0
11002 0
11003 6
11004 24
11005 0
11006 0
11007 0
11008 0
11009 10
11010 0
11011 0
11012 0
11013 0
11014 4
11015 78
11016 0
11017 0
11018 0
11019 16
11020 0
11021 42
11022 0
11023 0
11024 28
11025 0
11026 0
11027 6
11028 0
11029 8
11030 0
11031 0
11032 8
11033 2
11034 4
11035 80
11036 0
11037 0
11038 0
11039 190
11040 0
11041 0
11042 0
11043 0
11044 4
11045 2
11046 0
11047 0
11048 56
11049 72
11050 144
11051 6
11052 0
11053 0
11054 24
11055 0
11056 0
11057 2
11058 0
11059 16
11060 0
11061 0
11062 0
11063 14
11064 4
11065 0
11066 28
11067 0
11068 0
11069 50
11070 0
11071 0
11072 0
11073 0
11074 4
11075 6
11076 0
11077 0
11078 0
11079 32
11080 0
11081 2
11082 0
11083 32
11084 4
11085 0
11086 0
11087 734
11088 0
11089 8
11090 0
11091 0
11092 0
11093 114
11094 4
11095 0
11096 0
11097 40
11098 0
11099 22
11100 8
11101 0
11102 0
11103 0
11104 4
11105 2
11106 0
11107 0
11108 0
11109 8
11110 0
11111 14
11112 0
11113 0
11114 160
11115 0
11116 0
11117 18
11118 0
11119 64
11120 20
11121 0
11122 0
11123 6
11124 4
11125 0
11126 0
11127 0
11128 20
11129 10
11130 0
11131 0
11132 0
11133 0
11134 12
11135 254
11136 0
11137 0
11138 0
11139 16
11140 0
11141 2
11142 0
11143 0
11144 4
11145 0
11146 0
11147 6
11148 0
11149 8
11150 24
11151 128
11152 0
11153 42
11154 4
11155 0
11156 0
11157 0
11158 0
11159 206
11160 0
11161 0
11162 0
11163 0
11164 4
11165 2
11166 0
11167 0
11168 8
11169 8
11170 0
11171 6
11172 0
11173 0
11174 4
11175 448
11176 0
11177 2
11178 0
11179 112
11180 0
11181 0
11182 0
11183 30
11184 4
11185 16
11186 20
11187 0
11188 0
11189 10
11190 20
11191 0
11192 0
11193 0
11194 4
11195 6
11196 0
11197 0
11198 0
11199 256
11200 0
11201 2
11202 8
11203 0
11204 4
11205 0
11206 0
11207 14
11208 0
11209 8
11210 0
11211 0
11212 0
11213 50
11214 4
11215 0
11216 0
11217 0
11218 0
11219 646
11220 0
11221 40
11222 56
11223 0
11224 4
11225 2
11226 0
11227 0
11228 0
11229 8
11230 0
11231 62
11232 0
11233 0
11234 4
11235 0
11236 8
11237 2
11238 0
11239 32
11240 0
11241 504
11242 0
11243 6
11244 28
11245 0
11246 0
11247 0
11248 0
11249 10
11250 0
11251 0
11252 480
11253 16
11254 4
11255 14
11256 0
11257 0
11258 0
11259 16
11260 0
11261 2
11262 0
11263 0
11264 4
11265 0
11266 0
11267 6
11268 0
11269 8
11270 8
11271 0
11272 0
11273 2
11274 484
11275 0
11276 24
11277 0
11278 0
11279 94
11280 0
11281 0
11282 0
11283 80
11284 4
11285 546
11286 0
11287 64
11288 0
11289 8
11290 0
11291 6
11292 0
11293 0
11294 4
11295 0
11296 0
11297 2
11298 0
11299 16
11300 0
11301 0
11302 56
11303 14
11304 12
11305 0
11306 0
11307 576
11308 0
11309 58
11310 0
11311 0
11312 0
11313 0
11314 24
11315 6
11316 0
11317 0
11318 20
11319 32
11320 0
11321 18
11322 0
11323 0
11324 4
11325 0
11326 0
11327 126
11328 0
11329 8
11330 0
11331 0
11332 0
11333 2
11334 4
11335 0
11336 0
11337 0
11338 8
11339 118
11340 0
11341 0
11342 0
11343 0
11344 4
11345 42
11346 0
11347 0
11348 0
11349 8
11350 0
11351 622
11352 0
11353 0
11354 4
11355 32
11356 0
11357 2
11358 0
11359 128
11360 0
11361 0
11362 0
11363 6
11364 4
11365 0
11366 0
11367 0
11368 0
11369 10
11370 0
11371 0
11372 8
11373 0
11374 76
11375 30
11376 20
11377 0
11378 0
11379 16
11380 0
11381 2
11382 0
11383 0
11384 24
11385 0
11386 0
11387 6
11388 0
11389 24
11390 0
11391 0
11392 0
11393 2
11394 4
11395 0
11396 0
11397 0
11398 0
11399 46
11400 0
11401 0
11402 24
11403 0
11404 4
11405 2
11406 8
11407 320
11408 0
11409 8
11410 0
11411 6
11412 0
11413 0
11414 4
11415 0
11416 0
11417 42
11418 0
11419 16
11420 0
11421 0
11422 0
11423 318
11424 4
11425 0
11426 0
11427 0
11428 0
11429 122
11430 0
11431 0
11432 0
11433 0
11434 4
11435 6
11436 0
11437 0
11438 20
11439 448
11440 8
11441 2
11442 0
11443 0
11444 4
11445 0
11446 0
11447 14
11448 0
11449 8
11450 20
11451 0
11452 0
11453 2
11454 4
11455 0
11456 36
11457 16
11458 0
11459 22
11460 0
11461 0
11462 0
11463 0
11464 4
11465 194
11466 0
11467 0
11468 0
11469 48
11470 0
11471 30
11472 0
11473 0
11474 140
11475 0
11476 0
11477 2
11478 0
11479 192
11480 56
11481 0
11482 0
11483 86
11484 4
11485 0
11486 0
11487 0
11488 0
11489 10
11490 0
11491 32
11492 0
11493 0
11494 4
11495 14
11496 0
11497 0
11498 0
11499 16
11500 20
11501 2
11502 0
11503 0
11504 28
11505 0
11506 0
11507 6
11508 8
11509 8
11510 0
11511 0
11512 0
11513 2
11514 4
11515 0
11516 20
11517 0
11518 0
11519 1534
11520 0
11521 0
11522 0
11523 0
11524 4
11525 18
11526 0
11527 0
11528 24
11529 8
11530 0
11531 86
11532 0
11533 0
11534 4
11535 0
11536 0
11537 2
11538 0
11539 16
11540 0
11541 0
11542 8
11543 14
11544 4
11545 0
11546 0
11547 0
11548 0
11549 50
11550 0
11551 0
11552 0
11553 0
11554 4
11555 6
11556 56
11557 0
11558 0
11559 96
11560 0
11561 2
11562 20
11563 0
11564 212
11565 0
11566 0
11567 30
11568 0
11569 56
11570 0
11571 0
11572 0
11573 2
11574 4
11575 0
11576 8
11577 0
11578 0
11579 22
11580 0
11581 0
11582 20
11583 0
11584 4
11585 2
11586 0
11587 0
11588 0
11589 8
11590 0
11591 206
11592 0
11593 96
11594 4
11595 0
11596 0
11597 2
11598 0
11599 64
11600 0
11601 0
11602 0
11603 6
11604 4
11605 0
11606 0
11607 0
11608 0
11609 122
11610 140
11611 0
11612 0
11613 0
11614 4
11615 702
11616 0
11617 0
11618 0
11619 16
11620 0
11621 2
11622 0
11623 0
11624 24
11625 0
11626 0
11627 182
11628 0
11629 8
11630 0
11631 0
11632 0
11633 2
11634 28
11635 0
11636 0
11637 0
11638 0
11639 46
11640 0
11641 0
11642 0
11643 0
11644 12
11645 2
11646 0
11647 0
11648 20
11649 8
11650 0
11651 6
11652 0
11653 0
11654 28
11655 160
11656 0
11657 2
11658 0
11659 16
11660 0
11661 16
11662 0
11663 30
11664 4
11665 0
11666 0
11667 0
11668 0
11669 10
11670 0
11671 0
11672 0
11673 0
11674 4
11675 6
11676 0
11677 0
11678 8
11679 128
11680 0
11681 42
11682 0
11683 224
11684 24
11685 0
11686 20
11687 14
11688 0
11689 8
11690 0
11691 0
11692 0
11693 2
11694 4
11695 128
11696 0
11697 0
11698 0
11699 502
11700 0
11701 0
11702 0
11703 0
11704 4
11705 2
11706 0
11707 0
11708 0
11709 8
11710 0
11711 126
11712 8
11713 0
11714 24
11715 0
11716 0
11717 90
11718 0
11719 32
11720 0
11721 0
11722 0
11723 6
11724 4
11725 0
11726 0
11727 0
11728 0
11729 282
11730 0
11731 0
11732 0
11733 0
11734 4
11735 14
11736 0
11737 0
11738 56
11739 16
11740 0
11741 2
11742 0
11743 0
11744 4
11745 0
11746 8
11747 86
11748 20
11749 8
11750 0
11751 0
11752 252
11753 2
11754 4
11755 0
11756 0
11757 0
11758 0
11759 94
11760 0
11761 0
11762 0
11763 32
11764 28
11765 2
11766 0
11767 0
11768 0
11769 8
11770 0
11771 6
11772 0
11773 0
11774 4
11775 0
11776 0
11777 2
11778 0
11779 96
11780 52
11781 0
11782 0
11783 14
11784 4
11785 0
11786 0
11787 0
11788 0
11789 10
11790 0
11791 0
11792 0
11793 0
11794 4
11795 6
11796 0
11797 16
11798 252
11799 32
11800 0
11801 2
11802 0
11803 0
11804 4
11805 0
11806 0
11807 62
11808 0
11809 8
11810 76
11811 0
11812 0
11813 42
11814 12
11815 0
11816 0
11817 0
11818 0
11819 22
11820 0
11821 288
11822 0
11823 0
11824 4
11825 2
11826 0
11827 0
11828 0
11829 152
11830 0
11831 78
11832 0
11833 0
11834 4
11835 0
11836 0
11837 2
11838 0
11839 256
11840 0
11841 40
11842 0
11843 102
11844 4
11845 0
11846 20
11847 0
11848 8
11849 10
11850 0
11851 0
11852 0
11853 0
11854 4
11855 30
11856 0
11857 0
11858 0
11859 16
11860 0
11861 2
11862 0
11863 0
11864 4
11865 16
11866 0
11867 230
11868 0
11869 8
11870 0
11871 0
11872 20
11873 2
11874 4
11875 0
11876 0
11877 0
11878 0
11879 206
11880 0
11881 0
11882 8
11883 0
11884 4
11885 2
11886 0
11887 0
11888 0
11889 48
11890 0
11891 6
11892 0
11893 0
11894 28
11895 0
11896 0
11897 2
11898 0
11899 48
11900 0
11901 0
11902 0
11903 2814
11904 4
11905 0
11906 24
11907 0
11908 0
11909 10
11910 0
11911 0
11912 20
11913 0
11914 4
11915 726
11916 8
11917 0
11918 0
11919 64
11920 0
11921 2
11922 0
11923 0
11924 4
11925 0
11926 0
11927 14
11928 0
11929 8
11930 0
11931 0
11932 0
11933 18
11934 44
11935 0
11936 0
11937 112
11938 0
11939 22
11940 0
11941 0
11942 0
11943 0
11944 4
11945 42
11946 0
11947 0
11948 0
11949 8
11950 8
11951 30
11952 0
11953 0
11954 4
11955 0
11956 0
11957 2
11958 0
11959 224
11960 0
11961 0
11962 0
11963 6
11964 4
11965 40
11966 0
11967 512
11968 0
11969 130
11970 0
11971 0
11972 0
11973 0
11974 4
11975 14
11976 0
11977 0
11978 20
11979 16
11980 0
11981 2
11982 0
11983 0
11984 140
11985 0
11986 0
11987 6
11988 0
11989 8
11990 0
11991 0
11992 0
11993 2
11994 4
11995 0
11996 76
11997 0
11998 0
11999 190
12000 0
12001 16
12002 0
12003 0
12004 4
12005 2
12006 0
12007 0
12008 0
12009 8
12010 0
12011 86
12012 0
12013 0
12014 4
12015 0
12016 0
12017 2
12018 8
12019 16
12020 0
12021 0
12022 0
12023 14
12024 28
12025 0
12026 0
12027 80
12028 0
12029 10
12030 0
12031 0
12032 24
12033 0
12034 4
12035 38
12036 0
12037 0
12038 0
12039 32
12040 0
12041 2
12042 0
12043 0
12044 24
12045 0
12046 0
12047 30
12048 0
12049 8
12050 0
12051 0
12052 8
12053 2
12054 4
12055 0
12056 0
12057 0
12058 20
12059 22
12060 0
12061 0
12062 0
12063 0
12064 60
12065 2
12066 0
12067 0
12068 0
12069 24
12070 0
12071 14
12072 0
12073 0
12074 4
12075 0
12076 0
12077 42
12078 144
12079 64
12080 0
12081 0
12082 0
12083 6
12084 4
12085 0
12086 8
12087 0
12088 0
12089 98
12090 0
12091 0
12092 0
12093 0
12094 24
12095 1662
12096 0
12097 0
12098 0
12099 16
12100 0
12101 2
12102 0
12103 64
12104 4
12105 0
12106 0
12107 6
12108 0
12109 8
12110 20
12111 0
12112 0
12113 2
12114 4
12115 0
12116 0
12117 0
12118 0
12119 46
12120 28
12121 0
12122 0
12123 0
12124 4
12125 114
12126 0
12127 0
12128 0
12129 8
12130 0
12131 6
12132 0
12133 0
12134 4
12135 0
12136 0
12137 18
12138 0
12139 16
12140 36
12141 0
12142 0
12143 350
12144 4
12145 0
12146 0
12147 0
12148 0
12149 10
12150 0
12151 160
12152 0
12153 0
12154 36
12155 6
12156 0
12157 0
12158 24
12159 512
12160 0
12161 2
12162 0
12163 0
12164 4
12165 0
12166 0
12167 14
12168 0
12169 8
12170 0
12171 32
12172 0
12173 2
12174 4
12175 0
12176 20
12177 0
12178 0
12179 22
12180 0
12181 0
12182 20
12183 0
12184 4
12185 2
12186 0
12187 0
12188 8
12189 8
12190 0
12191 1854
12192 0
12193 0
12194 4
12195 0
12196 0
12197 2
12198 0
12199 32
12200 0
12201 0
12202 0
12203 6
12204 4
12205 16
12206 0
12207 0
12208 0
12209 50
12210 0
12211 0
12212 0
12213 40
12214 4
12215 14
12216 0
12217 0
12218 0
12219 112
12220 0
12221 50
12222 8
12223 0
12224 4
12225 0
12226 0
12227 6
12228 0
12229 8
12230 0
12231 0
12232 0
12233 2
12234 4
12235 0
12236 0
12237 0
12238 0
12239 2270
12240 0
12241 0
12242 20
12243 0
12244 24
12245 2
12246 0
12247 0
12248 0
12249 8
12250 0
12251 6
12252 0
12253 0
12254 60
12255 0
12256 8
12257 2
12258 0
12259 16
12260 0
12261 0
12262 0
12263 2030
12264 4
12265 0
12266 0
12267 0
12268 0
12269 10
12270 0
12271 0
12272 0
12273 16
12274 4
12275 1926
12276 0
12277 0
12278 0
12279 32
12280 0
12281 2114
12282 0
12283 0
12284 2068
12285 0
12286 0
12287 8190
12288 0
12289 8
12290 2072
12291 0
12292 0
12293 2114
12294 4
12295 0
12296 0
12297 0
12298 0
12299 1942
12300 0
12301 0
12302 0
12303 0
12304 4
12305 2
12306 20
12307 32
12308 20
12309 8
12310 0
12311 2030
12312 0
12313 0
12314 4
12315 0
12316 0
12317 2
12318 56
12319 128
12320 0
12321 0
12322 0
12323 6
12324 12
12325 0
12326 0
12327 0
12328 0
12329 10
12330 0
12331 0
12332 0
12333 0
12334 4
12335 2334
12336 0
12337 40
12338 0
12339 16
12340 0
12341 58
12342 0
12343 0
12344 4
12345 0
12346 0
12347 102
12348 0
12349 56
12350 0
12351 0
12352 0
12353 2
12354 4
12355 0
12356 0
12357 0
12358 8
12359 46
12360 0
12361 0
12362 0
12363 0
12364 4
12365 2
12366 0
12367 0
12368 20
12369 8
12370 0
12371 6
12372 0
12373 0
12374 24
12375 64
12376 0
12377 2
12378 0
12379 16
12380 0
12381 0
12382 0
12383 1854
12384 4
12385 0
12386 0
12387 0
12388 0
12389 10
12390 0
12391 0
12392 8
12393 0
12394 4
12395 6
12396 0
12397 0
12398 0
12399 384
12400 0
12401 2
12402 0
12403 0
12404 4
12405 0
12406 0
12407 174
12408 0
12409 24
12410 24
12411 0
12412 0
12413 2
12414 28
12415 0
12416 0
12417 0
12418 0
12419 22
12420 0
12421 0
12422 0
12423 0
12424 4
12425 2
12426 8
12427 0
12428 0
12429 8
12430 20
12431 30
12432 0
12433 0
12434 4
12435 0
12436 0
12437 2
12438 0
12439 32
12440 20
12441 0
12442 0
12443 38
12444 4
12445 112
12446 0
12447 0
12448 0
12449 10
12450 0
12451 0
12452 0
12453 0
12454 4
12455 14
12456 0
12457 0
12458 0
12459 16
12460 8
12461 42
12462 0
12463 0
12464 4
12465 0
12466 0
12467 6
12468 0
12469 8
12470 0
12471 0
12472 0
12473 90
12474 4
12475 0
12476 0
12477 16
12478 0
12479 1918
12480 0
12481 0
12482 288
12483 0
12484 4
12485 2
12486 0
12487 0
12488 0
12489 8
12490 0
12491 6
12492 20
12493 0
12494 140
12495 0
12496 0
12497 2
12498 0
12499 16
12500 0
12501 0
12502 0
12503 14
12504 24
12505 0
12506 20
12507 0
12508 0
12509 10
12510 0
12511 256
12512 56
12513 0
12514 4
12515 6
12516 0
12517 0
12518 0
12519 32
12520 0
12521 2
12522 0
12523 80
12524 4
12525 0
12526 0
12527 30
12528 8
12529 8
12530 0
12531 0
12532 0
12533 2
12534 4
12535 0
12536 24
12537 0
12538 0
12539 102
12540 0
12541 0
12542 0
12543 0
12544 28
12545 18
12546 0
12547 0
12548 0
12549 8
12550 0
12551 14
12552 0
12553 0
12554 24
12555 0
12556 0
12557 2
12558 0
12559 64
12560 0
12561 0
12562 8
12563 6
12564 4
12565 0
12566 0
12567 0
12568 0
12569 10
12570 0
12571 0
12572 76
12573 0
12574 4
12575 62
12576 0
12577 0
12578 0
12579 48
12580 0
12581 2
12582 0
12583 0
12584 4
12585 40
12586 0
12587 6
12588 0
12589 8
12590 0
12591 0
12592 144
12593 2
12594 4
12595 0
12596 8
12597 0
12598 0
12599 238
12600 0
12601 0
12602 0
12603 0
12604 4
12605 42
12606 0
12607 0
12608 0
12609 56
12610 0
12611 6
12612 0
12613 16
12614 4
12615 0
12616 40
12617 2
12618 0
12619 16
12620 0
12621 0
12622 0
12623 30
12624 4
12625 0
12626 0
12627 0
12628 0
12629 10
12630 8
12631 0
12632 0
12633 0
12634 4
12635 6
12636 0
12637 0
12638 20
12639 128
12640 0
12641 114
12642 0
12643 0
12644 4
12645 0
12646 0
12647 238
12648 0
12649 8
12650 0
12651 0
12652 0
12653 74
12654 4
12655 0
12656 0
12657 0
12658 0
12659 22
12660 0
12661 0
12662 24
12663 0
12664 12
12665 2
12666 0
12667 0
12668 0
12669 8
12670 0
12671 2814
12672 0
12673 0
12674 28
12675 0
12676 0
12677 2
12678 20
12679 32
12680 0
12681 16
12682 0
12683 6
12684 4
12685 0
12686 0
12687 0
12688 0
12689 10
12690 0
12691 0
12692 0
12693 0
12694 4
12695 14
12696 0
12697 0
12698 8
12699 240
12700 0
12701 2
12702 0
12703 0
12704 24
12705 0
12706 0
12707 6
12708 0
12709 88
12710 0
12711 0
12712 0
12713 2
12714 4
12715 32
12716 0
12717 0
12718 0
12719 94
12720 0
12721 0
12722 0
12723 0
12724 4
12725 50
12726 0
12727 0
12728 0
12729 8
12730 0
12731 6
12732 8
12733 0
12734 4
12735 0
12736 0
12737 42
12738 0
12739 304
12740 20
12741 0
12742 0
12743 14
12744 4
12745 0
12746 0
12747 0
12748 0
12749 282
12750 0
12751 0
12752 0
12753 0
12754 4
12755 6
12756 0
12757 0
12758 0
12759 32
12760 0
12761 2
12762 0
12763 0
12764 4
12765 0
12766 8
12767 62
12768 0
12769 8
12770 76
12771 80
12772 0
12773 2
12774 256
12775 0
12776 0
12777 0
12778 0
12779 22
12780 0
12781 0
12782 0
12783 128
12784 4
12785 2
12786 0
12787 0
12788 24
12789 8
12790 0
12791 14
12792 0
12793 0
12794 4
12795 0
12796 0
12797 2
12798 0
12799 2048
12800 8
12801 0
12802 20
12803 86
12804 28
12805 0
12806 0
12807 0
12808 0
12809 10
12810 0
12811 0
12812 0
12813 0
12814 4
12815 30
12816 0
12817 16
12818 0
12819 16
12820 0
12821 2
12822 0
12823 0
12824 256
12825 0
12826 56
12827 6
12828 0
12829 8
12830 0
12831 0
12832 0
12833 42
12834 12
12835 0
12836 20
12837 0
12838 0
12839 46
12840 0
12841 0
12842 0
12843 0
12844 4
12845 2
12846 0
12847 0
12848 0
12849 296
12850 0
12851 134
12852 0
12853 0
12854 4
12855 0
12856 0
12857 2
12858 0
12859 16
12860 0
12861 0
12862 0
12863 126
12864 24
12865 0
12866 0
12867 0
12868 8
12869 290
12870 0
12871 0
12872 0
12873 0
12874 4
12875 6
12876 0
12877 0
12878 0
12879 64
12880 0
12881 2
12882 0
12883 0
12884 4
12885 16
12886 0
12887 14
12888 0
12889 8
12890 0
12891 0
12892 0
12893 2
12894 4
12895 640
12896 0
12897 0
12898 0
12899 246
12900 0
12901 0
12902 28
12903 0
12904 4
12905 2
12906 0
12907 0
12908 0
12909 8
12910 0
12911 30
12912 0
12913 0
12914 48
12915 0
12916 0
12917 2
12918 0
12919 96
12920 0
12921 0
12922 0
12923 6
12924 4
12925 0
12926 20
12927 0
12928 0
12929 10
12930 0
12931 0
12932 0
12933 0
12934 28
12935 174
12936 8
12937 0
12938 0
12939 16
12940 0
12941 2
12942 0
12943 0
12944 4
12945 0
12946 0
12947 6
12948 0
12949 8
12950 0
12951 0
12952 0
12953 130
12954 4
12955 0
12956 0
12957 80
12958 0
12959 190
12960 0
12961 0
12962 0
12963 0
12964 4
12965 2
12966 0
12967 0
12968 20
12969 8
12970 8
12971 6
12972 0
12973 0
12974 4
12975 0
12976 132
12977 50
12978 0
12979 16
12980 0
12981 0
12982 0
12983 14
12984 4
12985 0
12986 0
12987 32
12988 20
12989 10
12990 0
12991 0
12992 0
12993 0
12994 4
12995 150
12996 0
12997 0
12998 0
12999 224
13000 0
13001 42
13002 0
13003 0
13004 140
13005 0
13006 0
13007 30
13008 0
13009 8
13010 0
13011 0
13012 0
13013 2
13014 4
13015 0
13016 0
13017 0
13018 0
13019 102
13020 0
13021 16
13022 0
13023 0
13024 4
13025 2
13026 0
13027 0
13028 56
13029 8
13030 0
13031 14
13032 0
13033 0
13034 24
13035 0
13036 0
13037 2
13038 8
13039 64
13040 24
13041 0
13042 0
13043 6
13044 4
13045 0
13046 0
13047 0
13048 0
13049 10
13050 20
13051 0
13052 0
13053 0
13054 4
13055 2558
13056 0
13057 0
13058 0
13059 16
13060 0
13061 2
13062 0
13063 0
13064 28
13065 0
13066 0
13067 86
13068 0
13069 8
13070 0
13071 0
13072 8
13073 2
13074 4
13075 0
13076 0
13077 0
13078 0
13079 46
13080 56
13081 40
13082 0
13083 0
13084 4
13085 2
13086 0
13087 0
13088 0
13089 24
13090 0
13091 6
13092 0
13093 0
13094 4
13095 0
13096 0
13097 2
13098 0
13099 16
13100 20
13101 0
13102 0
13103 1566
13104 4
13105 0
13106 1304
13107 1344
13108 0
13109 10
13110 0
13111 0
13112 20
13113 0
13114 4
13115 6
13116 0
13117 0
13118 0
13119 1536
13120 0
13121 2
13122 0
13123 32
13124 4
13125 0
13126 0
13127 14
13128 0
13129 56
13130 0
13131 0
13132 0
13133 42
13134 4
13135 0
13136 0
13137 0
13138 0
13139 22
13140 8
13141 0
13142 0
13143 160
13144 4
13145 2
13146 0
13147 0
13148 0
13149 8
13150 0
13151 62
13152 0
13153 0
13154 4
13155 0
13156 0
13157 130
13158 0
13159 32
13160 0
13161 0
13162 0
13163 6
13164 4
13165 0
13166 80
13167 0
13168 0
13169 10
13170 0
13171 0
13172 0
13173 0
13174 32
13175 14
13176 0
13177 0
13178 0
13179 16
13180 0
13181 2
13182 0
13183 0
13184 4
13185 0
13186 0
13187 6
13188 0
13189 8
13190 0
13191 64
13192 0
13193 2
13194 76
13195 0
13196 0
13197 0
13198 0
13199 414
13200 0
13201 0
13202 0
13203 0
13204 4
13205 42
13206 0
13207 448
13208 8
13209 8
13210 0
13211 6
13212 0
13213 0
13214 4
13215 0
13216 0
13217 2
13218 0
13219 16
13220 0
13221 0
13222 0
13223 14
13224 4
13225 16
13226 0
13227 0
13228 0
13229 58
13230 0
13231 0
13232 20
13233 0
13234 4
13235 6
13236 20
13237 0
13238 0
13239 32
13240 0
13241 2
13242 8
13243 0
13244 4
13245 0
13246 0
13247 126
13248 0
13249 8
13250 0
13251 0
13252 0
13253 2
13254 4
13255 0
13256 0
13257 0
13258 0
13259 662
13260 0
13261 0
13262 0
13263 0
13264 4
13265 42
13266 0
13267 80
13268 0
13269 8
13270 0
13271 14
13272 0
13273 0
13274 4
13275 0
13276 8
13277 2
13278 0
13279 128
13280 0
13281 0
13282 0
13283 6
13284 4
13285 504
13286 56
13287 0
13288 0
13289 10
13290 0
13291 0
13292 24
13293 16
13294 4
13295 30
13296 0
13297 0
13298 480
13299 16
13300 0
13301 2
13302 0
13303 0
13304 4
13305 0
13306 0
13307 6
13308 0
13309 8
13310 8
13311 0
13312 0
13313 2
13314 4
13315 0
13316 0
13317 0
13318 0
13319 46
13320 0
13321 0
13322 0
13323 0
13324 508
13325 2
13326 0
13327 128
13328 0
13329 48
13330 0
13331 86
13332 0
13333 0
13334 60
13335 0
13336 0
13337 506
13338 0
13339 16
13340 0
13341 0
13342 0
13343 62
13344 12
13345 0
13346 0
13347 0
13348 0
13349 10
13350 0
13351 0
13352 0
13353 0
13354 4
13355 102
13356 0
13357 0
13358 0
13359 64
13360 20
13361 18
13362 0
13363 576
13364 24
13365 0
13366 0
13367 14
13368 0
13369 8
13370 0
13371 0
13372 0
13373 2
13374 4
13375 0
13376 0
13377 0
13378 8
13379 22
13380 0
13381 0
13382 0
13383 0
13384 4
13385 2
13386 0
13387 0
13388 0
13389 56
13390 0
13391 350
13392 0
13393 0
13394 4
13395 32
13396 0
13397 42
13398 0
13399 32
13400 0
13401 0
13402 0
13403 6
13404 4
13405 0
13406 0
13407 0
13408 0
13409 10
13410 0
13411 0
13412 8
13413 0
13414 4
13415 462
13416 0
13417 0
13418 24
13419 16
13420 0
13421 2
13422 20
13423 0
13424 4
13425 0
13426 0
13427 6
13428 0
13429 24
13430 20
13431 0
13432 0
13433 2
13434 4
13435 0
13436 0
13437 0
13438 0
13439 766
13440 0
13441 0
13442 0
13443 0
13444 4
13445 2
13446 8
13447 0
13448 0
13449 8
13450 0
13451 6
13452 0
13453 40
13454 124
13455 0
13456 0
13457 2
13458 0
13459 16
13460 0
13461 112
13462 0
13463 238
13464 4
13465 0
13466 0
13467 0
13468 0
13469 10
13470 0
13471 0
13472 0
13473 0
13474 4
13475 6
13476 0
13477 0
13478 0
13479 32
13480 8
13481 50
13482 0
13483 0
13484 24
13485 0
13486 0
13487 30
13488 0
13489 8
13490 0
13491 0
13492 0
13493 2
13494 4
13495 0
13496 20
13497 16
13498 0
13499 22
13500 0
13501 0
13502 0
13503 0
13504 4
13505 2
13506 0
13507 0
13508 36
13509 8
13510 0
13511 14
13512 0
13513 0
13514 140
13515 80
13516 0
13517 2
13518 0
13519 448
13520 0
13521 0
13522 0
13523 6
13524 4
13525 0
13526 0
13527 0
13528 0
13529 90
13530 0
13531 32
13532 0
13533 0
13534 4
13535 62
13536 0
13537 0
13538 0
13539 16
13540 0
13541 2
13542 0
13543 0
13544 84
13545 0
13546 20
13547 6
13548 8
13549 8
13550 0
13551 0
13552 0
13553 2
13554 4
13555 0
13556 0
13557 0
13558 0
13559 46
13560 0
13561 0
13562 20
13563 0
13564 4
13565 18
13566 0
13567 0
13568 0
13569 8
13570 0
13571 6
13572 0
13573 0
13574 4
13575 0
13576 0
13577 42
13578 0
13579 16
13580 0
13581 0
13582 8
13583 30
13584 28
13585 0
13586 0
13587 0
13588 56
13589 10
13590 0
13591 0
13592 0
13593 0
13594 4
13595 86
13596 0
13597 0
13598 0
13599 384
13600 0
13601 2
13602 0
13603 0
13604 4
13605 0
13606 0
13607 206
13608 20
13609 8
13610 0
13611 0
13612 0
13613 2
13614 4
13615 0
13616 8
13617 0
13618 0
13619 22
13620 144
13621 0
13622 0
13623 0
13624 4
13625 2
13626 0
13627 0
13628 20
13629 8
13630 0
13631 126
13632 0
13633 16
13634 4
13635 0
13636 0
13637 2
13638 0
13639 352
13640 0
13641 0
13642 0
13643 6
13644 4
13645 0
13646 0
13647 0
13648 0
13649 442
13650 8
13651 0
13652 0
13653 0
13654 472
13655 14
13656 0
13657 0
13658 0
13659 544
13660 0
13661 42
13662 0
13663 0
13664 4
13665 0
13666 0
13667 38
13668 0
13669 8
13670 44
13671 0
13672 0
13673 114
13674 4
13675 0
13676 0
13677 0
13678 0
13679 670
13680 0
13681 0
13682 0
13683 0
13684 12
13685 2
13686 0
13687 0
13688 0
13689 8
13690 0
13691 6
13692 0
13693 0
13694 24
13695 0
13696 0
13697 2
13698 0
13699 16
13700 0
13701 56
13702 0
13703 14
13704 4
13705 0
13706 0
13707 0
13708 0
13709 10
13710 0
13711 0
13712 0
13713 0
13714 28
13715 230
13716 0
13717 0
13718 8
13719 32
13720 0
13721 2
13722 0
13723 0
13724 4
13725 0
13726 0
13727 702
13728 0
13729 8
13730 0
13731 0
13732 20
13733 50
13734 24
13735 64
13736 0
13737 0
13738 0
13739 22
13740 0
13741 0
13742 0
13743 0
13744 4
13745 2
13746 0
13747 0
13748 0
13749 8
13750 0
13751 14
13752 8
13753 0
13754 4
13755 0
13756 0
13757 2
13758 0
13759 256
13760 20
13761 0
13762 0
13763 86
13764 4
13765 0
13766 0
13767 0
13768 0
13769 282
13770 0
13771 0
13772 0
13773 0
13774 4
13775 30
13776 0
13777 0
13778 0
13779 112
13780 0
13781 2
13782 0
13783 0
13784 4
13785 0
13786 8
13787 6
13788 0
13789 8
13790 0
13791 0
13792 0
13793 42
13794 24
13795 0
13796 420
13797 0
13798 0
13799 46
13800 0
13801 0
13802 56
13803 32
13804 4
13805 2
13806 0
13807 0
13808 0
13809 8
13810 0
13811 6
13812 0
13813 0
13814 4
13815 0
13816 0
13817 2
13818 0
13819 16
13820 8
13821 0
13822 0
13823 1022
13824 4
13825 40
13826 20
13827 0
13828 0
13829 10
13830 0
13831 0
13832 0
13833 0
13834 4
13835 6
13836 0
13837 16
13838 0
13839 64
13840 0
13841 2
13842 56
13843 0
13844 28
13845 0
13846 0
13847 14
13848 0
13849 8
13850 252
13851 0
13852 0
13853 2
13854 12
13855 0
13856 20
13857 0
13858 0
13859 198
13860 0
13861 0
13862 0
13863 0
13864 4
13865 2
13866 0
13867 0
13868 0
13869 8
13870 0
13871 158
13872 0
13873 0
13874 4
13875 0
13876 0
13877 290
13878 0
13879 32
13880 0
13881 0
13882 0
13883 6
13884 4
13885 0
13886 0
13887 1280
13888 8
13889 10
13890 0
13891 0
13892 20
13893 0
13894 4
13895 14
13896 0
13897 0
13898 0
13899 16
13900 0
13901 2
13902 0
13903 0
13904 4
13905 16
13906 0
13907 6
13908 0
13909 56
13910 0
13911 0
13912 0
13913 2
13914 4
13915 0
13916 0
13917 0
13918 20
13919 190
13920 0
13921 0
13922 104
13923 0
13924 4
13925 42
13926 0
13927 0
13928 0
13929 8
13930 0
13931 230
13932 0
13933 0
13934 4
13935 0
13936 0
13937 2
13938 0
13939 128
13940 0
13941 0
13942 0
13943 14
13944 4
13945 0
13946 0
13947 0
13948 0
13949 50
13950 0
13951 0
13952 0
13953 0
13954 4
13955 6
13956 8
13957 0
13958 20
13959 32
13960 0
13961 2
13962 0
13963 0
13964 4
13965 0
13966 0
13967 30
13968 0
13969 120
13970 0
13971 0
13972 0
13973 18
13974 28
13975 0
13976 0
13977 0
13978 0
13979 22
13980 80
13981 0
13982 0
13983 0
13984 4
13985 50
13986 0
13987 0
13988 0
13989 8
13990 8
13991 174
13992 0
13993 0
13994 4
13995 0
13996 0
13997 2
13998 0
13999 64
14000 0
14001 0
14002 0
14003 6
14004 4
14005 0
14006 0
14007 64
14008 0
14009 10
14010 0
14011 80
14012 0
14013 0
14014 4
14015 126
14016 0
14017 0
14018 0
14019 16
14020 0
14021 74
14022 0
14023 0
14024 160
14025 0
14026 0
14027 6
14028 0
14029 8
14030 0
14031 0
14032 0
14033 2
14034 4
14035 0
14036 0
14037 0
14038 0
14039 1006
14040 0
14041 16
14042 380
14043 0
14044 4
14045 2
14046 0
14047 0
14048 24
14049 8
14050 0
14051 6
14052 0
14053 0
14054 4
14055 0
14056 0
14057 42
14058 8
14059 16
14060 56
14061 0
14062 0
14063 30
14064 4
14065 0
14066 0
14067 0
14068 0
14069 10
14070 0
14071 0
14072 0
14073 40
14074 4
14075 38
14076 0
14077 0
14078 0
14079 1024
14080 0
14081 2
14082 0
14083 0
14084 4
14085 0
14086 0
14087 14
14088 0
14089 8
14090 20
14091 0
14092 8
14093 2
14094 4
14095 0
14096 56
14097 0
14098 0
14099 22
14100 0
14101 0
14102 0
14103 0
14104 96
14105 2
14106 0
14107 0
14108 0
14109 24
14110 0
14111 830
14112 0
14113 0
14114 4
14115 0
14116 0
14117 2
14118 0
14119 32
14120 0
14121 0
14122 0
14123 86
14124 4
14125 0
14126 8
14127 0
14128 0
14129 10
14130 0
14131 0
14132 0
14133 0
14134 148
14135 174
14136 0
14137 0
14138 0
14139 16
14140 0
14141 2
14142 0
14143 512
14144 24
14145 0
14146 0
14147 6
14148 0
14149 8
14150 0
14151 0
14152 0
14153 2
14154 4
14155 0
14156 20
14157 0
14158 0
14159 94
14160 8
14161 0
14162 0
14163 0
14164 4
14165 2
14166 20
14167 0
14168 0
14169 416
14170 0
14171 6
14172 0
14173 0
14174 28
14175 0
14176 0
14177 18
14178 0
14179 16
14180 0
14181 0
14182 0
14183 14
14184 4
14185 0
14186 0
14187 0
14188 0
14189 162
14190 0
14191 0
14192 36
14193 0
14194 12
14195 6
14196 0
14197 40
14198 0
14199 32
14200 0
14201 2
14202 0
14203 0
14204 4
14205 0
14206 0
14207 254
14208 0
14209 8
14210 0
14211 32
14212 0
14213 2
14214 4
14215 0
14216 0
14217 0
14218 0
14219 22
14220 0
14221 0
14222 20
14223 896
14224 4
14225 2
14226 0
14227 0
14228 28
14229 8
14230 0
14231 14
14232 0
14233 0
14234 28
14235 0
14236 0
14237 50
14238 0
14239 128
14240 0
14241 0
14242 0
14243 6
14244 4
14245 16
14246 0
14247 0
14248 0
14249 10
14250 0
14251 0
14252 0
14253 0
14254 4
14255 350
14256 0
14257 0
14258 0
14259 96
14260 0
14261 2
14262 8
14263 0
14264 4
14265 0
14266 0
14267 6
14268 0
14269 8
14270 0
14271 0
14272 0
14273 2
14274 4
14275 0
14276 0
14277 0
14278 0
14279 1134
14280 0
14281 0
14282 0
14283 0
14284 4
14285 2
14286 0
14287 0
14288 20
14289 8
14290 20
14291 6
14292 0
14293 0
14294 4
14295 0
14296 8
14297 2
14298 0
14299 112
14300 24
14301 0
14302 0
14303 62
14304 4
14305 0
14306 0
14307 1008
14308 0
14309 10
14310 0
14311 0
14312 0
14313 16
14314 4
14315 6
14316 0
14317 0
14318 56
14319 64
14320 0
14321 962
14322 0
14323 0
14324 4
14325 0
14326 0
14327 14
14328 1056
14329 8
14330 8
14331 0
14332 0
14333 2
14334 4
14335 0
14336 0
14337 0
14338 0
14339 22
14340 0
14341 0
14342 1056
14343 0
14344 4
14345 2
14346 0
14347 32
14348 0
14349 968
14350 56
14351 30
14352 20
14353 0
14354 24
14355 0
14356 0
14357 2
14358 0
14359 32
14360 0
14361 0
14362 0
14363 1110
14364 36
14365 0
14366 0
14367 0
14368 0
14369 10
14370 0
14371 0
14372 0
14373 0
14374 4
14375 14
14376 0
14377 0
14378 0
14379 16
14380 0
14381 18
14382 0
14383 320
14384 4
14385 0
14386 0
14387 86
14388 0
14389 8
14390 0
14391 1152
14392 0
14393 2
14394 4
14395 0
14396 0
14397 0
14398 8
14399 382
14400 0
14401 0
14402 0
14403 0
14404 4
14405 2
14406 0
14407 0
14408 0
14409 8
14410 0
14411 6
14412 0
14413 0
14414 24
14415 128
14416 0
14417 2
14418 0
14419 16
14420 20
14421 0
14422 0
14423 14
14424 4
14425 0
14426 24
14427 0
14428 0
14429 58
14430 0
14431 0
14432 8
14433 0
14434 4
14435 6
14436 0
14437 0
14438 0
14439 32
14440 0
14441 2
14442 0
14443 0
14444 4
14445 40
14446 0
14447 926
14448 0
14449 24
14450 0
14451 0
14452 0
14453 42
14454 4
14455 0
14456 0
14457 0
14458 0
14459 22
14460 0
14461 0
14462 0
14463 0
14464 4
14465 2
14466 8
14467 0
14468 0
14469 8
14470 0
14471 14
14472 0
14473 0
14474 4
14475 0
14476 20
14477 114
14478 0
14479 64
14480 0
14481 0
14482 0
14483 38
14484 4
14485 0
14486 20
14487 0
14488 0
14489 58
14490 0
14491 0
14492 0
14493 0
14494 28
14495 62
14496 0
14497 0
14498 0
14499 16
14500 8
14501 2
14502 0
14503 0
14504 4
14505 0
14506 0
14507 86
14508 0
14509 8
14510 0
14511 0
14512 0
14513 2
14514 4
14515 0
14516 0
14517 16
14518 0
14519 206
14520 0
14521 0
14522 0
14523 0
14524 4
14525 2
14526 0
14527 0
14528 0
14529 8
14530 0
14531 6
14532 0
14533 0
14534 176
14535 0
14536 0
14537 2
14538 20
14539 16
14540 0
14541 0
14542 0
14543 30
14544 4
14545 0
14546 0
14547 0
14548 0
14549 10
14550 0
14551 64
14552 44
14553 0
14554 24
14555 6
14556 0
14557 0
14558 0
14559 2432
14560 0
14561 2
14562 0
14563 480
14564 4
14565 0
14566 0
14567 14
14568 8
14569 48
14570 0
14571 0
14572 0
14573 2
14574 4
14575 0
14576 56
14577 0
14578 0
14579 22
14580 0
14581 0
14582 0
14583 0
14584 4
14585 58
14586 0
14587 0
14588 0
14589 8
14590 0
14591 510
14592 0
14593 0
14594 4
14595 0
14596 0
14597 2
14598 0
14599 32
14600 20
14601 0
14602 8
14603 6
14604 60
14605 0
14606 0
14607 0
14608 0
14609 10
14610 0
14611 0
14612 0
14613 0
14614 4
14615 206
14616 0
14617 0
14618 20
14619 48
14620 0
14621 2
14622 0
14623 0
14624 124
14625 0
14626 0
14627 6
14628 0
14629 8
14630 0
14631 160
14632 0
14633 2
14634 4
14635 0
14636 8
14637 0
14638 0
14639 94
14640 0
14641 0
14642 0
14643 0
14644 4
14645 2
14646 0
14647 0
14648 144
14649 8
14650 0
14651 86
14652 0
14653 16
14654 4
14655 0
14656 0
14657 2
14658 0
14659 16
14660 0
14661 0
14662 40
14663 14
14664 4
14665 0
14666 0
14667 0
14668 0
14669 10
14670 8
14671 0
14672 0
14673 0
14674 4
14675 6
14676 0
14677 0
14678 24
14679 32
14680 0
14681 2
14682 0
14683 0
14684 24
14685 0
14686 0
14687 318
14688 0
14689 56
14690 0
14691 0
14692 0
14693 42
14694 4
14695 0
14696 0
14697 0
14698 0
14699 22
14700 0
14701 0
14702 0
14703 0
14704 12
14705 186
14706 0
14707 0
14708 0
14709 8
14710 0
14711 14
14712 0
14713 0
14714 4
14715 0
14716 0
14717 42
14718 0
14719 512
14720 0
14721 16
14722 0
14723 6
14724 24
14725 0
14726 0
14727 0
14728 0
14729 10
14730 0
14731 224
14732 0
14733 0
14734 4
14735 30
14736 0
14737 0
14738 8
14739 16
14740 0
14741 194
14742 0
14743 0
14744 4
14745 0
14746 0
14747 6
14748 0
14749 8
14750 20
14751 0
14752 0
14753 2
14754 28
14755 112
14756 0
14757 0
14758 0
14759 206
14760 0
14761 0
14762 0
14763 0
14764 4
14765 2
14766 0
14767 0
14768 0
14769 8
14770 0
14771 6
14772 8
14773 0
14774 4
14775 0
14776 0
14777 2
14778 0
14779 16
14780 0
14781 0
14782 0
14783 1406
14784 4
14785 0
14786 20
14787 0
14788 0
14789 282
14790 0
14791 0
14792 0
14793 0
14794 4
14795 6
14796 0
14797 0
14798 0
14799 64
14800 0
14801 2
14802 0
14803 0
14804 28
14805 0
14806 8
14807 14
14808 0
14809 8
14810 0
14811 0
14812 0
14813 2
14814 4
14815 0
14816 20
14817 40
14818 252
14819 118
14820 0
14821 0
14822 0
14823 64
14824 4
14825 2
14826 0
14827 0
14828 0
14829 8
14830 0
14831 30
14832 0
14833 0
14834 60
14835 0
14836 0
14837 2
14838 0
14839 32
14840 8
14841 0
14842 0
14843 6
14844 4
14845 0
14846 0
14847 0
14848 20
14849 50
14850 0
14851 0
14852 0
14853 0
14854 4
14855 14
14856 0
14857 16
14858 56
14859 16
14860 0
14861 2
14862 0
14863 0
14864 4
14865 0
14866 0
14867 102
14868 0
14869 8
14870 0
14871 0
14872 0
14873 2
14874 12
14875 0
14876 252
14877 0
14878 0
14879 830
14880 0
14881 0
14882 20
14883 0
14884 28
14885 2
14886 0
14887 0
14888 0
14889 8
14890 0
14891 38
14892 0
14893 0
14894 184
14895 0
14896 0
14897 2
14898 0
14899 16
14900 0
14901 0
14902 0
14903 14
14904 4
14905 288
14906 0
14907 0
14908 8
14909 10
14910 20
14911 0
14912 0
14913 0
14914 4
14915 86
14916 0
14917 0
14918 0
14919 32
14920 0
14921 2
14922 0
14923 0
14924 4
14925 16
14926 0
14927 30
14928 0
14929 8
14930 24
14931 0
14932 0
14933 2
14934 4
14935 0
14936 0
14937 0
14938 0
14939 22
14940 0
14941 40
14942 8
14943 0
14944 4
14945 2
14946 0
14947 0
14948 20
14949 56
14950 0
14951 14
14952 0
14953 0
14954 4
14955 0
14956 0
14957 2
14958 0
14959 192
14960 0
14961 0
14962 0
14963 230
14964 24
14965 0
14966 0
14967 0
14968 0
14969 10
14970 0
14971 0
14972 20
14973 0
14974 4
14975 254
14976 8
14977 0
14978 0
14979 16
14980 0
14981 42
14982 0
14983 0
14984 4
14985 112
14986 0
14987 6
14988 0
14989 8
14990 0
14991 0
14992 0
14993 66
14994 4
14995 0
14996 0
14997 0
14998 0
14999 46
15000 0
15001 0
15002 0
15003 160
15004 4
15005 2
15006 0
15007 0
15008 0
15009 8
15010 8
15011 6
15012 0
15013 0
15014 240
15015 0
15016 0
15017 2
15018 0
15019 16
15020 0
15021 0
15022 0
15023 30
15024 4
15025 264
15026 0
15027 32
15028 0
15029 10
15030 0
15031 0
15032 0
15033 0
15034 24
15035 6
15036 0
15037 0
15038 0
15039 256
15040 0
15041 2
15042 0
15043 0
15044 140
15045 0
15046 0
15047 462
15048 0
15049 8
15050 0
15051 0
15052 0
15053 2
15054 4
15055 0
15056 24
15057 0
15058 0
15059 22
15060 0
15061 16
15062 0
15063 0
15064 4
15065 42
15066 0
15067 0
15068 0
15069 8
15070 0
15071 62
15072 0
15073 0
15074 4
15075 0
15076 0
15077 2
15078 8
15079 224
15080 20
15081 0
15082 0
15083 6
15084 4
15085 0
15086 0
15087 0
15088 0
15089 10
15090 0
15091 0
15092 56
15093 0
15094 4
15095 78
15096 20
15097 0
15098 0
15099 16
15100 0
15101 2
15102 0
15103 0
15104 4
15105 0
15106 0
15107 6
15108 0
15109 8
15110 0
15111 0
15112 64
15113 42
15114 4
15115 0
15116 0
15117 0
15118 0
15119 478
15120 0
15121 0
15122 0
15123 0
15124 4
15125 2
15126 0
15127 160
15128 0
15129 24
15130 0
15131 6
15132 0
15133 0
15134 4
15135 0
15136 0
15137 2
15138 0
15139 16
15140 0
15141 0
15142 0
15143 14
15144 28
15145 0
15146 28
15147 0
15148 0
15149 10
15150 0
15151 0
15152 0
15153 0
15154 4
15155 6
15156 0
15157 0
15158 20
15159 32
15160 0
15161 2
15162 144
15163 32
15164 4
15165 0
15166 0
15167 126
15168 0
15169 48
15170 0
15171 0
15172 0
15173 2
15174 4
15175 0
15176 0
15177 0
15178 0
15179 102
15180 8
15181 0
15182 120
15183 0
15184 4
15185 2
15186 0
15187 0
15188 0
15189 48
15190 0
15191 14
15192 0
15193 0
15194 4
15195 0
15196 0
15197 18
15198 0
15199 128
15200 0
15201 0
15202 0
15203 6
15204 4
15205 0
15206 0
15207 0
15208 0
15209 250
15210 0
15211 0
15212 20
15213 0
15214 12
15215 30
15216 0
15217 0
15218 36
15219 16
15220 20
15221 114
15222 0
15223 0
15224 4
15225 0
15226 0
15227 6
15228 0
15229 8
15230 0
15231 1024
15232 0
15233 2
15234 4
15235 0
15236 0
15237 0
15238 0
15239 494
15240 0
15241 0
15242 0
15243 0
15244 4
15245 90
15246 0
15247 0
15248 8
15249 8
15250 0
15251 86
15252 0
15253 0
15254 4
15255 0
15256 0
15257 2
15258 0
15259 16
15260 0
15261 0
15262 0
15263 62
15264 4
15265 16
15266 0
15267 0
15268 0
15269 10
15270 0
15271 0
15272 0
15273 0
15274 28
15275 6
15276 0
15277 0
15278 20
15279 64
15280 0
15281 2
15282 28
15283 0
15284 4
15285 0
15286 0
15287 14
15288 0
15289 8
15290 0
15291 0
15292 0
15293 2
15294 4
15295 0
15296 0
15297 0
15298 0
15299 566
15300 0
15301 0
15302 0
15303 0
15304 4
15305 2
15306 0
15307 0
15308 24
15309 8
15310 0
15311 350
15312 0
15313 40
15314 4
15315 0
15316 8
15317 2
15318 0
15319 32
15320 0
15321 0
15322 0
15323 6
15324 4
15325 0
15326 0
15327 0
15328 0
15329 514
15330 0
15331 0
15332 0
15333 16
15334 4
15335 14
15336 0
15337 0
15338 0
15339 112
15340 0
15341 2
15342 0
15343 0
15344 484
15345 0
15346 0
15347 6
15348 0
15349 8
15350 64
15351 0
15352 0
15353 2
15354 4
15355 0
15356 0
15357 0
15358 0
15359 6142
15360 0
15361 0
15362 0
15363 0
15364 4
15365 2
15366 56
15367 64
15368 0
15369 8
15370 0
15371 102
15372 0
15373 0
15374 484
15375 320
15376 0
15377 42
15378 0
15379 16
15380 0
15381 0
15382 0
15383 14
15384 12
15385 0
15386 0
15387 0
15388 0
15389 514
15390 0
15391 0
15392 0
15393 0
15394 4
15395 6
15396 0
15397 0
15398 0
15399 32
15400 0
15401 18
15402 0
15403 0
15404 28
15405 0
15406 20
15407 30
15408 0
15409 8
15410 20
15411 0
15412 0
15413 2
15414 4
15415 0
15416 0
15417 0
15418 8
15419 854
15420 0
15421 0
15422 0
15423 0
15424 4
15425 2
15426 0
15427 0
15428 0
15429 8
15430 0
15431 14
15432 0
15433 0
15434 28
15435 32
15436 0
15437 42
15438 0
15439 64
15440 0
15441 0
15442 0
15443 86
15444 4
15445 0
15446 0
15447 0
15448 0
15449 10
15450 0
15451 0
15452 8
15453 0
15454 4
15455 62
15456 0
15457 0
15458 0
15459 16
15460 0
15461 2
15462 0
15463 0
15464 4
15465 0
15466 0
15467 6
15468 20
15469 168
15470 0
15471 0
15472 0
15473 2
15474 4
15475 0
15476 20
15477 0
15478 0
15479 494
15480 0
15481 0
15482 0
15483 0
15484 4
15485 2
15486 8
15487 0
15488 0
15489 8
15490 0
15491 6
15492 0
15493 112
15494 4
15495 0
15496 0
15497 50
15498 0
15499 96
15500 0
15501 0
15502 0
15503 158
15504 4
15505 0
15506 0
15507 0
15508 0
15509 50
15510 0
15511 0
15512 0
15513 0
15514 4
15515 6
15516 0
15517 0
15518 0
15519 128
15520 8
15521 2
15522 0
15523 0
15524 4
15525 0
15526 0
15527 14
15528 0
15529 8
15530 20
15531 0
15532 0
15533 2
15534 28
15535 0
15536 0
15537 16
15538 0
15539 22
15540 0
15541 0
15542 20
15543 0
15544 4
15545 2
15546 0
15547 0
15548 0
15549 8
15550 0
15551 126
15552 0
15553 0
15554 140
15555 0
15556 0
15557 2
15558 0
15559 32
15560 132
15561 40
15562 0
15563 6
15564 4
15565 0
15566 0
15567 0
15568 0
15569 10
15570 0
15571 32
15572 0
15573 0
15574 4
15575 174
15576 0
15577 0
15578 0
15579 96
15580 0
15581 2
15582 0
15583 0
15584 4
15585 0
15586 0
15587 6
15588 8
15589 8
15590 0
15591 0
15592 20
15593 2
15594 4
15595 0
15596 0
15597 0
15598 0
15599 478
15600 0
15601 0
15602 0
15603 0
15604 4
15605 18
15606 0
15607 0
15608 76
15609 8
15610 0
15611 6
15612 0
15613 0
15614 4
15615 0
15616 0
15617 2
15618 0
15619 16
15620 56
15621 0
15622 8
15623 366
15624 4
15625 0
15626 0
15627 0
15628 0
15629 10
15630 0
15631 0
15632 0
15633 0
15634 4
15635 6
15636 0
15637 0
15638 0
15639 96
15640 0
15641 42
15642 0
15643 0
15644 4
15645 0
15646 0
15647 62
15648 0
15649 8
15650 0
15651 0
15652 0
15653 2
15654 24
15655 0
15656 8
15657 0
15658 0
15659 22
15660 0
15661 0
15662 0
15663 0
15664 28
15665 2
15666 0
15667 0
15668 0
15669 8
15670 0
15671 14
15672 0
15673 16
15674 24
15675 0
15676 144
15677 2
15678 0
15679 256
15680 0
15681 0
15682 0
15683 6
15684 4
15685 80
15686 24
15687 0
15688 0
15689 10
15690 8
15691 0
15692 0
15693 0
15694 4
15695 30
15696 0
15697 0
15698 0
15699 16
15700 0
15701 2
15702 0
15703 0
15704 4
15705 0
15706 0
15707 118
15708 132
15709 8
15710 0
15711 0
15712 0
15713 2
15714 4
15715 0
15716 20
15717 0
15718 0
15719 46
15720 0
15721 0
15722 0
15723 0
15724 12
15725 2
15726 0
15727 0
15728 0
15729 56
15730 0
15731 150
15732 0
15733 0
15734 4
15735 0
15736 0
15737 114
15738 0
15739 16
15740 20
15741 16
15742 0
15743 254
15744 4
15745 0
15746 0
15747 304
15748 0
15749 58
15750 0
15751 0
15752 0
15753 0
15754 4
15755 6
15756 0
15757 0
15758 8
15759 64
15760 0
15761 2
15762 0
15763 0
15764 4
15765 0
15766 0
15767 14
15768 0
15769 8
15770 0
15771 0
15772 0
15773 42
15774 4
15775 256
15776 0
15777 0
15778 20
15779 22
15780 0
15781 0
15782 0
15783 0
15784 24
15785 2
15786 0
15787 0
15788 0
15789 8
15790 0
15791 30
15792 8
15793 0
15794 124
15795 0
15796 0
15797 2
15798 0
15799 32
15800 0
15801 0
15802 0
15803 6
15804 4
15805 0
15806 20
15807 0
15808 0
15809 322
15810 0
15811 0
15812 24
15813 0
15814 4
15815 14
15816 0
15817 0
15818 0
15819 16
15820 0
15821 2
15822 0
15823 0
15824 4
15825 0
15826 8
15827 6
15828 0
15829 8
15830 0
15831 0
15832 0
15833 2
15834 4
15835 0
15836 0
15837 0
15838 0
15839 830
15840 272
15841 0
15842 0
15843 32
15844 4
15845 2
15846 0
15847 0
15848 0
15849 8
15850 0
15851 6
15852 0
15853 0
15854 4
15855 0
15856 0
15857 2
15858 0
15859 112
15860 8
15861 0
15862 0
15863 14
15864 4
15865 0
15866 56
15867 0
15868 0
15869 10
15870 0
15871 10240
15872 20
15873 0
15874 60
15875 102
15876 0
15877 16
15878 0
15879 32
15880 0
15881 2
15882 0
15883 0
15884 4
15885 0
15886 0
15887 30
15888 0
15889 8
15890 0
15891 0
15892 0
15893 2
15894 12
15895 0
15896 0
15897 0
15898 0
15899 22
15900 0
15901 0
15902 272
15903 0
15904 4
15905 42
15906 0
15907 0
15908 0
15909 8
15910 0
15911 78
15912 0
15913 0
15914 4
15915 0
15916 0
15917 2
15918 0
15919 64
15920 0
15921 0
15922 0
15923 6
15924 76
15925 0
15926 0
15927 0
15928 8
15929 10
15930 0
15931 0
15932 0
15933 328
15934 4
15935 126
15936 0
15937 0
15938 44
15939 16
15940 0
15941 2
15942 0
15943 0
15944 4
15945 16
15946 0
15947 6
15948 0
15949 8
15950 0
15951 0
15952 0
15953 2
15954 4
15955 0
15956 0
15957 0
15958 0
15959 46
15960 0
15961 0
15962 8
15963 0
15964 24
15965 2
15966 0
15967 0
15968 0
15969 8
15970 0
15971 86
15972 0
15973 0
15974 4
15975 0
15976 0
15977 2
15978 0
15979 48
15980 0
15981 0
15982 0
15983 30
15984 4
15985 0
15986 0
15987 0
15988 0
15989 98
15990 0
15991 0
15992 0
15993 0
15994 4
15995 310
15996 8
15997 0
15998 0
15999 512
16000 0
16001 162
16002 0
16003 0
16004 24
16005 0
16006 0
16007 14
16008 0
16009 8
16010 0
16011 0
16012 0
16013 18
16014 4
16015 0
16016 0
16017 0
16018 0
16019 22
16020 0
16021 0
16022 0
16023 0
16024 4
16025 2
16026 40
16027 0
16028 0
16029 8
16030 8
16031 62
16032 0
16033 0
16034 4
16035 0
16036 0
16037 42
16038 0
16039 32
16040 0
16041 0
16042 0
16043 6
16044 4
16045 0
16046 0
16047 128
16048 0
16049 10
16050 0
16051 0
16052 0
16053 0
16054 28
16055 14
16056 0
16057 40
16058 0
16059 16
16060 0
16061 2
16062 0
16063 0
16064 164
16065 0
16066 0
16067 6
16068 0
16069 8
16070 20
16071 0
16072 0
16073 74
16074 4
16075 0
16076 0
16077 0
16078 0
16079 94
16080 0
16081 16
16082 0
16083 0
16084 4
16085 2
16086 0
16087 0
16088 20
16089 8
16090 0
16091 6
16092 0
16093 0
16094 4
16095 0
16096 0
16097 2
16098 8
16099 16
16100 0
16101 0
16102 0
16103 174
16104 4
16105 0
16106 0
16107 0
16108 0
16109 10
16110 0
16111 0
16112 0
16113 0
16114 4
16115 38
16116 0
16117 0
16118 0
16119 384
16120 0
16121 2
16122 0
16123 0
16124 60
16125 0
16126 0
16127 6654
16128 56
16129 8
16130 0
16131 0
16132 8
16133 2
16134 4
16135 0
16136 20
16137 0
16138 0
16139 22
16140 0
16141 0
16142 0
16143 0
16144 4
16145 2
16146 0
16147 0
16148 0
16149 24
16150 20
16151 14
16152 0
16153 0
16154 4
16155 0
16156 0
16157 2
16158 0
16159 128
16160 0
16161 0
16162 0
16163 6
16164 4
16165 0
16166 8
16167 0
16168 0
16169 50
16170 0
16171 0
16172 0
16173 0
16174 4
16175 30
16176 0
16177 0
16178 0
16179 16
16180 0
16181 42
16182 0
16183 64
16184 28
16185 0
16186 0
16187 6
16188 0
16189 8
16190 168
16191 0
16192 0
16193 2
16194 24
16195 0
16196 0
16197 0
16198 0
16199 46
16200 8
16201 0
16202 20
16203 0
16204 4
16205 2
16206 0
16207 0
16208 0
16209 8
16210 0
16211 6
16212 20
16213 0
16214 4
16215 0
16216 0
16217 18
16218 0
16219 16
16220 0
16221 0
16222 0
16223 62
16224 4
16225 0
16226 0
16227 0
16228 0
16229 10
16230 0
16231 0
16232 0
16233 0
16234 12
16235 86
16236 0
16237 0
16238 0
16239 64
16240 0
16241 2
16242 0
16243 80
16244 40
16245 0
16246 0
16247 14
16248 0
16249 56
16250 0
16251 32
16252 0
16253 162
16254 4
16255 7168
16256 0
16257 0
16258 0
16259 22
16260 0
16261 0
16262 0
16263 0
16264 4
16265 2
16266 0
16267 0
16268 28
16269 8
16270 0
16271 30
16272 0
16273 0
16274 24
16275 0
16276 0
16277 2
16278 0
16279 32
16280 0
16281 0
16282 0
16283 6
16284 4
16285 16
16286 0
16287 0
16288 0
16289 10
16290 0
16291 0
16292 0
16293 0
16294 4
16295 14
16296 0
16297 0
16298 0
16299 16
16300 0
16301 42
16302 8
16303 0
16304 4
16305 40
16306 0
16307 6
16308 0
16309 8
16310 0
16311 0
16312 0
16313 2
16314 28
16315 0
16316 24
16317 0
16318 0
16319 9086
16320 0
16321 0
16322 0
16323 0
16324 4
16325 2
16326 0
16327 0
16328 0
16329 8
16330 0
16331 6
16332 0
16333 0
16334 24
16335 0
16336 28
16337 2
16338 0
16339 16
16340 0
16341 0
16342 0
16343 14
16344 4
16345 0
16346 0
16347 0
16348 0
16349 10
16350 0
16351 8064
16352 0
16353 16
16354 4
16355 6
16356 0
16357 0
16358 0
16359 32
16360 0
16361 2
16362 0
16363 0
16364 4
16365 0
16366 0
16367 7710
16368 0
16369 8
16370 8
16371 0
16372 0
16373 2
16374 4
16375 8448
16376 0
16377 0
16378 0
16379 8278
16380 0
16381 8008
16382 8232
16383 0
16384 8236
16385 8010
16386 0
16387 8288
16388 0
16389 8
16390 0
16391 8462
16392 0
16393 0
16394 4
16395 0
16396 0
16397 2
16398 20
16399 7744
16400 20
16401 0
16402 0
16403 6
16404 12
16405 0
16406 0
16407 0
16408 0
16409 10
16410 0
16411 0
16412 0
16413 0
16414 4
16415 8126
16416 0
16417 0
16418 0
16419 16
16420 0
16421 18
16422 0
16423 0
16424 4
16425 0
16426 0
16427 6
16428 0
16429 48
16430 0
16431 0
16432 0
16433 42
16434 4
16435 0
16436 0
16437 0
16438 8
16439 46
16440 0
16441 0
16442 24
16443 0
16444 28
16445 2
16446 0
16447 9216
16448 0
16449 8
16450 0
16451 6
16452 0
16453 0
16454 4
16455 64
16456 0
16457 2
16458 0
16459 16
16460 20
16461 0
16462 0
16463 30
16464 4
16465 0
16466 20
16467 0
16468 0
16469 10
16470 0
16471 0
16472 8
16473 0
16474 4
16475 6
16476 0
16477 0
16478 0
16479 128
16480 0
16481 2
16482 0
16483 0
16484 4
16485 0
16486 0
16487 14
16488 0
16489 24
16490 0
16491 80
16492 0
16493 2
16494 4
16495 0
16496 0
16497 0
16498 0
16499 102
16500 0
16501 0
16502 0
16503 0
16504 4
16505 50
16506 8
16507 0
16508 0
16509 168
16510 0
16511 7422
16512 0
16513 0
16514 4
16515 0
16516 0
16517 2
16518 0
16519 32
16520 0
16521 0
16522 20
16523 38
16524 4
16525 0
16526 0
16527 0
16528 0
16529 10
16530 0
16531 0
16532 20
16533 0
16534 4
16535 14
16536 0
16537 0
16538 0
16539 16
16540 8
16541 2
16542 0
16543 0
16544 4
16545 0
16546 0
16547 6
16548 0
16549 8
16550 0
16551 0
16552 0
16553 42
16554 4
16555 0
16556 0
16557 16
16558 0
16559 94
16560 0
16561 0
16562 0
16563 0
16564 4
16565 42
16566 0
16567 0
16568 24
16569 8
16570 0
16571 6
16572 0
16573 0
16574 164
16575 0
16576 0
16577 2
16578 0
16579 16
16580 0
16581 0
16582 0
16583 14
16584 24
16585 0
16586 36
16587 0
16588 0
16589 10
16590 0
16591 128
16592 0
16593 0
16594 4
16595 6
16596 0
16597 0
16598 20
16599 32
16600 0
16601 2
16602 0
16603 0
16604 24
16605 0
16606 0
16607 62
16608 8
16609 8
16610 0
16611 0
16612 0
16613 2
16614 4
16615 160
16616 0
16617 0
16618 0
16619 22
16620 0
16621 0
16622 0
16623 0
16624 4
16625 18
16626 0
16627 0
16628 0
16629 8
16630 0
16631 366
16632 0
16633 0
16634 4
16635 0
16636 56
16637 2
16638 0
16639 7168
16640 56
16641 0
16642 8
16643 6
16644 4
16645 0
16646 20
16647 0
16648 0
16649 10
16650 0
16651 0
16652 0
16653 0
16654 4
16655 30
16656 0
16657 0
16658 0
16659 48
16660 0
16661 2
16662 0
16663 0
16664 24
16665 0
16666 0
16667 6
16668 0
16669 8
16670 0
16671 0
16672 0
16673 2
16674 4
16675 0
16676 8
16677 40
16678 0
16679 46
16680 0
16681 0
16682 0
16683 0
16684 4
16685 2
16686 0
16687 0
16688 0
16689 8
16690 0
16691 6
16692 0
16693 16
16694 28
16695 0
16696 0
16697 42
16698 0
16699 16
16700 0
16701 0
16702 0
16703 126
16704 172
16705 0
16706 0
16707 0
16708 40
16709 10
16710 8
16711 0
16712 0
16713 0
16714 4
16715 6
16716 0
16717 0
16718 0
16719 64
16720 0
16721 2
16722 0
16723 0
16724 4
16725 0
16726 0
16727 78
16728 0
16729 8
16730 20
16731 0
16732 0
16733 2
16734 4
16735 0
16736 0
16737 0
16738 0
16739 102
16740 0
16741 0
16742 0
16743 0
16744 12
16745 2
16746 0
16747 0
16748 0
16749 8
16750 0
16751 30
16752 0
16753 0
16754 4
16755 0
16756 0
16757 122
16758 0
16759 32
16760 0
16761 16
16762 0
16763 310
16764 4
16765 0
16766 0
16767 0
16768 0
16769 170
16770 20
16771 0
16772 0
16773 0
16774 4
16775 14
16776 0
16777 0
16778 8
16779 16
16780 0
16781 2
16782 0
16783 0
16784 4
16785 0
16786 0
16787 6
16788 0
16789 8
16790 0
16791 0
16792 0
16793 2
16794 4
16795 32
16796 20
16797 0
16798 0
16799 190
16800 0
16801 40
16802 0
16803 0
16804 4
16805 2
16806 0
16807 0
16808 0
16809 48
16810 0
16811 6
16812 8
16813 0
16814 4
16815 0
16816 0
16817 2
16818 0
16819 16
16820 24
16821 0
16822 0
16823 14
16824 4
16825 0
16826 0
16827 0
16828 0
16829 322
16830 0
16831 0
16832 20
16833 0
16834 76
16835 6
16836 0
16837 0
16838 0
16839 32
16840 0
16841 2
16842 0
16843 0
16844 4
16845 0
16846 8
16847 30
16848 0
16849 8
16850 0
16851 0
16852 0
16853 2
16854 4
16855 0
16856 0
16857 0
16858 0
16859 22
16860 0
16861 0
16862 272
16863 896
16864 4
16865 2
16866 0
16867 0
16868 0
16869 104
16870 0
16871 14
16872 0
16873 0
16874 4
16875 0
16876 0
16877 2
16878 0
16879 64
16880 8
16881 0
16882 0
16883 102
16884 4
16885 0
16886 0
16887 0
16888 0
16889 10
16890 56
16891 0
16892 0
16893 0
16894 24
16895 11262
16896 0
16897 16
16898 56
16899 112
16900 0
16901 2
16902 0
16903 0
16904 4
16905 0
16906 0
16907 6
16908 0
16909 8
16910 0
16911 0
16912 0
16913 2
16914 12
16915 0
16916 0
16917 0
16918 0
16919 46
16920 0
16921 0
16922 0
16923 0
16924 4
16925 42
16926 0
16927 0
16928 272
16929 8
16930 0
16931 38
16932 0
16933 0
16934 4
16935 0
16936 0
16937 2
16938 0
16939 16
16940 0
16941 0
16942 0
16943 30
16944 4
16945 0
16946 24
16947 0
16948 8
16949 10
16950 0
16951 0
16952 0
16953 0
16954 4
16955 6
16956 20
16957 0
16958 0
16959 256
16960 0
16961 330
16962 0
16963 0
16964 124
16965 16
16966 0
16967 14
16968 0
16969 8
16970 0
16971 0
16972 0
16973 2
16974 4
16975 0
16976 0
16977 0
16978 0
16979 22
16980 0
16981 0
16982 8
16983 0
16984 4
16985 2
16986 0
16987 80
16988 0
16989 8
16990 0
16991 62
16992 0
16993 0
16994 24
16995 0
16996 0
16997 2
16998 0
16999 96
17000 0
17001 0
17002 0
17003 6
17004 4
17005 0
17006 0
17007 0
17008 0
17009 58
17010 0
17011 0
17012 0
17013 0
17014 24
17015 14
17016 8
17017 112
17018 20
17019 16
17020 0
17021 2
17022 0
17023 0
17024 4
17025 0
17026 0
17027 310
17028 0
17029 56
17030 0
17031 0
17032 0
17033 18
17034 4
17035 0
17036 0
17037 0
17038 0
17039 94
17040 0
17041 0
17042 0
17043 0
17044 4
17045 2
17046 0
17047 0
17048 0
17049 88
17050 8
17051 6
17052 0
17053 0
17054 4
17055 0
17056 0
17057 2
17058 0
17059 16
17060 20
17061 0
17062 0
17063 14
17064 4
17065 0
17066 0
17067 32
17068 0
17069 10
17070 0
17071 0
17072 24
17073 0
17074 136
17075 6
17076 0
17077 0
17078 0
17079 32
17080 20
17081 2
17082 0
17083 0
17084 140
17085 0
17086 0
17087 126
17088 0
17089 8
17090 0
17091 0
17092 0
17093 42
17094 28
17095 0
17096 0
17097 0
17098 0
17099 166
17100 0
17101 16
17102 0
17103 0
17104 4
17105 2
17106 0
17107 0
17108 0
17109 8
17110 0
17111 174
17112 0
17113 0
17114 4
17115 0
17116 0
17117 2
17118 8
17119 128
17120 0
17121 0
17122 0
17123 6
17124 4
17125 0
17126 20
17127 0
17128 0
17129 10
17130 0
17131 0
17132 0
17133 0
17134 4
17135 542
17136 0
17137 0
17138 0
17139 16
17140 0
17141 2
17142 20
17143 0
17144 60
17145 0
17146 0
17147 6
17148 0
17149 8
17150 0
17151 0
17152 8
17153 2
17154 4
17155 0
17156 56
17157 0
17158 0
17159 398
17160 0
17161 0
17162 0
17163 0
17164 4
17165 2
17166 0
17167 0
17168 0
17169 24
17170 0
17171 6
17172 0
17173 40
17174 4
17175 0
17176 0
17177 2
17178 0
17179 16
17180 0
17181 0
17182 0
17183 62
17184 4
17185 0
17186 8
17187 0
17188 0
17189 10
17190 0
17191 0
17192 20
17193 0
17194 4
17195 6
17196 0
17197 0
17198 96
17199 64
17200 0
17201 2
17202 0
17203 32
17204 24
17205 0
17206 0
17207 14
17208 0
17209 8
17210 0
17211 0
17212 0
17213 2
17214 4
17215 0
17216 0
17217 0
17218 144
17219 102
17220 8
17221 0
17222 0
17223 0
17224 28
17225 42
17226 0
17227 0
17228 0
17229 8
17230 0
17231 30
17232 0
17233 0
17234 4
17235 80
17236 0
17237 18
17238 0
17239 32
17240 0
17241 0
17242 0
17243 6
17244 4
17245 0
17246 0
17247 0
17248 0
17249 10
17250 0
17251 0
17252 0
17253 0
17254 12
17255 14
17256 0
17257 0
17258 20
17259 16
17260 0
17261 50
17262 0
17263 0
17264 4
17265 0
17266 20
17267 6
17268 0
17269 8
17270 36
17271 512
17272 0
17273 2
17274 4
17275 0
17276 0
17277 0
17278 0
17279 766
17280 0
17281 0
17282 0
17283 0
17284 4
17285 114
17286 0
17287 0
17288 8
17289 152
17290 0
17291 86
17292 0
17293 0
17294 4
17295 0
17296 0
17297 42
17298 0
17299 16
17300 0
17301 0
17302 0
17303 14
17304 4
17305 16
17306 0
17307 0
17308 0
17309 10
17310 0
17311 0
17312 0
17313 0
17314 4
17315 6
17316 0
17317 0
17318 0
17319 32
17320 0
17321 2
17322 8
17323 0
17324 48
17325 0
17326 0
17327 30
17328 20
17329 8
17330 0
17331 0
17332 0
17333 2
17334 4
17335 0
17336 0
17337 0
17338 0
17339 566
17340 0
17341 0
17342 0
17343 0
17344 4
17345 2
17346 0
17347 0
17348 0
17349 8
17350 0
17351 14
17352 0
17353 0
17354 28
17355 0
17356 8
17357 42
17358 0
17359 384
17360 0
17361 0
17362 0
17363 6
17364 4
17365 0
17366 0
17367 0
17368 0
17369 10
17370 0
17371 0
17372 0
17373 520
17374 4
17375 62
17376 0
17377 0
17378 0
17379 16
17380 0
17381 2
17382 0
17383 0
17384 4
17385 0
17386 0
17387 102
17388 0
17389 8
17390 488
17391 0
17392 0
17393 2
17394 4
17395 0
17396 0
17397 0
17398 56
17399 46
17400 0
17401 0
17402 0
17403 0
17404 4
17405 2
17406 0
17407 8192
17408 0
17409 8
17410 0
17411 6
17412 0
17413 0
17414 60
17415 0
17416 0
17417 2
17418 0
17419 112
17420 0
17421 40
17422 0
17423 350
17424 492
17425 0
17426 0
17427 0
17428 0
17429 10
17430 0
17431 0
17432 0
17433 0
17434 4
17435 6
17436 0
17437 0
17438 0
17439 128
17440 0
17441 522
17442 0
17443 0
17444 4
17445 0
17446 0
17447 14
17448 0
17449 8
17450 24
17451 0
17452 20
17453 2
17454 4
17455 0
17456 20
17457 0
17458 8
17459 22
17460 0
17461 0
17462 0
17463 0
17464 4
17465 2
17466 0
17467 0
17468 0
17469 8
17470 0
17471 126
17472 0
17473 0
17474 4
17475 1120
17476 0
17477 2
17478 0
17479 32
17480 0
17481 0
17482 0
17483 86
17484 28
17485 0
17486 0
17487 0
17488 0
17489 50
17490 0
17491 0
17492 8
17493 0
17494 4
17495 14
17496 0
17497 0
17498 0
17499 16
17500 0
17501 2
17502 0
17503 0
17504 4
17505 0
17506 0
17507 6
17508 0
17509 24
17510 0
17511 0
17512 0
17513 50
17514 24
17515 0
17516 0
17517 0
17518 0
17519 94
17520 0
17521 0
17522 20
17523 0
17524 4
17525 114
17526 8
17527 0
17528 0
17529 8
17530 0
17531 6
17532 0
17533 0
17534 4
17535 0
17536 0
17537 2
17538 0
17539 16
17540 0
17541 0
17542 0
17543 526
17544 4
17545 40
17546 0
17547 0
17548 0
17549 250
17550 0
17551 0
17552 0
17553 0
17554 4
17555 86
17556 0
17557 0
17558 0
17559 32
17560 8
17561 2
17562 0
17563 0
17564 4
17565 0
17566 0
17567 62
17568 0
17569 8
17570 0
17571 0
17572 0
17573 2
17574 4
17575 0
17576 44
17577 16
17578 0
17579 22
17580 0
17581 0
17582 0
17583 0
17584 4
17585 2
17586 0
17587 0
17588 20
17589 8
17590 0
17591 14
17592 0
17593 0
17594 140
17595 0
17596 0
17597 2
17598 0
17599 256
17600 0
17601 0
17602 0
17603 6
17604 4
17605 0
17606 0
17607 160
17608 0
17609 10
17610 0
17611 32
17612 36
17613 0
17614 28
17615 30
17616 0
17617 0
17618 0
17619 16
17620 0
17621 42
17622 0
17623 0
17624 4
17625 0
17626 0
17627 6
17628 8
17629 48
17630 0
17631 0
17632 0
17633 2
17634 4
17635 0
17636 0
17637 0
17638 20
17639 238
17640 0
17641 0
17642 0
17643 0
17644 4
17645 18
17646 0
17647 0
17648 0
17649 8
17650 0
17651 6
17652 56
17653 0
17654 24
17655 0
17656 0
17657 2
17658 0
17659 16
17660 0
17661 0
17662 8
17663 510
17664 4
17665 0
17666 0
17667 0
17668 0
17669 50
17670 0
17671 0
17672 56
17673 0
17674 4
17675 6
17676 0
17677 0
17678 0
17679 576
17680 0
17681 2
17682 0
17683 0
17684 4
17685 0
17686 0
17687 174
17688 0
17689 8
17690 0
17691 0
17692 0
17693 2
17694 4
17695 0
17696 8
17697 0
17698 0
17699 22
17700 20
17701 0
17702 24
17703 0
17704 4
17705 2
17706 0
17707 0
17708 0
17709 8
17710 0
17711 30
17712 0
17713 16
17714 4
17715 0
17716 0
17717 2
17718 0
17719 32
17720 20
17721 0
17722 0
17723 6
17724 4
17725 0
17726 0
17727 0
17728 0
17729 10
17730 8
17731 160
17732 144
17733 0
17734 4
17735 14
17736 0
17737 0
17738 0
17739 16
17740 0
17741 2
17742 0
17743 0
17744 220
17745 0
17746 0
17747 38
17748 0
17749 8
17750 0
17751 0
17752 0
17753 42
17754 4
17755 0
17756 0
17757 264
17758 0
17759 190
17760 0
17761 0
17762 20
17763 0
17764 12
17765 50
17766 0
17767 0
17768 0
17769 8
17770 0
17771 6
17772 0
17773 0
17774 4
17775 0
17776 0
17777 2
17778 0
17779 240
17780 0
17781 16
17782 0
17783 302
17784 4
17785 0
17786 20
17787 0
17788 0
17789 10
17790 0
17791 0
17792 0
17793 40
17794 4
17795 6
17796 0
17797 0
17798 8
17799 32
17800 0
17801 114
17802 0
17803 0
17804 4
17805 0
17806 0
17807 30
17808 0
17809 56
17810 0
17811 0
17812 0
17813 2
17814 4
17815 64
17816 0
17817 0
17818 0
17819 102
17820 0
17821 0
17822 0
17823 0
17824 24
17825 2
17826 0
17827 0
17828 24
17829 8
17830 0
17831 14
17832 8
17833 0
17834 24
17835 0
17836 0
17837 2
17838 0
17839 64
17840 0
17841 0
17842 0
17843 6
17844 4
17845 0
17846 0
17847 0
17848 0
17849 282
17850 0
17851 0
17852 20
17853 0
17854 4
17855 1406
17856 0
17857 0
17858 0
17859 16
17860 0
17861 2
17862 0
17863 0
17864 4
17865 0
17866 8
17867 6
17868 0
17869 8
17870 0
17871 0
17872 0
17873 362
17874 28
17875 0
17876 0
17877 0
17878 0
17879 46
17880 0
17881 0
17882 0
17883 32
17884 256
17885 42
17886 20
17887 0
17888 0
17889 8
17890 0
17891 102
17892 0
17893 0
17894 4
17895 0
17896 0
17897 2
17898 0
17899 16
17900 8
17901 0
17902 0
17903 30
17904 4
17905 0
17906 56
17907 0
17908 0
17909 10
17910 0
17911 0
17912 0
17913 0
17914 4
17915 6
17916 0
17917 56
17918 20
17919 2048
17920 0
17921 2
17922 0
17923 0
17924 4
17925 0
17926 0
17927 14
17928 0
17929 8
17930 56
17931 0
17932 0
17933 2
17934 12
17935 0
17936 0
17937 0
17938 0
17939 118
17940 0
17941 0
17942 0
17943 0
17944 4
17945 2
17946 0
17947 0
17948 20
17949 8
17950 0
17951 958
17952 0
17953 0
17954 280
17955 0
17956 0
17957 2
17958 0
17959 32
17960 0
17961 0
17962 0
17963 6
17964 4
17965 0
17966 0
17967 0
17968 8
17969 10
17970 0
17971 0
17972 0
17973 0
17974 4
17975 14
17976 0
17977 0
17978 0
17979 96
17980 0
17981 2
17982 0
17983 0
17984 24
17985 16
17986 0
17987 6
17988 0
17989 296
17990 0
17991 0
17992 0
17993 2
17994 4
17995 0
17996 0
17997 0
17998 0
17999 94
18000 0
18001 0
18002 8
18003 0
18004 28
18005 2
18006 0
18007 0
18008 0
18009 8
18010 20
18011 6
18012 0
18013 0
18014 4
18015 0
18016 0
18017 234
18018 0
18019 48
18020 0
18021 0
18022 0
18023 14
18024 4
18025 0
18026 0
18027 0
18028 0
18029 10
18030 0
18031 0
18032 0
18033 112
18034 4
18035 6
18036 8
18037 0
18038 0
18039 192
18040 0
18041 42
18042 0
18043 0
18044 4
18045 0
18046 0
18047 254
18048 0
18049 8
18050 20
18051 0
18052 0
18053 18
18054 4
18055 0
18056 0
18057 0
18058 0
18059 246
18060 0
18061 0
18062 0
18063 0
18064 4
18065 2
18066 0
18067 0
18068 0
18069 56
18070 8
18071 14
18072 40
18073 0
18074 4
18075 0
18076 0
18077 2
18078 0
18079 128
18080 24
18081 0
18082 0
18083 86
18084 4
18085 0
18086 0
18087 64
18088 0
18089 10
18090 0
18091 0
18092 0
18093 0
18094 4
18095 30
18096 0
18097 0
18098 0
18099 16
18100 0
18101 2
18102 0
18103 160
18104 140
18105 0
18106 0
18107 6
18108 0
18109 8
18110 0
18111 0
18112 0
18113 2
18114 4
18115 0
18116 20
18117 0
18118 0
18119 46
18120 0
18121 16
18122 0
18123 0
18124 4
18125 74
18126 0
18127 0
18128 0
18129 8
18130 0
18131 6
18132 0
18133 0
18134 144
18135 0
18136 0
18137 2
18138 8
18139 16
18140 0
18141 0
18142 0
18143 830
18144 4
18145 0
18146 0
18147 0
18148 0
18149 50
18150 0
18151 0
18152 0
18153 0
18154 4
18155 38
18156 0
18157 0
18158 0
18159 64
18160 56
18161 2
18162 0
18163 0
18164 4
18165 40
18166 0
18167 14
18168 0
18169 8
18170 0
18171 0
18172 8
18173 2
18174 4
18175 0
18176 0
18177 0
18178 0
18179 22
18180 0
18181 0
18182 20
18183 0
18184 4
18185 2
18186 0
18187 0
18188 56
18189 24
18190 0
18191 30
18192 0
18193 0
18194 4
18195 0
18196 20
18197 2
18198 0
18199 608
18200 0
18201 0
18202 0
18203 6
18204 124
18205 0
18206 32
18207 0
18208 0
18209 10
18210 0
18211 0
18212 0
18213 0
18214 4
18215 174
18216 0
18217 0
18218 0
18219 16
18220 0
18221 2
18222 0
18223 128
18224 4
18225 0
18226 0
18227 86
18228 0
18229 8
18230 0
18231 0
18232 0
18233 2
18234 4
18235 0
18236 0
18237 0
18238 0
18239 382
18240 8
18241 0
18242 0
18243 0
18244 24
18245 2
18246 144
18247 0
18248 20
18249 8
18250 0
18251 6
18252 0
18253 0
18254 4
18255 0
18256 0
18257 18
18258 20
18259 16
18260 0
18261 0
18262 0
18263 14
18264 28
18265 0
18266 0
18267 0
18268 0
18269 58
18270 0
18271 0
18272 0
18273 0
18274 12
18275 6
18276 0
18277 0
18278 0
18279 32
18280 0
18281 42
18282 0
18283 0
18284 4
18285 0
18286 0
18287 926
18288 0
18289 48
18290 0
18291 32
18292 0
18293 2
18294 4
18295 0
18296 36
18297 0
18298 0
18299 22
18300 0
18301 0
18302 0
18303 0
18304 4
18305 2
18306 0
18307 0
18308 8
18309 8
18310 0
18311 14
18312 0
18313 0
18314 24
18315 0
18316 0
18317 114
18318 0
18319 64
18320 20
18321 0
18322 0
18323 6
18324 4
18325 16
18326 0
18327 0
18328 0
18329 58
18330 0
18331 0
18332 24
18333 0
18334 4
18335 62
18336 0
18337 0
18338 0
18339 16
18340 0
18341 2
18342 8
18343 0
18344 4
18345 0
18346 0
18347 86
18348 0
18349 8
18350 0
18351 320
18352 0
18353 2
18354 4
18355 0
18356 0
18357 0
18358 0
18359 1134
18360 0
18361 0
18362 0
18363 0
18364 4
18365 2
18366 0
18367 0
18368 0
18369 8
18370 0
18371 6
18372 0
18373 0
18374 4
18375 0
18376 8
18377 2
18378 0
18379 16
18380 20
18381 0
18382 20
18383 30
18384 4
18385 0
18386 0
18387 0
18388 0
18389 10
18390 0
18391 0
18392 0
18393 16
18394 28
18395 1110
18396 0
18397 0
18398 0
18399 128
18400 0
18401 2
18402 0
18403 0
18404 4
18405 0
18406 0
18407 14
18408 0
18409 8
18410 8
18411 0
18412 0
18413 962
18414 60
18415 0
18416 0
18417 0
18418 0
18419 22
18420 0
18421 0
18422 1056
18423 0
18424 4
18425 2
18426 0
18427 32
18428 0
18429 8
18430 0
18431 4094
18432 0
18433 0
18434 4
18435 0
18436 0
18437 2
18438 0
18439 32
18440 1056
18441 0
18442 0
18443 6
18444 32
18445 0
18446 76
18447 0
18448 0
18449 970
18450 0
18451 0
18452 0
18453 0
18454 4
18455 14
18456 0
18457 0
18458 24
18459 112
18460 0
18461 18
18462 0
18463 0
18464 4
18465 0
18466 0
18467 1014
18468 0
18469 8
18470 0
18471 0
18472 0
18473 2
18474 4
18475 80
18476 0
18477 0
18478 8
18479 414
18480 0
18481 0
18482 0
18483 0
18484 4
18485 2
18486 0
18487 0
18488 0
18489 8
18490 0
18491 6
18492 0
18493 0
18494 4
18495 512
18496 0
18497 2
18498 0
18499 16
18500 0
18501 0
18502 0
18503 1166
18504 4
18505 0
18506 20
18507 0
18508 0
18509 10
18510 0
18511 0
18512 28
18513 0
18514 4
18515 6
18516 0
18517 0
18518 0
18519 32
18520 0
18521 50
18522 0
18523 0
18524 28
18525 0
18526 0
18527 62
18528 0
18529 24
18530 0
18531 0
18532 0
18533 2
18534 4
18535 0
18536 0
18537 40
18538 0
18539 22
18540 0
18541 112
18542 0
18543 0
18544 4
18545 42
18546 8
18547 0
18548 0
18549 8
18550 0
18551 14
18552 0
18553 0
18554 4
18555 0
18556 0
18557 2
18558 0
18559 512
18560 0
18561 0
18562 0
18563 38
18564 4
18565 0
18566 0
18567 0
18568 20
18569 10
18570 0
18571 0
18572 0
18573 0
18574 4
18575 926
18576 0
18577 0
18578 20
18579 16
18580 8
18581 2
18582 0
18583 0
18584 28
18585 0
18586 0
18587 6
18588 0
18589 56
18590 0
18591 0
18592 0
18593 2
18594 4
18595 0
18596 0
18597 16
18598 0
18599 206
18600 0
18601 0
18602 0
18603 0
18604 4
18605 2
18606 0
18607 0
18608 0
18609 8
18610 0
18611 86
18612 0
18613 0
18614 140
18615 0
18616 0
18617 2
18618 0
18619 16
18620 0
18621 0
18622 0
18623 126
18624 4
18625 0
18626 0
18627 0
18628 0
18629 10
18630 20
18631 64
18632 0
18633 0
18634 4
18635 6
18636 0
18637 0
18638 36
18639 64
18640 0
18641 2
18642 0
18643 0
18644 24
18645 0
18646 0
18647 206
18648 8
18649 8
18650 0
18651 0
18652 0
18653 2
18654 96
18655 0
18656 0
18657 0
18658 0
18659 22
18660 0
18661 40
18662 0
18663 0
18664 4
18665 18
18666 0
18667 0
18668 56
18669 8
18670 0
18671 30
18672 0
18673 0
18674 4
18675 0
18676 0
18677 42
18678 0
18679 32
18680 0
18681 0
18682 8
18683 6
18684 4
18685 0
18686 0
18687 0
18688 0
18689 10
18690 0
18691 0
18692 20
18693 0
18694 4
18695 14
18696 0
18697 0
18698 0
18699 48
18700 0
18701 2
18702 0
18703 0
18704 60
18705 0
18706 0
18707 6
18708 0
18709 8
18710 44
18711 0
18712 0
18713 2
18714 4
18715 0
18716 8
18717 0
18718 0
18719 4030
18720 0
18721 0
18722 0
18723 1520
18724 4
18725 2
18726 0
18727 0
18728 0
18729 8
18730 0
18731 6
18732 0
18733 16
18734 4
18735 0
18736 0
18737 2
18738 0
18739 16
18740 0
18741 0
18742 0
18743 174
18744 4
18745 0
18746 0
18747 0
18748 0
18749 10
18750 8
18751 0
18752 0
18753 0
18754 44
18755 6
18756 0
18757 0
18758 0
18759 32
18760 144
18761 2
18762 0
18763 0
18764 4
18765 0
18766 0
18767 158
18768 0
18769 8
18770 0
18771 0
18772 0
18773 50
18774 4
18775 0
18776 20
18777 0
18778 0
18779 22
18780 0
18781 0
18782 0
18783 0
18784 36
18785 42
18786 0
18787 0
18788 0
18789 8
18790 0
18791 14
18792 0
18793 0
18794 4
18795 224
18796 0
18797 2
18798 0
18799 64
18800 0
18801 16
18802 0
18803 6
18804 4
18805 0
18806 0
18807 0
18808 0
18809 122
18810 0
18811 0
18812 0
18813 0
18814 4
18815 254
18816 20
18817 0
18818 8
18819 16
18820 0
18821 2
18822 0
18823 0
18824 4
18825 0
18826 0
18827 6
18828 0
18829 8
18830 0
18831 0
18832 0
18833 114
18834 4
18835 32
18836 96
18837 0
18838 0
18839 46
18840 0
18841 0
18842 20
18843 0
18844 4
18845 2
18846 0
18847 640
18848 0
18849 56
18850 0
18851 6
18852 8
18853 0
18854 4
18855 0
18856 0
18857 2
18858 0
18859 96
18860 0
18861 0
18862 0
18863 30
18864 4
18865 0
18866 0
18867 0
18868 0
18869 282
18870 0
18871 0
18872 0
18873 0
18874 4
18875 86
18876 0
18877 0
18878 20
18879 256
18880 0
18881 2
18882 0
18883 0
18884 4
18885 0
18886 8
18887 14
18888 0
18889 8
18890 0
18891 0
18892 0
18893 2
18894 4
18895 0
18896 0
18897 0
18898 0
18899 118
18900 0
18901 0
18902 0
18903 64
18904 4
18905 2
18906 252
18907 0
18908 20
18909 48
18910 0
18911 62
18912 0
18913 0
18914 28
18915 0
18916 0
18917 2
18918 0
18919 32
18920 8
18921 0
18922 56
18923 6
18924 4
18925 0
18926 0
18927 0
18928 0
18929 10
18930 0
18931 0
18932 0
18933 0
18934 4
18935 14
18936 0
18937 16
18938 0
18939 16
18940 20
18941 42
18942 0
18943 0
18944 4
18945 0
18946 0
18947 6
18948 0
18949 8
18950 0
18951 0
18952 0
18953 2
18954 12
18955 0
18956 0
18957 0
18958 0
18959 94
18960 0
18961 0
18962 80
18963 0
18964 4
18965 2
18966 0
18967 0
18968 0
18969 8
18970 0
18971 118
18972 0
18973 0
18974 24
18975 0
18976 0
18977 2
18978 0
18979 112
18980 252
18981 0
18982 0
18983 14
18984 4
18985 0
18986 0
18987 0
18988 8
18989 10
18990 0
18991 0
18992 0
18993 0
18994 4
18995 6
18996 0
18997 0
18998 0
18999 32
19000 0
19001 2
19002 20
19003 0
19004 4
19005 16
19006 0
19007 1406
19008 0
19009 8
19010 0
19011 0
19012 0
19013 2
19014 4
19015 0
19016 0
19017 288
19018 0
19019 22
19020 0
19021 0
19022 8
19023 0
19024 4
19025 50
19026 0
19027 0
19028 0
19029 8
19030 0
19031 14
19032 0
19033 40
19034 4
19035 0
19036 0
19037 2
19038 0
19039 384
19040 20
19041 0
19042 0
19043 6
19044 28
19045 0
19046 0
19047 0
19048 0
19049 122
19050 0
19051 0
19052 0
19053 0
19054 4
19055 30
19056 8
19057 0
19058 0
19059 16
19060 0
19061 2
19062 0
19063 0
19064 284
19065 0
19066 0
19067 6
19068 0
19069 8
19070 0
19071 0
19072 0
19073 58
19074 4
19075 0
19076 0
19077 0
19078 0
19079 46
19080 0
19081 0
19082 0
19083 0
19084 4
19085 2
19086 0
19087 0
19088 24
19089 8
19090 8
19091 230
19092 0
19093 0
19094 4
19095 320
19096 0
19097 2
19098 0
19099 16
19100 0
19101 0
19102 0
19103 62
19104 4
19105 0
19106 20
19107 32
19108 0
19109 442
19110 0
19111 0
19112 0
19113 0
19114 4
19115 6
19116 468
19117 0
19118 0
19119 64
19120 0
19121 2
19122 0
19123 528
19124 140
19125 0
19126 20
19127 14
19128 0
19129 8
19130 0
19131 0
19132 0
19133 2
19134 4
19135 0
19136 0
19137 0
19138 0
19139 102
19140 0
19141 16
19142 0
19143 0
19144 4
19145 2
19146 0
19147 0
19148 0
19149 8
19150 0
19151 990
19152 0
19153 0
19154 4
19155 0
19156 0
19157 42
19158 8
19159 32
19160 0
19161 0
19162 0
19163 6
19164 4
19165 0
19166 0
19167 0
19168 0
19169 10
19170 0
19171 0
19172 20
19173 0
19174 28
19175 78
19176 56
19177 0
19178 0
19179 16
19180 0
19181 2
19182 0
19183 0
19184 4
19185 0
19186 0
19187 6
19188 20
19189 8
19190 0
19191 0
19192 8
19193 2
19194 4
19195 0
19196 0
19197 0
19198 0
19199 1534
19200 0
19201 0
19202 0
19203 0
19204 4
19205 42
19206 0
19207 0
19208 0
19209 24
19210 0
19211 6
19212 0
19213 0
19214 28
19215 0
19216 0
19217 2
19218 0
19219 96
19220 56
19221 0
19222 0
19223 14
19224 4
19225 0
19226 8
19227 0
19228 0
19229 10
19230 0
19231 0
19232 0
19233 0
19234 4
19235 6
19236 0
19237 0
19238 20
19239 224
19240 0
19241 2
19242 0
19243 32
19244 4
19245 0
19246 0
19247 30
19248 0
19249 8
19250 20
19251 0
19252 0
19253 2
19254 4
19255 0
19256 0
19257 0
19258 0
19259 22
19260 8
19261 0
19262 0
19263 0
19264 4
19265 2
19266 0
19267 0
19268 0
19269 48
19270 0
19271 174
19272 0
19273 0
19274 212
19275 0
19276 0
19277 66
19278 0
19279 64
19280 0
19281 40
19282 0
19283 6
19284 4
19285 0
19286 0
19287 0
19288 0
19289 10
19290 0
19291 0
19292 0
19293 0
19294 12
19295 62
19296 0
19297 0
19298 0
19299 16
19300 0
19301 2
19302 0
19303 448
19304 144
19305 0
19306 0
19307 6
19308 0
19309 8
19310 0
19311 128
19312 20
19313 2
19314 4
19315 0
19316 0
19317 0
19318 0
19319 46
19320 0
19321 0
19322 36
19323 0
19324 4
19325 2
19326 0
19327 0
19328 8
19329 8
19330 0
19331 6
19332 0
19333 0
19334 4
19335 0
19336 0
19337 42
19338 0
19339 16
19340 24
19341 0
19342 0
19343 350
19344 4
19345 16
19346 0
19347 0
19348 0
19349 122
19350 0
19351 0
19352 0
19353 0
19354 4
19355 6
19356 0
19357 0
19358 0
19359 128
19360 0
19361 2
19362 8
19363 0
19364 4
19365 0
19366 0
19367 14
19368 0
19369 56
19370 20
19371 0
19372 0
19373 2
19374 24
19375 0
19376 0
19377 0
19378 0
19379 566
19380 0
19381 0
19382 0
19383 0
19384 4
19385 2
19386 0
19387 0
19388 0
19389 8
19390 0
19391 126
19392 0
19393 0
19394 4
19395 0
19396 8
19397 2
19398 0
19399 32
19400 0
19401 0
19402 0
19403 182
19404 4
19405 40
19406 0
19407 0
19408 0
19409 10
19410 0
19411 0
19412 0
19413 16
19414 4
19415 14
19416 0
19417 936
19418 0
19419 16
19420 0
19421 2
19422 0
19423 0
19424 4
19425 0
19426 0
19427 6
19428 0
19429 8
19430 64
19431 0
19432 0
19433 2
19434 28
19435 0
19436 480
19437 0
19438 0
19439 94
19440 0
19441 0
19442 0
19443 0
19444 4
19445 2
19446 0
19447 64
19448 0
19449 8
19450 0
19451 6
19452 0
19453 0
19454 4
19455 0
19456 0
19457 2
19458 0
19459 16
19460 0
19461 0
19462 0
19463 14
19464 12
19465 0
19466 24
19467 80
19468 0
19469 50
19470 0
19471 0
19472 0
19473 0
19474 484
19475 6
19476 0
19477 0
19478 56
19479 32
19480 0
19481 18
19482 0
19483 0
19484 4
19485 0
19486 0
19487 62
19488 0
19489 8
19490 0
19491 0
19492 0
19493 506
19494 4
19495 0
19496 0
19497 0
19498 28
19499 118
19500 0
19501 0
19502 20
19503 0
19504 4
19505 2
19506 0
19507 0
19508 0
19509 8
19510 0
19511 14
19512 0
19513 0
19514 4
19515 32
19516 0
19517 2
19518 0
19519 256
19520 0
19521 0
19522 0
19523 6
19524 4
19525 0
19526 0
19527 0
19528 0
19529 98
19530 0
19531 576
19532 8
19533 0
19534 4
19535 350
19536 0
19537 0
19538 0
19539 16
19540 0
19541 2
19542 0
19543 0
19544 4
19545 0
19546 0
19547 6
19548 0
19549 24
19550 0
19551 0
19552 0
19553 2
19554 4
19555 0
19556 0
19557 112
19558 0
19559 46
19560 20
19561 0
19562 0
19563 0
19564 76
19565 2
19566 8
19567 0
19568 20
19569 8
19570 0
19571 6
19572 0
19573 0
19574 4
19575 0
19576 0
19577 2
19578 0
19579 16
19580 0
19581 0
19582 0
19583 1278
19584 4
19585 0
19586 0
19587 0
19588 0
19589 10
19590 0
19591 160
19592 24
19593 0
19594 4
19595 6
19596 0
19597 0
19598 0
19599 64
19600 8
19601 42
19602 0
19603 0
19604 4
19605 0
19606 0
19607 462
19608 0
19609 8
19610 0
19611 0
19612 0
19613 2
19614 4
19615 0
19616 0
19617 16
19618 0
19619 22
19620 0
19621 0
19622 20
19623 0
19624 4
19625 2
19626 0
19627 0
19628 0
19629 56
19630 0
19631 30
19632 0
19633 0
19634 160
19635 0
19636 0
19637 2
19638 0
19639 32
19640 0
19641 0
19642 0
19643 6
19644 4
19645 0
19646 0
19647 0
19648 0
19649 10
19650 0
19651 32
19652 0
19653 40
19654 4
19655 782
19656 0
19657 0
19658 0
19659 16
19660 0
19661 674
19662 0
19663 0
19664 40
19665 0
19666 0
19667 86
19668 8
19669 8
19670 0
19671 0
19672 0
19673 2
19674 4
19675 0
19676 0
19677 0
19678 0
19679 830
19680 0
19681 0
19682 0
19683 0
19684 80
19685 18
19686 0
19687 0
19688 0
19689 8
19690 0
19691 6
19692 0
19693 0
19694 28
19695 0
19696 0
19697 2
19698 0
19699 16
19700 20
19701 0
19702 8
19703 14
19704 4
19705 0
19706 0
19707 0
19708 0
19709 10
19710 0
19711 0
19712 0
19713 0
19714 4
19715 86
19716 0
19717 0
19718 24
19719 96
19720 0
19721 2
19722 0
19723 0
19724 4
19725 0
19726 0
19727 30
19728 0
19729 8
19730 0
19731 0
19732 0
19733 42
19734 4
19735 0
19736 64
19737 0
19738 0
19739 22
19740 0
19741 0
19742 0
19743 0
19744 4
19745 2
19746 20
19747 0
19748 0
19749 8
19750 0
19751 14
19752 0
19753 16
19754 4
19755 0
19756 0
19757 2
19758 0
19759 448
19760 0
19761 0
19762 0
19763 6
19764 4
19765 0
19766 20
19767 0
19768 0
19769 10
19770 8
19771 0
19772 0
19773 0
19774 4
19775 126
19776 0
19777 80
19778 0
19779 16
19780 0
19781 50
19782 0
19783 0
19784 4
19785 0
19786 0
19787 38
19788 144
19789 8
19790 0
19791 0
19792 0
19793 2
19794 4
19795 0
19796 0
19797 0
19798 0
19799 206
19800 0
19801 0
19802 0
19803 0
19804 12
19805 2
19806 132
19807 0
19808 20
19809 8
19810 0
19811 230
19812 0
19813 0
19814 4
19815 0
19816 0
19817 2
19818 0
19819 16
19820 0
19821 16
19822 0
19823 30
19824 28
19825 0
19826 0
19827 0
19828 0
19829 10
19830 0
19831 0
19832 20
19833 0
19834 4
19835 150
19836 0
19837 0
19838 8
19839 3072
19840 0
19841 2
19842 0
19843 0
19844 28
19845 0
19846 0
19847 14
19848 0
19849 8
19850 0
19851 0
19852 0
19853 2
19854 4
19855 128
19856 0
19857 0
19858 0
19859 22
19860 0
19861 0
19862 0
19863 0
19864 4
19865 154
19866 0
19867 0
19868 0
19869 8
19870 20
19871 62
19872 8
19873 0
19874 4
19875 0
19876 0
19877 2
19878 0
19879 32
19880 0
19881 0
19882 0
19883 6
19884 24
19885 0
19886 0
19887 0
19888 0
19889 522
19890 0
19891 0
19892 0
19893 0
19894 4
19895 14
19896 0
19897 0
19898 20
19899 16
19900 0
19901 42
19902 0
19903 0
19904 4
19905 0
19906 8
19907 102
19908 0
19909 8
19910 0
19911 0
19912 0
19913 2
19914 4
19915 0
19916 0
19917 0
19918 0
19919 94
19920 0
19921 0
19922 0
19923 32
19924 4
19925 2
19926 0
19927 0
19928 252
19929 8
19930 0
19931 86
19932 20
19933 0
19934 4
19935 0
19936 0
19937 2
19938 56
19939 16
19940 8
19941 0
19942 0
19943 14
19944 4
19945 0
19946 0
19947 0
19948 0
19949 10
19950 0
19951 0
19952 0
19953 0
19954 28
19955 6
19956 0
19957 16
19958 0
19959 32
19960 0
19961 2
19962 0
19963 80
19964 24
19965 0
19966 0
19967 1022
19968 0
19969 8
19970 24
19971 0
19972 0
19973 2
19974 12
19975 0
19976 0
19977 0
19978 0
19979 22
19980 0
19981 0
19982 0
19983 0
19984 4
19985 2
19986 0
19987 0
19988 0
19989 8
19990 0
19991 78
19992 0
19993 0
19994 80
19995 0
19996 0
19997 42
19998 0
19999 128
20000 0
20001 0
20002 0
20003 6
20004 4
20005 0
20006 252
20007 0
20008 8
20009 10
20010 0
20011 0
20012 0
20013 0
20014 4
20015 30
20016 0
20017 0
20018 0
20019 304
20020 0
20021 2
20022 0
20023 0
20024 4
20025 56
20026 0
20027 6
20028 0
20029 8
20030 20
20031 0
20032 0
20033 50
20034 4
20035 0
20036 0
20037 0
20038 0
20039 46
20040 0
20041 0
20042 8
20043 0
20044 4
20045 290
20046 0
20047 0
20048 0
20049 8
20050 0
20051 6
20052 0
20053 0
20054 4
20055 0
20056 20
20057 2
20058 0
20059 48
20060 0
20061 0
20062 0
20063 702
20064 4
20065 112
20066 0
20067 0
20068 0
20069 10
20070 0
20071 0
20072 0
20073 0
20074 4
20075 6
20076 8
20077 0
20078 0
20079 64
20080 0
20081 2
20082 0
20083 0
20084 28
20085 0
20086 0
20087 174
20088 0
20089 48
20090 0
20091 0
20092 0
20093 18
20094 4
20095 0
20096 44
20097 0
20098 0
20099 22
20100 0
20101 0
20102 0
20103 0
20104 4
20105 2
20106 0
20107 0
20108 0
20109 8
20110 8
20111 30
20112 0
20113 0
20114 4
20115 0
20116 0
20117 2
20118 40
20119 32
20120 0
20121 0
20122 0
20123 230
20124 4
20125 0
20126 0
20127 256
20128 0
20129 50
20130 0
20131 0
20132 0
20133 0
20134 4
20135 14
20136 0
20137 0
20138 0
20139 16
20140 0
20141 2
20142 0
20143 0
20144 140
20145 0
20146 0
20147 6
20148 0
20149 96
20150 0
20151 0
20152 0
20153 2
20154 4
20155 0
20156 0
20157 0
20158 0
20159 1918
20160 0
20161 16
20162 20
20163 0
20164 796
20165 2
20166 0
20167 0
20168 0
20169 8
20170 0
20171 6
20172 0
20173 0
20174 4
20175 0
20176 0
20177 74
20178 8
20179 16
20180 20
20181 0
20182 0
20183 14
20184 4
20185 0
20186 0
20187 0
20188 0
20189 10
20190 0
20191 0
20192 56
20193 0
20194 4
20195 118
20196 0
20197 0
20198 0
20199 32
20200 0
20201 2
20202 0
20203 0
20204 4
20205 0
20206 0
20207 30
20208 0
20209 8
20210 0
20211 80
20212 8
20213 2
20214 28
20215 0
20216 0
20217 0
20218 0
20219 22
20220 0
20221 0
20222 24
20223 0
20224 4
20225 2
20226 0
20227 0
20228 20
20229 24
20230 0
20231 14
20232 0
20233 0
20234 4
20235 0
20236 0
20237 2
20238 0
20239 64
20240 0
20241 0
20242 20
20243 6
20244 4
20245 0
20246 8
20247 0
20248 0
20249 10
20250 0
20251 0
20252 56
20253 0
20254 4
20255 62
20256 0
20257 0
20258 0
20259 16
20260 0
20261 42
20262 0
20263 64
20264 4
20265 0
20266 0
20267 6
20268 0
20269 8
20270 0
20271 0
20272 0
20273 42
20274 4
20275 0
20276 0
20277 0
20278 0
20279 238
20280 8
20281 0
20282 0
20283 0
20284 4
20285 50
20286 0
20287 0
20288 0
20289 8
20290 0
20291 6
20292 0
20293 0
20294 44
20295 0
20296 0
20297 18
20298 0
20299 16
20300 0
20301 0
20302 144
20303 30
20304 24
20305 0
20306 0
20307 0
20308 0
20309 10
20310 0
20311 0
20312 0
20313 0
20314 12
20315 6
20316 0
20317 0
20318 0
20319 1920
20320 0
20321 2
20322 0
20323 0
20324 4
20325 0
20326 0
20327 174
20328 0
20329 8
20330 0
20331 32
20332 0
20333 2
20334 4
20335 320
20336 0
20337 0
20338 0
20339 22
20340 0
20341 0
20342 0
20343 0
20344 28
20345 2
20346 0
20347 0
20348 68
20349 8
20350 0
20351 254
20352 0
20353 0
20354 4
20355 0
20356 0
20357 2
20358 0
20359 32
20360 20
20361 0
20362 0
20363 6
20364 4
20365 16
20366 20
20367 0
20368 0
20369 10
20370 0
20371 0
20372 0
20373 0
20374 4
20375 14
20376 0
20377 0
20378 0
20379 16
20380 0
20381 114
20382 8
20383 0
20384 4
20385 0
20386 0
20387 6
20388 0
20389 8
20390 0
20391 0
20392 0
20393 42
20394 4
20395 0
20396 0
20397 40
20398 0
20399 2270
20400 0
20401 0
20402 0
20403 0
20404 4
20405 2
20406 0
20407 0
20408 0
20409 56
20410 0
20411 102
20412 0
20413 0
20414 4
20415 0
20416 8
20417 2
20418 0
20419 16
20420 0
20421 0
20422 0
20423 14
20424 4
20425 0
20426 20
20427 0
20428 20
20429 10
20430 0
20431 0
20432 0
20433 16
20434 4
20435 6
20436 0
20437 0
20438 0
20439 2048
20440 0
20441 2
20442 0
20443 0
20444 4
20445 0
20446 56
20447 62
20448 0
20449 8
20450 8
20451 0
20452 0
20453 2
20454 4
20455 0
20456 0
20457 0
20458 0
20459 1942
20460 0
20461 0
20462 0
20463 0
20464 4
20465 2
20466 0
20467 32
20468 0
20469 2120
20470 0
20471 14
20472 0
20473 0
20474 2068
20475 0
20476 0
20477 2
20478 0
20479 16384
20480 0
20481 0
20482 0
20483 6
20484 2076
20485 0
20486 0
20487 0
20488 0
20489 2122
20490 20
20491 0
20492 20
20493 0
20494 4
20495 30
20496 0
20497 0
20498 0
20499 1936
20500 0
20501 18
20502 0
20503 0
20504 4
20505 0
20506 0
20507 6
20508 0
20509 8
20510 56
20511 0
20512 0
20513 2
20514 4
20515 0
20516 0
20517 0
20518 8
20519 2062
20520 0
20521 40
20522 0
20523 0
20524 4
20525 42
20526 0
20527 0
20528 0
20529 8
20530 0
20531 6
20532 0
20533 0
20534 4
20535 64
20536 0
20537 50
20538 0
20539 112
20540 0
20541 0
20542 0
20543 126
20544 4
20545 0
20546 0
20547 0
20548 0
20549 10
20550 0
20551 0
20552 28
20553 0
20554 4
20555 6
20556 0
20557 0
20558 20
20559 2368
20560 0
20561 2
20562 0
20563 0
20564 4
20565 0
20566 0
20567 14
20568 0
20569 24
20570 0
20571 0
20572 0
20573 114
20574 4
20575 0
20576 0
20577 0
20578 0
20579 22
20580 0
20581 0
20582 0
20583 160
20584 4
20585 2
20586 8
20587 0
20588 0
20589 8
20590 0
20591 350
20592 0
20593 0
20594 4
20595 0
20596 0
20597 2
20598 0
20599 32
20600 24
20601 0
20602 0
20603 38
20604 28
20605 0
20606 0
20607 0
20608 0
20609 10
20610 0
20611 0
20612 0
20613 0
20614 24
20615 14
20616 0
20617 0
20618 0
20619 16
20620 8
20621 2
20622 0
20623 0
20624 24
20625 0
20626 0
20627 6
20628 0
20629 8
20630 0
20631 0
20632 0
20633 2
20634 4
20635 0
20636 0
20637 16
20638 0
20639 1982
20640 0
20641 0
20642 0
20643 0
20644 4
20645 42
20646 0
20647 0
20648 0
20649 8
20650 0
20651 6
20652 0
20653 0
20654 140
20655 0
20656 0
20657 42
20658 0
20659 16
20660 0
20661 0
20662 0
20663 206
20664 4
20665 0
20666 0
20667 0
20668 0
20669 58
20670 0
20671 512
20672 0
20673 0
20674 4
20675 6
20676 20
20677 0
20678 0
20679 32
20680 0
20681 2
20682 0
20683 0
20684 4
20685 0
20686 0
20687 30
20688 8
20689 8
20690 56
20691 0
20692 0
20693 2
20694 4
20695 0
20696 0
20697 0
20698 0
20699 22
20700 56
20701 0
20702 0
20703 0
20704 24
20705 18
20706 0
20707 80
20708 0
20709 8
20710 0
20711 14
20712 0
20713 0
20714 4
20715 0
20716 0
20717 2
20718 0
20719 64
20720 0
20721 0
20722 8
20723 86
20724 4
20725 0
20726 24
20727 0
20728 0
20729 10
20730 0
20731 0
20732 0
20733 0
20734 28
20735 510
20736 0
20737 0
20738 20
20739 48
20740 0
20741 2
20742 0
20743 0
20744 4
20745 0
20746 0
20747 6
20748 0
20749 8
20750 0
20751 0
20752 0
20753 2
20754 4
20755 0
20756 28
20757 0
20758 0
20759 46
20760 0
20761 0
20762 0
20763 0
20764 4
20765 2
20766 0
20767 0
20768 56
20769 48
20770 0
20771 6
20772 0
20773 16
20774 4
20775 0
20776 0
20777 2
20778 0
20779 16
20780 0
20781 0
20782 0
20783 30
20784 4
20785 0
20786 0
20787 0
20788 0
20789 98
20790 8
20791 0
20792 0
20793 0
20794 4
20795 6
20796 0
20797 0
20798 0
20799 1792
20800 40
20801 2
20802 0
20803 0
20804 4
20805 0
20806 0
20807 78
20808 0
20809 8
20810 0
20811 0
20812 0
20813 2
20814 4
20815 0
20816 144
20817 0
20818 0
20819 22
20820 0
20821 0
20822 20
20823 0
20824 12
20825 2
20826 0
20827 224
20828 0
20829 8
20830 0
20831 702
20832 0
20833 0
20834 4
20835 0
20836 0
20837 2
20838 0
20839 32
20840 0
20841 16
20842 0
20843 6
20844 4
20845 0
20846 0
20847 0
20848 0
20849 10
20850 0
20851 0
20852 204
20853 0
20854 4
20855 174
20856 0
20857 0
20858 8
20859 16
20860 0
20861 74
20862 20
20863 0
20864 28
20865 0
20866 0
20867 6
20868 0
20869 8
20870 0
20871 0
20872 0
20873 2
20874 4
20875 32
20876 0
20877 0
20878 0
20879 94
20880 0
20881 0
20882 0
20883 0
20884 4
20885 2
20886 0
20887 0
20888 20
20889 8
20890 0
20891 6
20892 8
20893 40
20894 4
20895 0
20896 0
20897 114
20898 0
20899 16
20900 0
20901 0
20902 0
20903 14
20904 4
20905 0
20906 0
20907 0
20908 0
20909 322
20910 0
20911 0
20912 0
20913 0
20914 4
20915 102
20916 0
20917 0
20918 0
20919 32
20920 0
20921 42
20922 0
20923 0
20924 24
20925 0
20926 8
20927 126
20928 0
20929 152
20930 0
20931 0
20932 0
20933 2
20934 4
20935 0
20936 0
20937 0
20938 0
20939 22
20940 0
20941 0
20942 0
20943 128
20944 4
20945 2
20946 0
20947 0
20948 0
20949 8
20950 252
20951 14
20952 0
20953 0
20954 80
20955 80
20956 0
20957 2
20958 0
20959 128
20960 8
20961 0
20962 0
20963 6
20964 4
20965 0
20966 0
20967 0
20968 0
20969 10
20970 0
20971 0
20972 0
20973 0
20974 4
20975 30
20976 0
20977 16
20978 24
20979 16
20980 0
20981 2
20982 0
20983 0
20984 4
20985 0
20986 20
20987 86
20988 0
20989 8
20990 0
20991 0
20992 0
20993 2
20994 36
20995 0
20996 0
20997 0
20998 0
20999 46
21000 0
21001 0
21002 0
21003 0
21004 4
21005 2
21006 0
21007 0
21008 0
21009 8
21010 0
21011 38
21012 0
21013 0
21014 4
21015 0
21016 0
21017 42
21018 0
21019 16
21020 20
21021 0
21022 0
21023 62
21024 4
21025 0
21026 56
21027 0
21028 8
21029 10
21030 0
21031 0
21032 252
21033 0
21034 4
21035 6
21036 0
21037 0
21038 0
21039 64
21040 0
21041 50
21042 0
21043 0
21044 4
21045 16
21046 0
21047 14
21048 20
21049 8
21050 0
21051 0
21052 0
21053 42
21054 4
21055 0
21056 0
21057 0
21058 0
21059 502
21060 0
21061 0
21062 8
21063 0
21064 4
21065 2
21066 0
21067 0
21068 0
21069 8
21070 0
21071 30
21072 0
21073 288
21074 4
21075 0
21076 0
21077 2
21078 0
21079 256
21080 0
21081 112
21082 0
21083 6
21084 4
21085 0
21086 20
21087 0
21088 0
21089 10
21090 0
21091 0
21092 0
21093 0
21094 4
21095 14
21096 8
21097 0
21098 0
21099 16
21100 0
21101 2
21102 0
21103 0
21104 28
21105 0
21106 0
21107 6
21108 0
21109 8
21110 20
21111 0
21112 0
21113 18
21114 24
21115 0
21116 0
21117 0
21118 0
21119 3326
21120 0
21121 0
21122 0
21123 0
21124 28
21125 2
21126 0
21127 0
21128 0
21129 8
21130 8
21131 6
21132 0
21133 0
21134 4
21135 0
21136 0
21137 2
21138 0
21139 16
21140 0
21141 80
21142 0
21143 14
21144 4
21145 0
21146 0
21147 32
21148 0
21149 10
21150 0
21151 0
21152 20
21153 0
21154 4
21155 230
21156 0
21157 0
21158 0
21159 32
21160 0
21161 2
21162 0
21163 0
21164 140
21165 0
21166 0
21167 414
21168 0
21169 8
21170 0
21171 0
21172 152
21173 2
21174 4
21175 0
21176 0
21177 0
21178 0
21179 22
21180 0
21181 16
21182 0
21183 0
21184 4
21185 42
21186 0
21187 0
21188 0
21189 56
21190 0
21191 14
21192 0
21193 0
21194 4
21195 0
21196 0
21197 2
21198 8
21199 64
21200 0
21201 0
21202 0
21203 230
21204 4
21205 0
21206 0
21207 0
21208 56
21209 10
21210 0
21211 0
21212 0
21213 0
21214 4
21215 318
21216 0
21217 0
21218 20
21219 16
21220 0
21221 2
21222 0
21223 0
21224 4
21225 0
21226 0
21227 6
21228 0
21229 8
21230 24
21231 0
21232 8
21233 2
21234 24
21235 0
21236 0
21237 0
21238 0
21239 46
21240 0
21241 0
21242 0
21243 0
21244 4
21245 2
21246 0
21247 0
21248 0
21249 24
21250 0
21251 86
21252 0
21253 0
21254 208
21255 0
21256 0
21257 2
21258 0
21259 16
21260 0
21261 0
21262 0
21263 30
21264 4
21265 40
21266 8
21267 0
21268 0
21269 10
21270 0
21271 0
21272 0
21273 0
21274 4
21275 6
21276 0
21277 0
21278 0
21279 128
21280 0
21281 2
21282 0
21283 32
21284 80
21285 0
21286 0
21287 14
21288 0
21289 8
21290 0
21291 0
21292 0
21293 194
21294 4
21295 0
21296 20
21297 0
21298 0
21299 22
21300 8
21301 0
21302 0
21303 0
21304 4
21305 2
21306 0
21307 0
21308 0
21309 8
21310 0
21311 126
21312 0
21313 0
21314 4
21315 0
21316 0
21317 58
21318 0
21319 384
21320 0
21321 0
21322 0
21323 6
21324 4
21325 0
21326 0
21327 320
21328 0
21329 10
21330 144
21331 0
21332 0
21333 0
21334 12
21335 462
21336 0
21337 0
21338 0
21339 16
21340 0
21341 2
21342 0
21343 0
21344 4
21345 0
21346 0
21347 6
21348 0
21349 8
21350 20
21351 64
21352 0
21353 2
21354 4
21355 0
21356 24
21357 0
21358 20
21359 94
21360 0
21361 0
21362 0
21363 0
21364 4
21365 2
21366 0
21367 0
21368 8
21369 8
21370 0
21371 6
21372 0
21373 0
21374 40
21375 0
21376 0
21377 2
21378 0
21379 16
21380 0
21381 0
21382 0
21383 174
21384 76
21385 16
21386 0
21387 0
21388 0
21389 50
21390 0
21391 0
21392 0
21393 0
21394 4
21395 6
21396 0
21397 0
21398 0
21399 32
21400 0
21401 2
21402 8
21403 0
21404 4
21405 0
21406 0
21407 62
21408 0
21409 8
21410 0
21411 0
21412 0
21413 114
21414 4
21415 0
21416 20
21417 0
21418 0
21419 662
21420 20
21421 0
21422 0
21423 0
21424 4
21425 2
21426 0
21427 0
21428 0
21429 8
21430 0
21431 14
21432 0
21433 0
21434 4
21435 0
21436 8
21437 2
21438 0
21439 256
21440 0
21441 0
21442 0
21443 6
21444 4
21445 0
21446 0
21447 0
21448 0
21449 98
21450 0
21451 80
21452 0
21453 16
21454 4
21455 30
21456 0
21457 0
21458 0
21459 16
21460 0
21461 506
21462 56
21463 0
21464 4
21465 0
21466 0
21467 6
21468 0
21469 8
21470 8
21471 0
21472 0
21473 2
21474 4
21475 0
21476 0
21477 0
21478 0
21479 46
21480 0
21481 0
21482 504
21483 0
21484 4
21485 2
21486 0
21487 128
21488 0
21489 8
21490 0
21491 6
21492 0
21493 0
21494 4
21495 0
21496 0
21497 2
21498 0
21499 16
21500 0
21501 0
21502 0
21503 2046
21504 12
21505 0
21506 0
21507 0
21508 0
21509 10
21510 0
21511 0
21512 0
21513 40
21514 28
21515 86
21516 0
21517 0
21518 0
21519 64
21520 0
21521 18
21522 0
21523 0
21524 484
21525 0
21526 0
21527 14
21528 0
21529 8
21530 0
21531 0
21532 0
21533 2
21534 4
21535 0
21536 0
21537 0
21538 8
21539 22
21540 0
21541 0
21542 56
21543 0
21544 24
21545 554
21546 0
21547 0
21548 20
21549 8
21550 0
21551 30
21552 0
21553 0
21554 4
21555 32
21556 0
21557 2
21558 0
21559 32
21560 0
21561 0
21562 0
21563 6
21564 4
21565 0
21566 0
21567 0
21568 0
21569 10
21570 0
21571 0
21572 8
21573 0
21574 4
21575 174
21576 0
21577 0
21578 0
21579 112
21580 0
21581 42
21582 0
21583 0
21584 4
21585 0
21586 0
21587 582
21588 0
21589 136
21590 0
21591 0
21592 0
21593 2
21594 4
21595 0
21596 0
21597 0
21598 0
21599 190
21600 0
21601 0
21602 0
21603 0
21604 4
21605 2
21606 28
21607 0
21608 24
21609 8
21610 0
21611 6
21612 0
21613 0
21614 24
21615 0
21616 0
21617 2
21618 0
21619 16
21620 0
21621 0
21622 0
21623 78
21624 4
21625 0
21626 0
21627 0
21628 0
21629 10
21630 0
21631 0
21632 0
21633 0
21634 4
21635 6
21636 0
21637 40
21638 0
21639 32
21640 8
21641 2
21642 0
21643 0
21644 124
21645 0
21646 0
21647 350
21648 0
21649 8
21650 0
21651 0
21652 0
21653 2
21654 4
21655 0
21656 0
21657 16
21658 0
21659 22
21660 0
21661 0
21662 0
21663 0
21664 4
21665 2
21666 0
21667 0
21668 20
21669 8
21670 0
21671 654
21672 0
21673 0
21674 140
21675 0
21676 0
21677 2
21678 0
21679 64
21680 20
21681 0
21682 0
21683 6
21684 4
21685 0
21686 0
21687 0
21688 0
21689 10
21690 0
21691 32
21692 0
21693 0
21694 4
21695 126
21696 0
21697 0
21698 0
21699 96
21700 0
21701 2
21702 0
21703 0
21704 4
21705 0
21706 0
21707 6
21708 8
21709 56
21710 0
21711 0
21712 0
21713 42
21714 4
21715 0
21716 92
21717 0
21718 0
21719 46
21720 0
21721 0
21722 0
21723 0
21724 4
21725 18
21726 0
21727 0
21728 0
21729 48
21730 20
21731 6
21732 0
21733 0
21734 28
21735 0
21736 0
21737 2
21738 0
21739 16
21740 0
21741 0
21742 8
21743 30
21744 4
21745 0
21746 20
21747 0
21748 0
21749 10
21750 0
21751 0
21752 0
21753 0
21754 4
21755 6
21756 0
21757 0
21758 0
21759 3072
21760 0
21761 42
21762 0
21763 0
21764 4
21765 0
21766 0
21767 14
21768 0
21769 8
21770 0
21771 0
21772 0
21773 2
21774 28
21775 0
21776 8
21777 0
21778 0
21779 102
21780 0
21781 0
21782 0
21783 0
21784 4
21785 2
21786 0
21787 0
21788 0
21789 8
21790 0
21791 62
21792 20
21793 16
21794 4
21795 0
21796 0
21797 50
21798 0
21799 32
21800 56
21801 0
21802 0
21803 6
21804 4
21805 0
21806 0
21807 0
21808 0
21809 10
21810 8
21811 0
21812 20
21813 0
21814 4
21815 14
21816 0
21817 0
21818 0
21819 16
21820 0
21821 2
21822 0
21823 2560
21824 4
21825 0
21826 0
21827 38
21828 0
21829 8
21830 0
21831 0
21832 0
21833 2
21834 4
21835 0
21836 0
21837 0
21838 0
21839 3550
21840 0
21841 0
21842 0
21843 4032
21844 3580
21845 3522
21846 0
21847 3744
21848 0
21849 8
21850 0
21851 6
21852 0
21853 0
21854 24
21855 4224
21856 0
21857 2
21858 0
21859 16
21860 24
21861 16
21862 0
21863 14
21864 4
21865 0
21866 0
21867 0
21868 0
21869 10
21870 0
21871 0
21872 0
21873 0
21874 4
21875 6
21876 0
21877 0
21878 28
21879 32
21880 0
21881 2
21882 0
21883 0
21884 4
21885 40
21886 0
21887 4862
21888 0
21889 8
21890 0
21891 0
21892 0
21893 2
21894 4
21895 64
21896 0
21897 0
21898 0
21899 22
21900 0
21901 0
21902 0
21903 0
21904 28
21905 2
21906 0
21907 0
21908 0
21909 8
21910 0
21911 174
21912 8
21913 0
21914 4
21915 0
21916 20
21917 2
21918 0
21919 128
21920 0
21921 0
21922 0
21923 102
21924 4
21925 0
21926 0
21927 0
21928 0
21929 394
21930 0
21931 0
21932 0
21933 0
21934 24
21935 30
21936 0
21937 0
21938 0
21939 16
21940 0
21941 2
21942 0
21943 0
21944 24
21945 0
21946 8
21947 86
21948 0
21949 8
21950 0
21951 0
21952 0
21953 2
21954 4
21955 0
21956 0
21957 0
21958 0
21959 46
21960 0
21961 0
21962 0
21963 32
21964 4
21965 2
21966 0
21967 0
21968 0
21969 56
21970 56
21971 6
21972 252
21973 0
21974 4
21975 0
21976 0
21977 42
21978 20
21979 16
21980 8
21981 0
21982 0
21983 62
21984 4
21985 0
21986 24
21987 0
21988 0
21989 10
21990 0
21991 0
21992 0
21993 0
21994 4
21995 6
21996 0
21997 16
21998 0
21999 64
22000 0
22001 2
22002 0
22003 0
22004 4
22005 0
22006 0
22007 14
22008 0
22009 48
22010 20
22011 0
22012 0
22013 2
22014 12
22015 0
22016 0
22017 0
22018 0
22019 22
22020 0
22021 0
22022 0
22023 0
22024 4
22025 2
22026 0
22027 0
22028 0
22029 8
22030 0
22031 158
22032 0
22033 0
22034 28
22035 0
22036 0
22037 2
22038 0
22039 32
22040 20
22041 0
22042 0
22043 86
22044 4
22045 0
22046 0
22047 0
22048 8
22049 58
22050 0
22051 0
22052 0
22053 0
22054 4
22055 14
22056 0
22057 0
22058 308
22059 16
22060 0
22061 2
22062 0
22063 0
22064 4
22065 16
22066 0
22067 6
22068 0
22069 8
22070 0
22071 160
22072 0
22073 2
22074 4
22075 0
22076 20
22077 0
22078 0
22079 382
22080 0
22081 0
22082 8
22083 0
22084 4
22085 2
22086 0
22087 0
22088 0
22089 8
22090 0
22091 6
22092 0
22093 0
22094 4
22095 0
22096 0
22097 114
22098 0
22099 144
22100 0
22101 288
22102 20
22103 14
22104 4
22105 0
22106 0
22107 0
22108 0
22109 50
22110 0
22111 0
22112 96
22113 0
22114 4
22115 6
22116 8
22117 0
22118 0
22119 32
22120 0
22121 2
22122 0
22123 0
22124 4
22125 0
22126 0
22127 30
22128 0
22129 8
22130 0
22131 0
22132 0
22133 58
22134 4
22135 0
22136 0
22137 0
22138 0
22139 102
22140 0
22141 0
22142 20
22143 0
22144 4
22145 2
22146 0
22147 0
22148 0
22149 8
22150 8
22151 14
22152 0
22153 0
22154 4
22155 0
22156 0
22157 2
22158 0
22159 64
22160 0
22161 0
22162 0
22163 6
22164 68
22165 0
22166 0
22167 64
22168 0
22169 10
22170 0
22171 0
22172 0
22173 0
22174 4
22175 1470
22176 0
22177 0
22178 0
22179 16
22180 0
22181 2
22182 0
22183 0
22184 140
22185 0
22186 0
22187 230
22188 0
22189 8
22190 0
22191 0
22192 0
22193 2
22194 4
22195 80
22196 0
22197 0
22198 0
22199 46
22200 0
22201 16
22202 0
22203 0
22204 4
22205 2
22206 0
22207 0
22208 20
22209 8
22210 0
22211 6
22212 0
22213 0
22214 4
22215 0
22216 0
22217 2
22218 8
22219 16
22220 0
22221 0
22222 0
22223 30
22224 60
22225 0
22226 20
22227 0
22228 0
22229 322
22230 0
22231 0
22232 0
22233 0
22234 4
22235 38
22236 0
22237 0
22238 24
22239 128
22240 0
22241 42
22242 0
22243 0
22244 4
22245 0
22246 0
22247 14
22248 0
22249 8
22250 0
22251 0
22252 8
22253 2
22254 4
22255 0
22256 0
22257 40
22258 0
22259 22
22260 0
22261 0
22262 0
22263 0
22264 4
22265 2
22266 0
22267 0
22268 0
22269 24
22270 0
22271 510
22272 0
22273 0
22274 24
22275 0
22276 0
22277 2
22278 0
22279 32
22280 0
22281 0
22282 0
22283 6
22284 4
22285 0
22286 8
22287 0
22288 20
22289 10
22290 0
22291 0
22292 0
22293 0
22294 76
22295 14
22296 0
22297 0
22298 0
22299 16
22300 0
22301 50
22302 0
22303 256
22304 4
22305 0
22306 0
22307 86
22308 0
22309 8
22310 0
22311 0
22312 0
22313 2
22314 4
22315 0
22316 56
22317 0
22318 0
22319 414
22320 8
22321 0
22322 0
22323 0
22324 4
22325 2
22326 0
22327 0
22328 0
22329 8
22330 0
22331 6
22332 0
22333 0
22334 4
22335 0
22336 0
22337 18
22338 0
22339 16
22340 20
22341 0
22342 0
22343 14
22344 24
22345 0
22346 0
22347 0
22348 0
22349 10
22350 20
22351 896
22352 0
22353 0
22354 12
22355 6
22356 0
22357 0
22358 144
22359 224
22360 0
22361 2
22362 0
22363 0
22364 28
22365 0
22366 0
22367 62
22368 0
22369 8
22370 0
22371 32
22372 0
22373 42
22374 4
22375 0
22376 0
22377 0
22378 0
22379 22
22380 0
22381 40
22382 0
22383 0
22384 4
22385 2
22386 0
22387 0
22388 8
22389 8
22390 0
22391 14
22392 0
22393 0
22394 4
22395 0
22396 0
22397 2
22398 0
22399 512
22400 36
22401 0
22402 0
22403 6
22404 4
22405 16
22406 20
22407 0
22408 0
22409 10
22410 0
22411 0
22412 20
22413 0
22414 4
22415 30
22416 0
22417 0
22418 0
22419 16
22420 0
22421 2
22422 8
22423 0
22424 28
22425 0
22426 0
22427 102
22428 0
22429 8
22430 0
22431 0
22432 0
22433 2
22434 4
22435 0
22436 0
22437 0
22438 0
22439 1294
22440 0
22441 0
22442 0
22443 80
22444 4
22445 114
22446 0
22447 0
22448 0
22449 8
22450 0
22451 6
22452 0
22453 0
22454 4
22455 0
22456 8
22457 2
22458 0
22459 16
22460 0
22461 0
22462 0
22463 126
22464 4
22465 0
22466 0
22467 0
22468 0
22469 10
22470 0
22471 0
22472 20
22473 16
22474 24
22475 6
22476 0
22477 0
22478 56
22479 64
22480 0
22481 2
22482 0
22483 1008
22484 4
22485 0
22486 0
22487 14
22488 0
22489 56
22490 32
22491 0
22492 0
22493 2
22494 4
22495 0
22496 0
22497 0
22498 0
22499 22
22500 0
22501 0
22502 0
22503 0
22504 4
22505 962
22506 0
22507 32
22508 0
22509 8
22510 0
22511 30
22512 0
22513 0
22514 4
22515 0
22516 1056
22517 2
22518 0
22519 32
22520 0
22521 0
22522 0
22523 6
22524 12
22525 0
22526 0
22527 0
22528 0
22529 10
22530 0
22531 0
22532 0
22533 0
22534 4
22535 14
22536 20
22537 0
22538 1076
22539 16
22540 0
22541 18
22542 0
22543 0
22544 4
22545 0
22546 0
22547 6
22548 0
22549 968
22550 0
22551 0
22552 0
22553 50
22554 28
22555 0
22556 0
22557 0
22558 8
22559 190
22560 0
22561 0
22562 0
22563 0
22564 4
22565 2
22566 0
22567 160
22568 0
22569 8
22570 0
22571 1094
22572 0
22573 0
22574 60
22575 128
22576 0
22577 2
22578 0
22579 16
22580 0
22581 0
22582 0
22583 14
22584 4
22585 0
22586 0
22587 0
22588 0
22589 10
22590 0
22591 0
22592 8
22593 0
22594 4
22595 6
22596 0
22597 0
22598 20
22599 32
22600 0
22601 2
22602 0
22603 0
22604 24
22605 112
22606 0
22607 30
22608 0
22609 24
22610 0
22611 0
22612 0
22613 2
22614 4
22615 1152
22616 24
22617 0
22618 0
22619 118
22620 0
22621 0
22622 0
22623 0
22624 4
22625 2
22626 8
22627 0
22628 0
22629 48
22630 0
22631 14
22632 0
22633 0
22634 4
22635 0
22636 0
22637 42
22638 0
22639 64
22640 0
22641 0
22642 0
22643 38
22644 4
22645 0
22646 0
22647 0
22648 0
22649 10
22650 0
22651 0
22652 0
22653 0
22654 4
22655 254
22656 0
22657 0
22658 0
22659 16
22660 28
22661 2
22662 0
22663 0
22664 4
22665 0
22666 0
22667 6
22668 0
22669 8
22670 20
22671 0
22672 0
22673 2
22674 4
22675 0
22676 0
22677 16
22678 0
22679 238
22680 0
22681 0
22682 0
22683 0
22684 28
22685 2
22686 0
22687 0
22688 0
22689 8
22690 0
22691 86
22692 0
22693 0
22694 140
22695 0
22696 0
22697 2
22698 0
22699 16
22700 0
22701 0
22702 0
22703 1246
22704 4
22705 0
22706 0
22707 0
22708 0
22709 10
22710 0
22711 64
22712 0
22713 0
22714 4
22715 6
22716 0
22717 0
22718 0
22719 256
22720 0
22721 2
22722 20
22723 0
22724 4
22725 0
22726 0
22727 14
22728 8
22729 8
22730 0
22731 0
22732 56
22733 2
22734 4
22735 0
22736 20
22737 0
22738 0
22739 22
22740 0
22741 0
22742 60
22743 0
22744 4
22745 18
22746 0
22747 0
22748 0
22749 152
22750 0
22751 62
22752 0
22753 40
22754 24
22755 0
22756 0
22757 2
22758 0
22759 32
22760 0
22761 0
22762 8
22763 6
22764 4
22765 0
22766 0
22767 0
22768 0
22769 50
22770 0
22771 0
22772 0
22773 0
22774 4
22775 14
22776 0
22777 0
22778 0
22779 48
22780 0
22781 2
22782 0
22783 0
22784 24
22785 0
22786 0
22787 6
22788 0
22789 8
22790 0
22791 0
22792 0
22793 2
22794 4
22795 0
22796 8
22797 0
22798 0
22799 94
22800 0
22801 0
22802 20
22803 0
22804 4
22805 50
22806 0
22807 0
22808 0
22809 8
22810 0
22811 6
22812 0
22813 16
22814 124
22815 640
22816 0
22817 2
22818 0
22819 16
22820 0
22821 0
22822 0
22823 14
22824 4
22825 0
22826 0
22827 0
22828 0
22829 10
22830 8
22831 0
22832 56
22833 0
22834 4
22835 86
22836 0
22837 0
22838 0
22839 32
22840 0
22841 2
22842 0
22843 0
22844 4
22845 0
22846 40
22847 638
22848 0
22849 8
22850 0
22851 0
22852 0
22853 2
22854 4
22855 0
22856 0
22857 0
22858 0
22859 246
22860 0
22861 0
22862 0
22863 0
22864 12
22865 2
22866 0
22867 0
22868 44
22869 8
22870 0
22871 14
22872 144
22873 0
22874 4
22875 0
22876 0
22877 42
22878 0
22879 896
22880 0
22881 16
22882 0
22883 6
22884 4
22885 0
22886 0
22887 0
22888 0
22889 10
22890 0
22891 0
22892 0
22893 0
22894 4
22895 30
22896 0
22897 0
22898 8
22899 16
22900 0
22901 42
22902 0
22903 0
22904 4
22905 0
22906 0
22907 6
22908 20
22909 8
22910 0
22911 0
22912 0
22913 74
22914 4
22915 32
22916 0
22917 0
22918 0
22919 46
22920 0
22921 0
22922 0
22923 0
22924 4
22925 2
22926 0
22927 0
22928 0
22929 8
22930 0
22931 390
22932 8
22933 0
22934 24
22935 0
22936 0
22937 2
22938 336
22939 96
22940 0
22941 0
22942 0
22943 62
22944 28
22945 0
22946 0
22947 0
22948 0
22949 282
22950 0
22951 0
22952 0
22953 0
22954 4
22955 6
22956 0
22957 0
22958 0
22959 384
22960 0
22961 114
22962 0
22963 0
22964 4
22965 0
22966 8
22967 174
22968 0
22969 8
22970 20
22971 0
22972 0
22973 2
22974 4
22975 0
22976 0
22977 0
22978 0
22979 22
22980 0
22981 0
22982 0
22983 64
22984 4
22985 2
22986 56
22987 0
22988 0
22989 8
22990 0
22991 30
22992 0
22993 0
22994 280
22995 0
22996 0
22997 2
22998 0
22999 32
23000 28
23001 40
23002 0
23003 6
23004 4
23005 0
23006 0
23007 0
23008 0
23009 58
23010 0
23011 0
23012 0
23013 0
23014 4
23015 14
23016 0
23017 16
23018 0
23019 16
23020 0
23021 2
23022 0
23023 0
23024 4
23025 0
23026 0
23027 6
23028 0
23029 8
23030 0
23031 0
23032 20
23033 42
23034 12
23035 0
23036 0
23037 0
23038 0
23039 3070
23040 0
23041 0
23042 0
23043 0
23044 4
23045 2
23046 0
23047 0
23048 0
23049 8
23050 0
23051 38
23052 0
23053 0
23054 4
23055 0
23056 0
23057 50
23058 0
23059 16
23060 0
23061 0
23062 0
23063 174
23064 4
23065 0
23066 20
23067 0
23068 8
23069 10
23070 0
23071 0
23072 0
23073 0
23074 28
23075 6
23076 0
23077 0
23078 0
23079 32
23080 0
23081 2
23082 0
23083 0
23084 256
23085 16
23086 0
23087 30
23088 0
23089 8
23090 56
23091 0
23092 0
23093 2
23094 24
23095 0
23096 0
23097 0
23098 0
23099 102
23100 0
23101 0
23102 8
23103 0
23104 4
23105 2
23106 0
23107 0
23108 0
23109 8
23110 0
23111 14
23112 0
23113 112
23114 4
23115 0
23116 0
23117 2
23118 0
23119 192
23120 24
23121 0
23122 0
23123 6
23124 4
23125 40
23126 0
23127 0
23128 0
23129 426
23130 0
23131 0
23132 20
23133 0
23134 4
23135 62
23136 8
23137 0
23138 0
23139 112
23140 0
23141 2
23142 0
23143 0
23144 4
23145 0
23146 0
23147 6
23148 0
23149 8
23150 0
23151 0
23152 0
23153 18
23154 4
23155 0
23156 20
23157 0
23158 0
23159 46
23160 0
23161 0
23162 0
23163 0
23164 24
23165 42
23166 0
23167 0
23168 0
23169 8
23170 8
23171 6
23172 0
23173 0
23174 4
23175 0
23176 0
23177 2
23178 0
23179 16
23180 0
23181 0
23182 0
23183 414
23184 4
23185 0
23186 0
23187 192
23188 0
23189 10
23190 0
23191 0
23192 0
23193 0
23194 4
23195 6
23196 0
23197 0
23198 20
23199 128
23200 0
23201 2
23202 0
23203 0
23204 356
23205 0
23206 0
23207 14
23208 0
23209 8
23210 0
23211 0
23212 0
23213 2
23214 4
23215 0
23216 0
23217 0
23218 20
23219 246
23220 0
23221 280
23222 0
23223 0
23224 4
23225 2
23226 0
23227 0
23228 0
23229 8
23230 0
23231 1406
23232 0
23233 0
23234 4
23235 0
23236 0
23237 2
23238 8
23239 32
23240 56
23241 0
23242 0
23243 6
23244 4
23245 0
23246 24
23247 0
23248 0
23249 50
23250 0
23251 0
23252 0
23253 0
23254 4
23255 366
23256 0
23257 0
23258 0
23259 16
23260 0
23261 2
23262 0
23263 0
23264 24
23265 0
23266 0
23267 6
23268 0
23269 56
23270 0
23271 0
23272 8
23273 2
23274 4
23275 0
23276 0
23277 0
23278 0
23279 94
23280 20
23281 0
23282 0
23283 0
23284 4
23285 2
23286 0
23287 0
23288 0
23289 24
23290 0
23291 6
23292 0
23293 0
23294 4
23295 0
23296 0
23297 42
23298 0
23299 16
23300 0
23301 0
23302 0
23303 14
23304 4
23305 0
23306 8
23307 0
23308 0
23309 58
23310 0
23311 320
23312 0
23313 0
23314 4
23315 6
23316 0
23317 0
23318 0
23319 32
23320 0
23321 2
23322 0
23323 32
23324 4
23325 0
23326 0
23327 62
23328 0
23329 8
23330 20
23331 0
23332 0
23333 2
23334 28
23335 0
23336 0
23337 0
23338 0
23339 22
23340 8
23341 0
23342 20
23343 0
23344 4
23345 2
23346 0
23347 0
23348 56
23349 8
23350 0
23351 14
23352 0
23353 0
23354 4
23355 0
23356 0
23357 18
23358 0
23359 256
23360 0
23361 0
23362 0
23363 86
23364 4
23365 0
23366 0
23367 448
23368 0
23369 50
23370 0
23371 0
23372 24
23373 40
23374 12
23375 30
23376 0
23377 0
23378 0
23379 16
23380 0
23381 2
23382 0
23383 0
23384 4
23385 0
23386 144
23387 6
23388 0
23389 8
23390 0
23391 256
23392 0
23393 2
23394 4
23395 0
23396 20
23397 0
23398 0
23399 1006
23400 0
23401 0
23402 0
23403 0
23404 384
23405 2
23406 0
23407 0
23408 8
23409 8
23410 0
23411 6
23412 0
23413 0
23414 4
23415 0
23416 0
23417 2
23418 0
23419 16
23420 0
23421 0
23422 0
23423 254
23424 4
23425 16
23426 36
23427 0
23428 0
23429 50
23430 0
23431 0
23432 0
23433 0
23434 4
23435 182
23436 0
23437 0
23438 0
23439 64
23440 0
23441 2
23442 8
23443 0
23444 4
23445 0
23446 0
23447 14
23448 0
23449 8
23450 0
23451 0
23452 0
23453 2
23454 4
23455 0
23456 0
23457 0
23458 0
23459 566
23460 0
23461 0
23462 20
23463 0
23464 28
23465 2
23466 20
23467 0
23468 0
23469 8
23470 0
23471 30
23472 0
23473 0
23474 4
23475 0
23476 8
23477 114
23478 0
23479 32
23480 0
23481 0
23482 0
23483 6
23484 4
23485 0
23486 0
23487 0
23488 0
23489 10
23490 0
23491 0
23492 0
23493 16
23494 60
23495 174
23496 0
23497 40
23498 24
23499 16
23500 0
23501 2
23502 0
23503 0
23504 4
23505 504
23506 0
23507 6
23508 0
23509 8
23510 8
23511 0
23512 0
23513 2
23514 4
23515 0
23516 0
23517 0
23518 0
23519 190
23520 0
23521 0
23522 0
23523 0
23524 4
23525 2
23526 0
23527 64
23528 480
23529 56
23530 0
23531 6
23532 0
23533 0
23534 4
23535 0
23536 0
23537 2
23538 0
23539 16
23540 0
23541 0
23542 0
23543 14
23544 12
23545 0
23546 0
23547 0
23548 0
23549 10
23550 0
23551 0
23552 0
23553 0
23554 4
23555 6
23556 0
23557 0
23558 0
23559 192
23560 0
23561 106
23562 0
23563 0
23564 4
23565 0
23566 0
23567 30
23568 0
23569 8
23570 0
23571 0
23572 0
23573 2
23574 484
23575 0
23576 0
23577 0
23578 8
23579 22
23580 0
23581 0
23582 0
23583 0
23584 4
23585 2
23586 0
23587 0
23588 0
23589 8
23590 20
23591 14
23592 0
23593 0
23594 48
23595 32
23596 0
23597 506
23598 0
23599 64
23600 0
23601 0
23602 0
23603 6
23604 4
23605 0
23606 56
23607 0
23608 0
23609 10
23610 0
23611 0
23612 8
23613 0
23614 4
23615 126
23616 0
23617 0
23618 0
23619 16
23620 0
23621 154
23622 0
23623 0
23624 28
23625 0
23626 0
23627 86
23628 0
23629 24
23630 0
23631 0
23632 0
23633 2
23634 4
23635 0
23636 0
23637 0
23638 0
23639 46
23640 0
23641 0
23642 0
23643 576
23644 4
23645 2
23646 8
23647 0
23648 0
23649 8
23650 0
23651 6
23652 20
23653 0
23654 4
23655 0
23656 0
23657 2
23658 0
23659 304
23660 20
23661 0
23662 0
23663 158
23664 4
23665 0
23666 0
23667 0
23668 0
23669 10
23670 0
23671 0
23672 0
23673 0
23674 4
23675 6
23676 0
23677 0
23678 0
23679 512
23680 8
23681 2
23682 0
23683 80
23684 4
23685 0
23686 0
23687 206
23688 0
23689 8
23690 0
23691 0
23692 0
23693 42
23694 4
23695 0
23696 0
23697 16
23698 0
23699 22
23700 0
23701 0
23702 0
23703 0
23704 4
23705 2
23706 0
23707 0
23708 0
23709 8
23710 0
23711 62
23712 0
23713 0
23714 160
23715 0
23716 0
23717 2
23718 0
23719 32
23720 0
23721 0
23722 0
23723 6
23724 28
23725 0
23726 20
23727 0
23728 0
23729 10
23730 0
23731 32
23732 0
23733 0
23734 4
23735 462
23736 0
23737 0
23738 0
23739 16
23740 0
23741 2
23742 0
23743 0
23744 4
23745 40
23746 0
23747 6
23748 64
23749 8
23750 96
23751 0
23752 0
23753 2
23754 4
23755 0
23756 0
23757 0
23758 0
23759 414
23760 0
23761 0
23762 0
23763 0
23764 4
23765 18
23766 0
23767 0
23768 36
23769 8
23770 0
23771 6
23772 0
23773 0
23774 4
23775 0
23776 20
23777 2
23778 0
23779 96
23780 0
23781 0
23782 8
23783 14
23784 4
23785 0
23786 0
23787 0
23788 0
23789 58
23790 0
23791 0
23792 20
23793 0
23794 4
23795 6
23796 0
23797 0
23798 0
23799 96
23800 0
23801 2
23802 0
23803 0
23804 4
23805 0
23806 0
23807 5630
23808 0
23809 8
23810 0
23811 0
23812 0
23813 50
23814 4
23815 0
23816 8
23817 0
23818 0
23819 22
23820 0
23821 0
23822 0
23823 0
23824 4
23825 42
23826 0
23827 0
23828 0
23829 8
23830 0
23831 1454
23832 0
23833 16
23834 4
23835 0
23836 0
23837 2
23838 20
23839 128
23840 0
23841 0
23842 0
23843 6
23844 4
23845 0
23846 0
23847 0
23848 0
23849 10
23850 8
23851 0
23852 0
23853 0
23854 28
23855 30
23856 0
23857 0
23858 20
23859 16
23860 0
23861 2
23862 0
23863 0
23864 60
23865 0
23866 0
23867 38
23868 0
23869 88
23870 0
23871 0
23872 0
23873 2
23874 4
23875 224
23876 24
23877 0
23878 0
23879 46
23880 0
23881 0
23882 0
23883 0
23884 12
23885 2
23886 0
23887 0
23888 0
23889 8
23890 0
23891 86
23892 0
23893 0
23894 4
23895 0
23896 0
23897 2
23898 0
23899 16
23900 164
23901 16
23902 0
23903 62
23904 136
23905 0
23906 0
23907 0
23908 0
23909 10
23910 0
23911 0
23912 0
23913 0
23914 4
23915 6
23916 0
23917 0
23918 8
23919 448
23920 0
23921 2
23922 0
23923 0
23924 24
23925 0
23926 0
23927 14
23928 0
23929 8
23930 0
23931 80
23932 0
23933 2
23934 4
23935 1024
23936 0
23937 0
23938 0
23939 262
23940 0
23941 0
23942 0
23943 0
23944 4
23945 2
23946 0
23947 0
23948 0
23949 8
23950 0
23951 30
23952 8
23953 0
23954 4
23955 0
23956 0
23957 42
23958 0
23959 32
23960 0
23961 0
23962 20
23963 6
23964 4
23965 0
23966 0
23967 0
23968 0
23969 282
23970 0
23971 0
23972 0
23973 0
23974 4
23975 14
23976 0
23977 0
23978 0
23979 16
23980 0
23981 2
23982 0
23983 0
23984 144
23985 0
23986 8
23987 6
23988 0
23989 8
23990 20
23991 0
23992 0
23993 154
23994 4
23995 0
23996 0
23997 0
23998 0
23999 382
24000 0
24001 0
24002 80
24003 32
24004 4
24005 2
24006 0
24007 0
24008 0
24009 8
24010 0
24011 6
24012 0
24013 0
24014 4
24015 0
24016 252
24017 2
24018 0
24019 16
24020 8
24021 0
24022 0
24023 174
24024 24
24025 0
24026 0
24027 0
24028 0
24029 10
24030 0
24031 0
24032 0
24033 0
24034 4
24035 6
24036 0
24037 16
24038 0
24039 32
24040 0
24041 2
24042 0
24043 0
24044 4
24045 0
24046 0
24047 30
24048 0
24049 56
24050 0
24051 0
24052 0
24053 2
24054 12
24055 160
24056 20
24057 0
24058 0
24059 22
24060 0
24061 0
24062 0
24063 0
24064 4
24065 50
24066 0
24067 0
24068 0
24069 8
24070 0
24071 78
24072 0
24073 0
24074 4
24075 0
24076 0
24077 2
24078 0
24079 64
24080 0
24081 0
24082 0
24083 6
24084 4
24085 0
24086 20
24087 0
24088 8
24089 50
24090 0
24091 0
24092 0
24093 0
24094 4
24095 62
24096 0
24097 0
24098 0
24099 16
24100 0
24101 2
24102 0
24103 0
24104 4
24105 16
24106 0
24107 6
24108 0
24109 8
24110 252
24111 0
24112 0
24113 2
24114 76
24115 0
24116 0
24117 40
24118 0
24119 46
24120 0
24121 0
24122 84
24123 0
24124 4
24125 2
24126 0
24127 0
24128 24
24129 120
24130 0
24131 6
24132 0
24133 0
24134 4
24135 0
24136 0
24137 2
24138 0
24139 48
24140 0
24141 0
24142 0
24143 30
24144 4
24145 0
24146 0
24147 0
24148 20
24149 10
24150 0
24151 0
24152 0
24153 0
24154 4
24155 86
24156 8
24157 288
24158 0
24159 128
24160 0
24161 2
24162 0
24163 0
24164 4
24165 0
24166 0
24167 14
24168 0
24169 8
24170 0
24171 0
24172 0
24173 18
24174 4
24175 0
24176 0
24177 0
24178 0
24179 198
24180 0
24181 0
24182 0
24183 0
24184 4
24185 2
24186 0
24187 0
24188 20
24189 48
24190 8
24191 3326
24192 0
24193 0
24194 4
24195 0
24196 0
24197 2
24198 0
24199 32
24200 0
24201 0
24202 0
24203 6
24204 4
24205 0
24206 0
24207 128
24208 0
24209 10
24210 40
24211 0
24212 0
24213 0
24214 4
24215 14
24216 0
24217 0
24218 0
24219 16
24220 0
24221 42
24222 0
24223 0
24224 140
24225 0
24226 0
24227 6
24228 0
24229 8
24230 0
24231 0
24232 0
24233 2
24234 4
24235 0
24236 0
24237 0
24238 0
24239 94
24240 0
24241 56
24242 0
24243 0
24244 28
24245 2
24246 0
24247 0
24248 0
24249 8
24250 0
24251 230
24252 0
24253 0
24254 48
24255 0
24256 56
24257 2
24258 8
24259 16
24260 0
24261 0
24262 0
24263 14
24264 4
24265 0
24266 0
24267 0
24268 0
24269 10
24270 0
24271 0
24272 20
24273 0
24274 4
24275 38
24276 0
24277 0
24278 0
24279 32
24280 0
24281 74
24282 0
24283 0
24284 4
24285 0
24286 0
24287 702
24288 0
24289 8
24290 0
24291 0
24292 8
24293 2
24294 4
24295 0
24296 0
24297 0
24298 0
24299 22
24300 0
24301 0
24302 0
24303 320
24304 4
24305 2
24306 0
24307 0
24308 0
24309 72
24310 0
24311 14
24312 0
24313 0
24314 4
24315 0
24316 0
24317 50
24318 0
24319 1024
24320 20
24321 0
24322 0
24323 6
24324 4
24325 0
24326 8
24327 0
24328 0
24329 10
24330 0
24331 0
24332 0
24333 0
24334 24
24335 30
24336 0
24337 0
24338 0
24339 16
24340 0
24341 2
24342 0
24343 64
24344 4
24345 0
24346 0
24347 6
24348 0
24349 8
24350 0
24351 0
24352 0
24353 42
24354 4
24355 0
24356 0
24357 0
24358 0
24359 46
24360 8
24361 0
24362 0
24363 0
24364 4
24365 42
24366 0
24367 0
24368 0
24369 8
24370 0
24371 6
24372 0
24373 0
24374 28
24375 0
24376 0
24377 18
24378 0
24379 16
24380 80
24381 0
24382 0
24383 3710
24384 4
24385 0
24386 20
24387 0
24388 0
24389 10
24390 0
24391 0
24392 0
24393 0
24394 32
24395 6
24396 20
24397 0
24398 0
24399 64
24400 0
24401 2
24402 0
24403 0
24404 4
24405 0
24406 0
24407 14
24408 0
24409 8
24410 0
24411 32
24412 0
24413 2
24414 148
24415 0
24416 0
24417 0
24418 0
24419 102
24420 0
24421 0
24422 0
24423 0
24424 4
24425 2
24426 0
24427 80
24428 8
24429 8
24430 0
24431 30
24432 0
24433 0
24434 4
24435 0
24436 0
24437 2
24438 0
24439 224
24440 0
24441 0
24442 0
24443 102
24444 4
24445 16
24446 0
24447 0
24448 0
24449 10
24450 0
24451 0
24452 56
24453 0
24454 4
24455 14
24456 0
24457 0
24458 20
24459 16
24460 0
24461 2
24462 8
24463 0
24464 4
24465 0
24466 0
24467 6
24468 0
24469 8
24470 0
24471 0
24472 0
24473 2
24474 4
24475 0
24476 0
24477 0
24478 0
24479 4542
24480 0
24481 0
24482 0
24483 0
24484 4
24485 42
24486 0
24487 0
24488 0
24489 48
24490 0
24491 6
24492 0
24493 0
24494 4
24495 0
24496 8
24497 2
24498 0
24499 16
24500 0
24501 0
24502 0
24503 14
24504 28
24505 0
24506 24
24507 0
24508 0
24509 122
24510 56
24511 0
24512 0
24513 16
24514 4
24515 6
24516 0
24517 0
24518 20
24519 32
24520 20
24521 2
24522 0
24523 0
24524 4
24525 0
24526 0
24527 4062
24528 0
24529 8
24530 8
24531 0
24532 0
24533 2
24534 4
24535 0
24536 0
24537 0
24538 0
24539 22
24540 0
24541 0
24542 0
24543 0
24544 4
24545 2
24546 0
24547 32
24548 0
24549 8
24550 0
24551 3854
24552 0
24553 0
24554 4
24555 0
24556 0
24557 2
24558 0
24559 64
24560 0
24561 0
24562 0
24563 4230
24564 12
24565 0
24566 0
24567 0
24568 0
24569 4138
24570 0
24571 0
24572 4004
24573 0
24574 4
24575 16382
24576 0
24577 0
24578 4004
24579 16
24580 0
24581 4146
24582 20
24583 0
24584 24
24585 0
24586 0
24587 4230
24588 0
24589 8
24590 0
24591 0
24592 0
24593 2
24594 4
24595 0
24596 0
24597 0
24598 8
24599 3886
24600 0
24601 0
24602 0
24603 0
24604 4
24605 2
24606 0
24607 0
24608 0
24609 8
24610 0
24611 6
24612 0
24613 40
24614 4
24615 64
24616 0
24617 42
24618 0
24619 16
24620 0
24621 0
24622 0
24623 4062
24624 4
24625 0
24626 0
24627 0
24628 0
24629 10
24630 0
24631 0
24632 32
24633 0
24634 28
24635 6
24636 0
24637 112
24638 56
24639 256
24640 0
24641 2
24642 0
24643 0
24644 24
24645 0
24646 0
24647 14
24648 0
24649 24
24650 20
24651 0
24652 0
24653 2
24654 4
24655 0
24656 0
24657 0
24658 0
24659 22
24660 0
24661 0
24662 0
24663 0
24664 4
24665 2
24666 8
24667 0
24668 0
24669 8
24670 0
24671 4670
24672 0
24673 0
24674 4
24675 80
24676 0
24677 2
24678 0
24679 32
24680 0
24681 0
24682 0
24683 118
24684 4
24685 0
24686 0
24687 0
24688 0
24689 10
24690 0
24691 0
24692 0
24693 0
24694 4
24695 206
24696 0
24697 0
24698 0
24699 112
24700 8
24701 2
24702 0
24703 0
24704 4
24705 0
24706 20
24707 6
24708 0
24709 8
24710 0
24711 0
24712 0
24713 2
24714 4
24715 0
24716 20
24717 16
24718 0
24719 94
24720 0
24721 0
24722 0
24723 0
24724 4
24725 2
24726 0
24727 0
24728 0
24729 8
24730 0
24731 6
24732 0
24733 0
24734 140
24735 0
24736 0
24737 42
24738 0
24739 16
24740 0
24741 0
24742 0
24743 14
24744 4
24745 0
24746 0
24747 0
24748 0
24749 50
24750 0
24751 128
24752 0
24753 0
24754 4
24755 6
24756 0
24757 0
24758 24
24759 32
24760 0
24761 2
24762 0
24763 0
24764 84
24765 0
24766 0
24767 3710
24768 28
24769 8
24770 0
24771 0
24772 0
24773 2
24774 4
24775 0
24776 0
24777 0
24778 0
24779 22
24780 0
24781 0
24782 20
24783 0
24784 4
24785 18
24786 0
24787 0
24788 0
24789 8
24790 0
24791 14
24792 0
24793 0
24794 40
24795 0
24796 0
24797 2
24798 0
24799 768
24800 0
24801 0
24802 8
24803 6
24804 24
24805 0
24806 0
24807 0
24808 0
24809 10
24810 0
24811 0
24812 0
24813 0
24814 4
24815 350
24816 0
24817 0
24818 0
24819 48
24820 0
24821 50
24822 0
24823 0
24824 4
24825 0
24826 0
24827 6
24828 0
24829 56
24830 20
24831 0
24832 0
24833 2
24834 4
24835 0
24836 8
24837 0
24838 0
24839 46
24840 0
24841 0
24842 0
24843 0
24844 4
24845 2
24846 0
24847 0
24848 20
24849 8
24850 0
24851 6
24852 0
24853 16
24854 4
24855 0
24856 0
24857 2
24858 0
24859 16
24860 0
24861 40
24862 0
24863 62
24864 4
24865 0
24866 0
24867 0
24868 0
24869 10
24870 8
24871 0
24872 0
24873 0
24874 4
24875 6
24876 0
24877 0
24878 0
24879 64
24880 0
24881 42
24882 0
24883 0
24884 28
24885 0
24886 0
24887 78
24888 0
24889 8
24890 0
24891 224
24892 40
24893 2
24894 28
24895 0
24896 56
24897 0
24898 0
24899 22
24900 0
24901 0
24902 0
24903 0
24904 12
24905 2
24906 0
24907 0
24908 0
24909 8
24910 0
24911 30
24912 0
24913 0
24914 24
24915 0
24916 0
24917 2
24918 0
24919 32
24920 0
24921 16
24922 0
24923 86
24924 4
24925 0
24926 0
24927 0
24928 144
24929 10
24930 0
24931 0
24932 0
24933 0
24934 4
24935 14
24936 0
24937 0
24938 8
24939 16
24940 0
24941 2
24942 0
24943 0
24944 4
24945 0
24946 0
24947 182
24948 0
24949 8
24950 0
24951 0
24952 0
24953 2
24954 24
24955 32
24956 0
24957 0
24958 0
24959 3838
24960 0
24961 0
24962 0
24963 0
24964 4
24965 578
24966 0
24967 0
24968 0
24969 8
24970 0
24971 6
24972 8
24973 0
24974 4
24975 0
24976 0
24977 2
24978 0
24979 16
24980 20
24981 0
24982 0
24983 14
24984 4
24985 40
24986 0
24987 0
24988 0
24989 282
24990 0
24991 0
24992 0
24993 0
24994 4
24995 6
24996 0
24997 0
24998 0
24999 32
25000 0
25001 2
25002 0
25003 0
25004 4
25005 0
25006 8
25007 30
25008 0
25009 48
25010 24
25011 0
25012 0
25013 42
25014 4
25015 0
25016 20
25017 0
25018 56
25019 22
25020 0
25021 0
25022 0
25023 512
25024 76
25025 114
25026 0
25027 0
25028 0
25029 8
25030 0
25031 14
25032 0
25033 0
25034 4
25035 0
25036 0
25037 2
25038 252
25039 64
25040 8
25041 0
25042 0
25043 6
25044 4
25045 0
25046 20
25047 160
25048 0
25049 10
25050 0
25051 0
25052 0
25053 0
25054 4
25055 62
25056 0
25057 16
25058 0
25059 16
25060 0
25061 2
25062 0
25063 0
25064 4
25065 0
25066 0
25067 6
25068 0
25069 8
25070 0
25071 0
25072 0
25073 50
25074 12
25075 0
25076 0
25077 0
25078 20
25079 206
25080 0
25081 0
25082 0
25083 0
25084 4
25085 2
25086 0
25087 0
25088 0
25089 56
25090 0
25091 38
25092 0
25093 0
25094 4
25095 0
25096 0
25097 2
25098 0
25099 16
25100 0
25101 0
25102 0
25103 30
25104 4
25105 0
25106 0
25107 0
25108 8
25109 50
25110 0
25111 0
25112 20
25113 0
25114 4
25115 6
25116 0
25117 0
25118 0
25119 128
25120 0
25121 2
25122 0
25123 0
25124 4
25125 16
25126 0
25127 14
25128 0
25129 8
25130 0
25131 0
25132 0
25133 2
25134 4
25135 0
25136 276
25137 0
25138 0
25139 22
25140 20
25141 0
25142 8
25143 0
25144 4
25145 154
25146 0
25147 0
25148 0
25149 8
25150 0
25151 126
25152 0
25153 0
25154 180
25155 0
25156 0
25157 2
25158 0
25159 96
25160 0
25161 0
25162 0
25163 6
25164 4
25165 0
25166 0
25167 0
25168 0
25169 10
25170 0
25171 80
25172 0
25173 0
25174 4
25175 14
25176 8
25177 0
25178 20
25179 16
25180 0
25181 2
25182 0
25183 0
25184 4
25185 288
25186 0
25187 6
25188 0
25189 8
25190 0
25191 0
25192 0
25193 18
25194 4
25195 0
25196 0
25197 0
25198 0
25199 478
25200 0
25201 0
25202 20
25203 0
25204 4
25205 2
25206 0
25207 0
25208 0
25209 8
25210 8
25211 86
25212 0
25213 0
25214 24
25215 0
25216 0
25217 2
25218 0
25219 112
25220 0
25221 0
25222 0
25223 14
25224 4
25225 0
25226 0
25227 32
25228 0
25229 10
25230 0
25231 0
25232 0
25233 80
25234 4
25235 6
25236 0
25237 0
25238 0
25239 32
25240 0
25241 2
25242 0
25243 0
25244 160
25245 0
25246 0
25247 62
25248 0
25249 8
25250 0
25251 0
25252 0
25253 2
25254 4
25255 0
25256 0
25257 0
25258 0
25259 22
25260 0
25261 16
25262 24
25263 0
25264 24
25265 2
25266 0
25267 0
25268 0
25269 8
25270 132
25271 14
25272 56
25273 0
25274 4
25275 0
25276 0
25277 42
25278 8
25279 256
25280 0
25281 0
25282 0
25283 230
25284 28
25285 0
25286 0
25287 0
25288 0
25289 10
25290 0
25291 0
25292 0
25293 0
25294 4
25295 478
25296 0
25297 0
25298 0
25299 16
25300 0
25301 2
25302 0
25303 0
25304 52
25305 0
25306 0
25307 150
25308 0
25309 8
25310 20
25311 0
25312 8
25313 2
25314 4
25315 0
25316 0
25317 0
25318 0
25319 46
25320 0
25321 0
25322 0
25323 0
25324 4
25325 50
25326 20
25327 0
25328 0
25329 24
25330 0
25331 6
25332 0
25333 0
25334 4
25335 0
25336 0
25337 2
25338 0
25339 16
25340 0
25341 0
25342 0
25343 5630
25344 4
25345 0
25346 8
25347 0
25348 0
25349 58
25350 0
25351 0
25352 0
25353 0
25354 4
25355 6
25356 0
25357 40
25358 0
25359 64
25360 0
25361 2
25362 0
25363 32
25364 4
25365 0
25366 0
25367 14
25368 0
25369 8
25370 0
25371 0
25372 0
25373 2
25374 4
25375 0
25376 20
25377 0
25378 0
25379 22
25380 8
25381 0
25382 0
25383 0
25384 4
25385 2
25386 0
25387 0
25388 116
25389 8
25390 0
25391 30
25392 0
25393 0
25394 4
25395 0
25396 0
25397 18
25398 0
25399 480
25400 0
25401 0
25402 0
25403 6
25404 4
25405 0
25406 0
25407 0
25408 0
25409 50
25410 0
25411 0
25412 56
25413 0
25414 36
25415 14
25416 0
25417 0
25418 0
25419 176
25420 0
25421 2
25422 0
25423 0
25424 4
25425 0
25426 0
25427 6
25428 0
25429 8
25430 0
25431 64
25432 0
25433 2
25434 4
25435 0
25436 0
25437 0
25438 0
25439 190
25440 0
25441 0
25442 164
25443 0
25444 4
25445 2
25446 0
25447 0
25448 8
25449 8
25450 20
25451 102
25452 0
25453 0
25454 4
25455 0
25456 0
25457 2
25458 0
25459 16
25460 0
25461 0
25462 0
25463 14
25464 4
25465 16
25466 0
25467 0
25468 0
25469 10
25470 0
25471 0
25472 0
25473 0
25474 4
25475 86
25476 0
25477 0
25478 36
25479 608
25480 0
25481 42
25482 8
25483 0
25484 4
25485 0
25486 120
25487 30
25488 0
25489 8
25490 0
25491 0
25492 0
25493 2
25494 4
25495 0
25496 0
25497 0
25498 0
25499 566
25500 0
25501 0
25502 0
25503 0
25504 4
25505 2
25506 0
25507 0
25508 20
25509 8
25510 0
25511 14
25512 20
25513 0
25514 28
25515 0
25516 8
25517 2
25518 0
25519 64
25520 0
25521 0
25522 0
25523 6
25524 4
25525 0
25526 56
25527 0
25528 0
25529 10
25530 0
25531 0
25532 0
25533 16
25534 4
25535 126
25536 0
25537 0
25538 0
25539 16
25540 0
25541 154
25542 0
25543 160
25544 28
25545 0
25546 0
25547 6
25548 0
25549 512
25550 8
25551 0
25552 0
25553 2
25554 4
25555 0
25556 0
25557 0
25558 0
25559 46
25560 0
25561 0
25562 0
25563 0
25564 4
25565 2
25566 0
25567 256
25568 0
25569 8
25570 0
25571 6
25572 0
25573 0
25574 684
25575 0
25576 0
25577 50
25578 0
25579 16
25580 0
25581 0
25582 0
25583 30
25584 12
25585 0
25586 0
25587 0
25588 0
25589 10
25590 0
25591 0
25592 0
25593 0
25594 4
25595 6
25596 0
25597 0
25598 0
25599 4096
25600 0
25601 18
25602 0
25603 0
25604 4
25605 40
25606 0
25607 174
25608 0
25609 56
25610 0
25611 0
25612 0
25613 2
25614 4
25615 0
25616 0
25617 0
25618 8
25619 22
25620 0
25621 0
25622 0
25623 0
25624 484
25625 2
25626 0
25627 0
25628 0
25629 8
25630 0
25631 62
25632 0
25633 0
25634 4
25635 32
25636 20
25637 2
25638 0
25639 32
25640 44
25641 0
25642 0
25643 6
25644 4
25645 0
25646 0
25647 0
25648 0
25649 514
25650 0
25651 0
25652 8
25653 112
25654 4
25655 14
25656 0
25657 0
25658 0
25659 16
25660 0
25661 2
25662 0
25663 0
25664 4
25665 0
25666 0
25667 86
25668 0
25669 24
25670 56
25671 0
25672 0
25673 42
25674 28
25675 0
25676 0
25677 0
25678 0
25679 94
25680 0
25681 0
25682 0
25683 0
25684 4
25685 2
25686 8
25687 0
25688 0
25689 8
25690 0
25691 6
25692 0
25693 0
25694 4
25695 0
25696 0
25697 2
25698 20
25699 592
25700 0
25701 0
25702 0
25703 270
25704 4
25705 0
25706 20
25707 0
25708 0
25709 10
25710 0
25711 0
25712 0
25713 0
25714 4
25715 6
25716 0
25717 0
25718 0
25719 32
25720 8
25721 2
25722 0
25723 0
25724 4
25725 0
25726 0
25727 254
25728 0
25729 48
25730 0
25731 0
25732 0
25733 2
25734 4
25735 0
25736 0
25737 16
25738 0
25739 582
25740 0
25741 0
25742 0
25743 0
25744 4
25745 2
25746 0
25747 0
25748 0
25749 8
25750 0
25751 14
25752 0
25753 0
25754 140
25755 0
25756 0
25757 2
25758 0
25759 128
25760 20
25761 0
25762 0
25763 6
25764 4
25765 0
25766 24
25767 0
25768 0
25769 10
25770 0
25771 32
25772 20
25773 0
25774 4
25775 30
25776 0
25777 0
25778 0
25779 16
25780 56
25781 2
25782 0
25783 0
25784 4
25785 0
25786 0
25787 6
25788 8
25789 8
25790 0
25791 1280
25792 0
25793 2
25794 4
25795 0
25796 0
25797 0
25798 0
25799 494
25800 0
25801 0
25802 0
25803 0
25804 28
25805 58
25806 0
25807 0
25808 0
25809 8
25810 0
25811 6
25812 0
25813 0
25814 4
25815 0
25816 0
25817 2
25818 0
25819 16
25820 36
25821 0
25822 28
25823 62
25824 4
25825 0
25826 0
25827 0
25828 0
25829 98
25830 0
25831 0
25832 0
25833 0
25834 4
25835 6
25836 0
25837 0
25838 20
25839 192
25840 0
25841 2
25842 0
25843 0
25844 4
25845 0
25846 0
25847 14
25848 0
25849 8
25850 0
25851 0
25852 0
25853 42
25854 4
25855 0
25856 8
25857 0
25858 0
25859 22
25860 0
25861 0
25862 0
25863 0
25864 4
25865 2
25866 0
25867 0
25868 0
25869 56
25870 0
25871 350
25872 0
25873 16
25874 4
25875 0
25876 0
25877 2
25878 0
25879 32
25880 0
25881 0
25882 0
25883 6
25884 24
25885 0
25886 0
25887 0
25888 0
25889 10
25890 8
25891 0
25892 24
25893 0
25894 4
25895 14
25896 0
25897 0
25898 0
25899 16
25900 0
25901 2
25902 0
25903 0
25904 24
25905 0
25906 0
25907 262
25908 0
25909 8
25910 0
25911 0
25912 0
25913 2
25914 4
25915 160
25916 0
25917 0
25918 0
25919 382
25920 0
25921 0
25922 0
25923 0
25924 12
25925 2
25926 0
25927 0
25928 56
25929 8
25930 0
25931 6
25932 0
25933 0
25934 220
25935 0
25936 0
25937 42
25938 0
25939 16
25940 0
25941 16
25942 0
25943 14
25944 4
25945 0
25946 20
25947 0
25948 0
25949 10
25950 0
25951 0
25952 0
25953 264
25954 4
25955 102
25956 144
25957 0
25958 8
25959 32
25960 0
25961 2
25962 0
25963 0
25964 4
25965 0
25966 0
25967 30
25968 0
25969 8
25970 20
25971 0
25972 0
25973 2
25974 4
25975 64
25976 0
25977 40
25978 0
25979 22
25980 0
25981 0
25982 0
25983 0
25984 4
25985 2
25986 0
25987 0
25988 0
25989 8
25990 0
25991 302
25992 8
25993 0
25994 4
25995 0
25996 0
25997 2
25998 0
25999 448
26000 0
26001 0
26002 0
26003 86
26004 4
26005 0
26006 0
26007 0
26008 20
26009 282
26010 0
26011 0
26012 0
26013 0
26014 4
26015 62
26016 0
26017 0
26018 24
26019 16
26020 0
26021 2
26022 0
26023 0
26024 4
26025 0
26026 8
26027 6
26028 0
26029 8
26030 0
26031 0
26032 0
26033 2
26034 80
26035 0
26036 20
26037 0
26038 0
26039 206
26040 0
26041 0
26042 0
26043 32
26044 4
26045 2
26046 0
26047 0
26048 0
26049 8
26050 0
26051 6
26052 0
26053 0
26054 4
26055 0
26056 0
26057 114
26058 0
26059 16
26060 260
26061 0
26062 0
26063 30
26064 28
26065 0
26066 0
26067 0
26068 0
26069 50
26070 20
26071 0
26072 0
26073 0
26074 4
26075 6
26076 0
26077 16
26078 0
26079 128
26080 0
26081 50
26082 0
26083 0
26084 4
26085 0
26086 0
26087 14
26088 0
26089 8
26090 0
26091 0
26092 0
26093 2
26094 12
26095 0
26096 0
26097 0
26098 0
26099 22
26100 0
26101 40
26102 20
26103 0
26104 4
26105 2
26106 0
26107 0
26108 0
26109 8
26110 0
26111 5118
26112 0
26113 0
26114 4
26115 0
26116 0
26117 2
26118 0
26119 32
26120 0
26121 0
26122 0
26123 6
26124 4
26125 0
26126 0
26127 0
26128 8
26129 58
26130 0
26131 0
26132 20
26133 0
26134 4
26135 174
26136 0
26137 0
26138 0
26139 16
26140 0
26141 2
26142 0
26143 0
26144 28
26145 16
26146 0
26147 6
26148 0
26149 8
26150 0
26151 0
26152 0
26153 2
26154 4
26155 0
26156 0
26157 0
26158 0
26159 94
26160 0
26161 112
26162 260
26163 80
26164 4
26165 2
26166 0
26167 0
26168 20
26169 8
26170 0
26171 6
26172 0
26173 0
26174 4
26175 0
26176 0
26177 2
26178 0
26179 48
26180 0
26181 0
26182 0
26183 14
26184 4
26185 0
26186 56
26187 0
26188 0
26189 10
26190 0
26191 0
26192 0
26193 0
26194 48
26195 6
26196 8
26197 0
26198 0
26199 32
26200 0
26201 42
26202 0
26203 0
26204 4
26205 0
26206 0
26207 3134
26208 0
26209 8
26210 0
26211 0
26212 0
26213 2610
26214 4
26215 2688
26216 0
26217 0
26218 0
26219 22
26220 0
26221 0
26222 0
26223 0
26224 4
26225 42
26226 0
26227 0
26228 0
26229 8
26230 8
26231 14
26232 0
26233 0
26234 24
26235 0
26236 0
26237 2
26238 0
26239 3072
26240 0
26241 0
26242 0
26243 6
26244 4
26245 0
26246 0
26247 64
26248 0
26249 10
26250 0
26251 0
26252 0
26253 0
26254 4
26255 30
26256 40
26257 0
26258 0
26259 112
26260 0
26261 2
26262 0
26263 0
26264 140
26265 0
26266 0
26267 86
26268 0
26269 8
26270 24
26271 0
26272 0
26273 2
26274 4
26275 0
26276 0
26277 0
26278 0
26279 46
26280 0
26281 16
26282 0
26283 0
26284 4
26285 2
26286 0
26287 320
26288 56
26289 8
26290 0
26291 6
26292 0
26293 0
26294 4
26295 0
26296 0
26297 2
26298 8
26299 16
26300 20
26301 0
26302 0
26303 126
26304 4
26305 0
26306 0
26307 0
26308 0
26309 10
26310 0
26311 0
26312 0
26313 0
26314 4
26315 262
26316 0
26317 0
26318 20
26319 64
26320 0
26321 2
26322 0
26323 0
26324 124
26325 0
26326 0
26327 14
26328 0
26329 8
26330 0
26331 0
26332 8
26333 162
26334 4
26335 0
26336 0
26337 0
26338 0
26339 22
26340 0
26341 0
26342 0
26343 0
26344 4
26345 2
26346 0
26347 0
26348 0
26349 64
26350 0
26351 30
26352 0
26353 0
26354 4
26355 0
26356 0
26357 2
26358 0
26359 32
26360 0
26361 0
26362 0
26363 6
26364 4
26365 0
26366 28
26367 0
26368 0
26369 10
26370 0
26371 0
26372 0
26373 0
26374 4
26375 14
26376 0
26377 0
26378 0
26379 16
26380 20
26381 2
26382 0
26383 128
26384 4
26385 0
26386 0
26387 6
26388 0
26389 152
26390 0
26391 0
26392 0
26393 2
26394 4
26395 0
26396 24
26397 0
26398 0
26399 830
26400 8
26401 0
26402 0
26403 0
26404 4
26405 2
26406 0
26407 0
26408 0
26409 8
26410 0
26411 86
26412 0
26413 0
26414 4
26415 896
26416 0
26417 18
26418 0
26419 16
26420 0
26421 0
26422 0
26423 14
26424 4
26425 0
26426 0
26427 0
26428 0
26429 10
26430 0
26431 0
26432 20
26433 0
26434 12
26435 6
26436 0
26437 0
26438 0
26439 32
26440 0
26441 2
26442 20
26443 0
26444 80
26445 0
26446 0
26447 30
26448 0
26449 8
26450 0
26451 32
26452 0
26453 2
26454 28
26455 0
26456 0
26457 0
26458 0
26459 118
26460 0
26461 0
26462 0
26463 0
26464 4
26465 42
26466 0
26467 0
26468 8
26469 8
26470 144
26471 14
26472 0
26473 40
26474 4
26475 0
26476 0
26477 2
26478 0
26479 64
26480 0
26481 0
26482 0
26483 6
26484 4
26485 16
26486 0
26487 0
26488 0
26489 10
26490 0
26491 0
26492 0
26493 0
26494 4
26495 254
26496 0
26497 0
26498 20
26499 16
26500 0
26501 2
26502 8
26503 0
26504 60
26505 0
26506 0
26507 6
26508 0
26509 8
26510 0
26511 0
26512 0
26513 2
26514 4
26515 0
26516 0
26517 0
26518 0
26519 1326
26520 0
26521 0
26522 24
26523 0
26524 4
26525 2
26526 0
26527 0
26528 0
26529 8
26530 0
26531 86
26532 0
26533 0
26534 4
26535 160
26536 8
26537 2
26538 0
26539 16
26540 0
26541 0
26542 56
26543 30
26544 4
26545 0
26546 0
26547 0
26548 0
26549 10
26550 0
26551 0
26552 0
26553 16
26554 4
26555 6
26556 0
26557 0
26558 0
26559 256
26560 0
26561 2
26562 0
26563 0
26564 24
26565 0
26566 20
26567 14
26568 0
26569 8
26570 8
26571 1008
26572 0
26573 114
26574 4
26575 0
26576 0
26577 0
26578 0
26579 22
26580 0
26581 0
26582 0
26583 0
26584 28
26585 50
26586 0
26587 32
26588 0
26589 8
26590 0
26591 62
26592 0
26593 0
26594 4
26595 0
26596 0
26597 962
26598 0
26599 32
26600 0
26601 0
26602 0
26603 6
26604 12
26605 0
26606 0
26607 0
26608 0
26609 10
26610 1056
26611 0
26612 0
26613 0
26614 4
26615 14
26616 0
26617 0
26618 0
26619 16
26620 0
26621 18
26622 0
26623 0
26624 4
26625 0
26626 0
26627 6
26628 20
26629 8
26630 20
26631 0
26632 0
26633 2
26634 4
26635 0
26636 1056
26637 0
26638 8
26639 94
26640 0
26641 0
26642 0
26643 0
26644 4
26645 2
26646 0
26647 0
26648 24
26649 1016
26650 0
26651 6
26652 0
26653 0
26654 4
26655 256
26656 0
26657 2
26658 0
26659 96
26660 0
26661 0
26662 0
26663 174
26664 4
26665 0
26666 0
26667 0
26668 0
26669 122
26670 0
26671 0
26672 8
26673 0
26674 4
26675 1014
26676 0
26677 0
26678 0
26679 32
26680 0
26681 2
26682 0
26683 0
26684 4
26685 0
26686 0
26687 126
26688 0
26689 24
26690 20
26691 0
26692 0
26693 2
26694 4
26695 0
26696 20
26697 0
26698 0
26699 22
26700 0
26701 0
26702 56
26703 0
26704 4
26705 2
26706 8
26707 0
26708 0
26709 8
26710 0
26711 206
26712 0
26713 0
26714 28
26715 0
26716 0
26717 2
26718 0
26719 128
26720 0
26721 40
26722 0
26723 38
26724 4
26725 0
26726 0
26727 1152
26728 0
26729 50
26730 0
26731 0
26732 0
26733 0
26734 4
26735 30
26736 0
26737 0
26738 0
26739 16
26740 8
26741 2
26742 0
26743 0
26744 4
26745 0
26746 0
26747 6
26748 0
26749 8
26750 0
26751 0
26752 20
26753 2
26754 4
26755 0
26756 0
26757 16
26758 0
26759 46
26760 0
26761 0
26762 20
26763 0
26764 4
26765 2
26766 0
26767 0
26768 0
26769 8
26770 0
26771 6
26772 0
26773 0
26774 164
26775 0
26776 0
26777 2
26778 0
26779 112
26780 0
26781 0
26782 0
26783 702
26784 4
26785 0
26786 0
26787 0
26788 0
26789 10
26790 0
26791 64
26792 0
26793 0
26794 4
26795 86
26796 56
26797 0
26798 0
26799 64
26800 0
26801 2
26802 0
26803 0
26804 4
26805 0
26806 0
26807 14
26808 8
26809 8
26810 180
26811 0
26812 0
26813 2
26814 24
26815 0
26816 0
26817 0
26818 0
26819 22
26820 0
26821 0
26822 0
26823 0
26824 4
26825 18
26826 0
26827 0
26828 20
26829 8
26830 0
26831 926
26832 0
26833 0
26834 4
26835 0
26836 0
26837 50
26838 0
26839 32
26840 0
26841 0
26842 8
26843 6
26844 76
26845 40
26846 36
26847 0
26848 0
26849 10
26850 0
26851 0
26852 0
26853 0
26854 24
26855 14
26856 0
26857 0
26858 0
26859 48
26860 0
26861 42
26862 0
26863 0
26864 4
26865 0
26866 0
26867 6
26868 0
26869 8
26870 0
26871 0
26872 0
26873 2
26874 4
26875 0
26876 28
26877 0
26878 0
26879 1534
26880 0
26881 0
26882 0
26883 0
26884 4
26885 2
26886 0
26887 0
26888 0
26889 8
26890 0
26891 6
26892 0
26893 16
26894 24
26895 0
26896 0
26897 2
26898 0
26899 16
26900 24
26901 0
26902 0
26903 14
26904 4
26905 0
26906 0
26907 80
26908 0
26909 250
26910 8
26911 0
26912 0
26913 0
26914 4
26915 6
26916 0
26917 0
26918 0
26919 32
26920 0
26921 2
26922 0
26923 224
26924 4
26925 0
26926 0
26927 478
26928 0
26929 8
26930 0
26931 0
26932 0
26933 2
26934 4
26935 0
26936 0
26937 0
26938 40
26939 22
26940 0
26941 0
26942 0
26943 0
26944 12
26945 2
26946 0
26947 0
26948 0
26949 8
26950 0
26951 14
26952 0
26953 0
26954 4
26955 0
26956 0
26957 2
26958 0
26959 64
26960 76
26961 16
26962 0
26963 102
26964 4
26965 0
26966 0
26967 0
26968 0
26969 50
26970 0
26971 0
26972 0
26973 0
26974 28
26975 62
26976 0
26977 0
26978 8
26979 16
26980 0
26981 2
26982 0
26983 0
26984 212
26985 0
26986 0
26987 6
26988 0
26989 8
26990 0
26991 0
26992 0
26993 42
26994 4
26995 32
26996 0
26997 0
26998 0
26999 46
27000 20
27001 0
27002 0
27003 0
27004 4
27005 2
27006 0
27007 0
27008 0
27009 8
27010 0
27011 6
27012 8
27013 0
27014 4
27015 0
27016 0
27017 74
27018 0
27019 16
27020 0
27021 0
27022 0
27023 30
27024 4
27025 0
27026 116
27027 0
27028 0
27029 282
27030 0
27031 160
27032 0
27033 0
27034 4
27035 6
27036 0
27037 0
27038 0
27039 896
27040 0
27041 2
27042 0
27043 0
27044 4
27045 0
27046 8
27047 14
27048 0
27049 8
27050 56
27051 0
27052 0
27053 2
27054 4
27055 0
27056 0
27057 0
27058 0
27059 182
27060 0
27061 0
27062 20
27063 64
27064 4
27065 2
27066 0
27067 0
27068 0
27069 8
27070 0
27071 126
27072 0
27073 0
27074 4
27075 0
27076 0
27077 2
27078 0
27079 32
27080 8
27081 0
27082 252
27083 6
27084 4
27085 0
27086 0
27087 0
27088 0
27089 170
27090 0
27091 0
27092 20
27093 40
27094 4
27095 14
27096 0
27097 16
27098 0
27099 16
27100 0
27101 2
27102 0
27103 0
27104 28
27105 0
27106 0
27107 6
27108 0
27109 8
27110 0
27111 0
27112 0
27113 2
27114 12
27115 0
27116 0
27117 0
27118 0
27119 94
27120 0
27121 0
27122 0
27123 0
27124 24
27125 42
27126 0
27127 0
27128 0
27129 8
27130 0
27131 38
27132 0
27133 0
27134 4
27135 0
27136 0
27137 2
27138 0
27139 16
27140 0
27141 0
27142 0
27143 14
27144 4
27145 0
27146 0
27147 0
27148 8
27149 10
27150 0
27151 0
27152 24
27153 0
27154 4
27155 86
27156 0
27157 0
27158 20
27159 32
27160 0
27161 2
27162 0
27163 0
27164 4
27165 16
27166 0
27167 62
27168 0
27169 56
27170 0
27171 0
27172 0
27173 2
27174 4
27175 0
27176 0
27177 112
27178 0
27179 22
27180 0
27181 0
27182 8
27183 0
27184 4
27185 2
27186 20
27187 0
27188 252
27189 8
27190 0
27191 174
27192 0
27193 0
27194 4
27195 0
27196 0
27197 2
27198 0
27199 768
27200 0
27201 0
27202 0
27203 6
27204 4
27205 0
27206 0
27207 0
27208 0
27209 10
27210 0
27211 0
27212 0
27213 0
27214 4
27215 414
27216 8
27217 40
27218 56
27219 16
27220 0
27221 2
27222 0
27223 0
27224 24
27225 0
27226 0
27227 6
27228 0
27229 8
27230 0
27231 0
27232 0
27233 18
27234 28
27235 0
27236 0
27237 0
27238 0
27239 46
27240 0
27241 288
27242 0
27243 0
27244 4
27245 2
27246 0
27247 0
27248 20
27249 8
27250 8
27251 6
27252 0
27253 0
27254 4
27255 0
27256 0
27257 42
27258 0
27259 16
27260 0
27261 0
27262 0
27263 254
27264 24
27265 0
27266 0
27267 32
27268 0
27269 10
27270 0
27271 0
27272 0
27273 0
27274 4
27275 6
27276 0
27277 0
27278 24
27279 704
27280 0
27281 2
27282 0
27283 0
27284 140
27285 0
27286 0
27287 14
27288 0
27289 8
27290 20
27291 0
27292 0
27293 2
27294 4
27295 0
27296 0
27297 0
27298 0
27299 886
27300 0
27301 16
27302 0
27303 0
27304 1012
27305 2
27306 0
27307 0
27308 0
27309 944
27310 20
27311 30
27312 0
27313 0
27314 4
27315 0
27316 0
27317 2
27318 8
27319 1088
27320 0
27321 0
27322 0
27323 86
27324 4
27325 0
27326 0
27327 0
27328 0
27329 10
27330 0
27331 0
27332 0
27333 0
27334 4
27335 78
27336 0
27337 0
27338 0
27339 16
27340 0
27341 90
27342 0
27343 0
27344 4
27345 0
27346 0
27347 230
27348 0
27349 8
27350 0
27351 0
27352 8
27353 2
27354 4
27355 0
27356 20
27357 0
27358 0
27359 1342
27360 0
27361 0
27362 0
27363 0
27364 28
27365 2
27366 0
27367 0
27368 0
27369 24
27370 0
27371 6
27372 20
27373 0
27374 4
27375 0
27376 0
27377 2
27378 0
27379 16
27380 0
27381 0
27382 0
27383 14
27384 4
27385 0
27386 8
27387 0
27388 0
27389 50
27390 0
27391 0
27392 0
27393 0
27394 4
27395 6
27396 0
27397 0
27398 0
27399 32
27400 0
27401 2
27402 0
27403 112
27404 28
27405 0
27406 0
27407 30
27408 0
27409 8
27410 0
27411 0
27412 0
27413 2
27414 4
27415 0
27416 0
27417 0
27418 0
27419 22
27420 8
27421 0
27422 20
27423 0
27424 4
27425 2
27426 0
27427 0
27428 0
27429 56
27430 0
27431 462
27432 0
27433 0
27434 24
27435 0
27436 0
27437 18
27438 0
27439 64
27440 0
27441 0
27442 0
27443 6
27444 4
27445 0
27446 0
27447 0
27448 0
27449 10
27450 0
27451 0
27452 0
27453 0
27454 12
27455 1406
27456 0
27457 0
27458 0
27459 16
27460 0
27461 2
27462 0
27463 0
27464 4
27465 40
27466 0
27467 102
27468 0
27469 48
27470 0
27471 128
27472 0
27473 2
27474 4
27475 0
27476 56
27477 0
27478 0
27479 46
27480 0
27481 0
27482 0
27483 0
27484 4
27485 2
27486 0
27487 0
27488 28
27489 8
27490 0
27491 6
27492 0
27493 0
27494 124
27495 0
27496 20
27497 2
27498 144
27499 16
27500 0
27501 0
27502 0
27503 30
27504 4
27505 16
27506 0
27507 0
27508 0
27509 10
27510 0
27511 0
27512 0
27513 0
27514 4
27515 6
27516 0
27517 0
27518 0
27519 512
27520 0
27521 42
27522 8
27523 0
27524 4
27525 0
27526 0
27527 174
27528 0
27529 8
27530 60
27531 0
27532 0
27533 2
27534 4
27535 0
27536 0
27537 0
27538 0
27539 566
27540 0
27541 0
27542 0
27543 0
27544 4
27545 2
27546 0
27547 0
27548 0
27549 8
27550 0
27551 62
27552 0
27553 0
27554 24
27555 0
27556 8
27557 2
27558 76
27559 224
27560 0
27561 0
27562 0
27563 6
27564 4
27565 0
27566 0
27567 0
27568 0
27569 10
27570 0
27571 0
27572 0
27573 16
27574 4
27575 14
27576 0
27577 0
27578 0
27579 16
27580 0
27581 2
27582 0
27583 0
27584 4
27585 0
27586 0
27587 86
27588 0
27589 48
27590 8
27591 0
27592 0
27593 842
27594 4
27595 0
27596 0
27597 0
27598 0
27599 94
27600 0
27601 0
27602 0
27603 0
27604 4
27605 114
27606 0
27607 64
27608 0
27609 8
27610 0
27611 6
27612 0
27613 0
27614 4
27615 0
27616 0
27617 2
27618 0
27619 16
27620 480
27621 0
27622 0
27623 14
27624 36
27625 0
27626 0
27627 0
27628 0
27629 10
27630 0
27631 0
27632 0
27633 0
27634 4
27635 6
27636 0
27637 0
27638 0
27639 32
27640 0
27641 18
27642 0
27643 0
27644 4
27645 0
27646 0
27647 2046
27648 0
27649 8
27650 0
27651 80
27652 0
27653 42
27654 4
27655 0
27656 24
27657 0
27658 8
27659 22
27660 0
27661 0
27662 0
27663 0
27664 4
27665 2
27666 0
27667 0
27668 0
27669 8
27670 0
27671 14
27672 0
27673 0
27674 484
27675 32
27676 0
27677 2
27678 0
27679 128
27680 0
27681 0
27682 20
27683 6
27684 4
27685 112
27686 20
27687 0
27688 0
27689 58
27690 0
27691 0
27692 8
27693 0
27694 4
27695 30
27696 0
27697 0
27698 0
27699 16
27700 0
27701 506
27702 0
27703 0
27704 4
27705 0
27706 0
27707 6
27708 0
27709 24
27710 0
27711 0
27712 0
27713 42
27714 4
27715 0
27716 0
27717 0
27718 0
27719 398
27720 0
27721 0
27722 0
27723 0
27724 4
27725 2
27726 8
27727 0
27728 0
27729 8
27730 0
27731 6
27732 0
27733 0
27734 60
27735 0
27736 0
27737 2
27738 0
27739 16
27740 0
27741 0
27742 0
27743 318
27744 24
27745 0
27746 0
27747 0
27748 0
27749 10
27750 0
27751 0
27752 20
27753 0
27754 76
27755 582
27756 0
27757 0
27758 0
27759 64
27760 8
27761 2
27762 0
27763 0
27764 4
27765 0
27766 0
27767 14
27768 0
27769 8
27770 0
27771 0
27772 0
27773 2
27774 4
27775 2560
27776 0
27777 16
27778 0
27779 22
27780 0
27781 0
27782 24
27783 0
27784 4
27785 42
27786 0
27787 0
27788 0
27789 8
27790 0
27791 30
27792 0
27793 0
27794 140
27795 0
27796 0
27797 2
27798 0
27799 32
27800 0
27801 0
27802 0
27803 6
27804 4
27805 0
27806 20
27807 0
27808 0
27809 10
27810 0
27811 32
27812 56
27813 0
27814 4
27815 14
27816 0
27817 0
27818 20
27819 112
27820 0
27821 2
27822 0
27823 0
27824 4
27825 0
27826 0
27827 6
27828 8
27829 8
27830 0
27831 0
27832 0
27833 2
27834 4
27835 0
27836 0
27837 40
27838 0
27839 382
27840 0
27841 0
27842 0
27843 0
27844 4
27845 210
27846 0
27847 0
27848 0
27849 8
27850 0
27851 86
27852 0
27853 0
27854 4
27855 0
27856 0
27857 2
27858 0
27859 16
27860 0
27861 0
27862 8
27863 462
27864 4
27865 0
27866 0
27867 0
27868 20
27869 10
27870 0
27871 0
27872 36
27873 0
27874 4
27875 6
27876 0
27877 0
27878 0
27879 256
27880 0
27881 2
27882 0
27883 0
27884 48
27885 0
27886 0
27887 30
27888 0
27889 8
27890 0
27891 0
27892 0
27893 2
27894 4
27895 0
27896 8
27897 0
27898 0
27899 102
27900 0
27901 0
27902 0
27903 0
27904 4
27905 2
27906 0
27907 0
27908 24
27909 8
27910 0
27911 14
27912 0
27913 16
27914 4
27915 0
27916 0
27917 42
27918 0
27919 64
27920 0
27921 0
27922 0
27923 6
27924 4
27925 0
27926 0
27927 0
27928 0
27929 10
27930 28
27931 0
27932 0
27933 0
27934 4
27935 62
27936 0
27937 0
27938 0
27939 240
27940 0
27941 2
27942 0
27943 0
27944 4
27945 0
27946 0
27947 38
27948 0
27949 56
27950 20
27951 0
27952 0
27953 2
27954 4
27955 0
27956 0
27957 0
27958 0
27959 46
27960 0
27961 160
27962 0
27963 0
27964 12
27965 2
27966 0
27967 0
27968 0
27969 8
27970 0
27971 102
27972 0
27973 0
27974 4
27975 0
27976 0
27977 2
27978 0
27979 16
27980 0
27981 16
27982 0
27983 350
27984 4
27985 0
27986 0
27987 0
27988 0
27989 10
27990 0
27991 0
27992 76
27993 0
27994 4
27995 6
27996 0
27997 0
27998 8
27999 128
28000 0
28001 2
28002 132
28003 0
28004 4
28005 0
28006 0
28007 14
28008 0
28009 8
28010 0
28011 0
28012 144
28013 2
28014 28
28015 128
28016 20
28017 0
28018 0
28019 22
28020 0
28021 0
28022 0
28023 160
28024 4
28025 2
28026 0
28027 0
28028 0
28029 8
28030 0
28031 254
28032 8
28033 0
28034 28
28035 0
28036 0
28037 2
28038 0
28039 32
28040 0
28041 0
28042 0
28043 150
28044 4
28045 0
28046 0
28047 0
28048 0
28049 322
28050 0
28051 0
28052 0
28053 0
28054 24
28055 14
28056 0
28057 0
28058 0
28059 16
28060 0
28061 2
28062 0
28063 0
28064 4
28065 0
28066 64
28067 6
28068 0
28069 8
28070 0
28071 0
28072 0
28073 2
28074 4
28075 0
28076 0
28077 0
28078 0
28079 2014
28080 0
28081 0
28082 20
28083 32
28084 24
28085 762
28086 0
28087 0
28088 0
28089 8
28090 0
28091 6
28092 0
28093 0
28094 4
28095 0
28096 0
28097 50
28098 0
28099 16
28100 8
28101 0
28102 0
28103 14
28104 256
28105 0
28106 0
28107 0
28108 0
28109 10
28110 0
28111 0
28112 0
28113 0
28114 4
28115 86
28116 20
28117 16
28118 0
28119 32
28120 0
28121 114
28122 0
28123 0
28124 4
28125 0
28126 0
28127 62
28128 0
28129 8
28130 0
28131 0
28132 0
28133 2
28134 12
28135 0
28136 0
28137 0
28138 0
28139 22
28140 0
28141 0
28142 0
28143 0
28144 28
28145 2
28146 0
28147 80
28148 20
28149 8
28150 0
28151 78
28152 0
28153 0
28154 4
28155 0
28156 0
28157 2
28158 0
28159 2048
28160 24
28161 0
28162 0
28163 6
28164 4
28165 0
28166 0
28167 0
28168 8
28169 10
28170 0
28171 0
28172 0
28173 0
28174 4
28175 30
28176 0
28177 0
28178 20
28179 16
28180 0
28181 42
28182 0
28183 0
28184 4
28185 16
28186 0
28187 6
28188 0
28189 8
28190 0
28191 0
28192 0
28193 114
28194 4
28195 0
28196 48
28197 0
28198 0
28199 46
28200 0
28201 0
28202 8
28203 0
28204 4
28205 2
28206 0
28207 0
28208 0
28209 192
28210 0
28211 6
28212 0
28213 0
28214 276
28215 0
28216 0
28217 2
28218 0
28219 48
28220 0
28221 0
28222 0
28223 1662
28224 4
28225 0
28226 0
28227 0
28228 0
28229 10
28230 0
28231 0
28232 0
28233 0
28234 4
28235 6
28236 8
28237 0
28238 0
28239 64
28240 20
28241 2
28242 0
28243 0
28244 4
28245 0
28246 0
28247 174
28248 0
28249 8
28250 56
28251 0
28252 0
28253 18
28254 4
28255 0
28256 0
28257 0
28258 0
28259 22
28260 0
28261 0
28262 0
28263 0
28264 4
28265 2
28266 0
28267 0
28268 0
28269 296
28270 8
28271 350
28272 0
28273 0
28274 28
28275 0
28276 0
28277 2
28278 0
28279 32
28280 20
28281 0
28282 0
28283 6
28284 4
28285 0
28286 24
28287 1024
28288 0
28289 50
28290 0
28291 0
28292 0
28293 0
28294 4
28295 14
28296 0
28297 0
28298 0
28299 16
28300 0
28301 2
28302 40
28303 0
28304 140
28305 0
28306 0
28307 6
28308 0
28309 8
28310 0
28311 0
28312 0
28313 42
28314 4
28315 0
28316 0
28317 0
28318 0
28319 190
28320 56
28321 16
28322 0
28323 0
28324 4
28325 2
28326 0
28327 0
28328 0
28329 8
28330 0
28331 6
28332 0
28333 40
28334 4
28335 0
28336 0
28337 2
28338 8
28339 832
28340 0
28341 0
28342 0
28343 14
28344 4
28345 0
28346 20
28347 0
28348 0
28349 58
28350 0
28351 0
28352 0
28353 0
28354 4
28355 38
28356 0
28357 0
28358 0
28359 32
28360 0
28361 2
28362 0
28363 0
28364 24
28365 0
28366 0
28367 30
28368 0
28369 8
28370 0
28371 0
28372 8
28373 2
28374 4
28375 0
28376 0
28377 0
28378 0
28379 326
28380 0
28381 0
28382 0
28383 0
28384 4
28385 74
28386 0
28387 0
28388 0
28389 24
28390 0
28391 14
28392 0
28393 0
28394 4
28395 80
28396 0
28397 2
28398 0
28399 64
28400 0
28401 0
28402 0
28403 6
28404 28
28405 0
28406 8
28407 0
28408 0
28409 10
28410 0
28411 0
28412 44
28413 0
28414 4
28415 510
28416 0
28417 0
28418 0
28419 16
28420 0
28421 2
28422 0
28423 64
28424 4
28425 0
28426 20
28427 6
28428 0
28429 8
28430 0
28431 0
28432 0
28433 2
28434 4
28435 0
28436 0
28437 0
28438 0
28439 46
28440 8
28441 0
28442 0
28443 0
28444 4
28445 42
28446 0
28447 1792
28448 0
28449 8
28450 0
28451 6
28452 0
28453 0
28454 4
28455 0
28456 0
28457 58
28458 0
28459 16
28460 0
28461 0
28462 0
28463 30
28464 4
28465 0
28466 0
28467 0
28468 0
28469 58
28470 0
28471 0
28472 0
28473 0
28474 12
28475 102
28476 0
28477 0
28478 20
28479 256
28480 0
28481 2
28482 0
28483 0
28484 4
28485 0
28486 0
28487 14
28488 20
28489 8
28490 0
28491 32
28492 0
28493 2
28494 24
28495 0
28496 0
28497 0
28498 0
28499 22
28500 0
28501 0
28502 0
28503 0
28504 4
28505 2
28506 0
28507 0
28508 64
28509 8
28510 0
28511 702
28512 0
28513 0
28514 4
28515 0
28516 0
28517 2
28518 0
28519 192
28520 0
28521 0
28522 0
28523 6
28524 4
28525 16
28526 144
28527 0
28528 0
28529 10
28530 0
28531 0
28532 0
28533 0
28534 28
28535 14
28536 0
28537 0
28538 24
28539 16
28540 0
28541 2
28542 8
28543 0
28544 24
28545 0
28546 0
28547 6
28548 0
28549 8
28550 20
28551 0
28552 0
28553 2
28554 4
28555 0
28556 36
28557 0
28558 0
28559 2270
28560 0
28561 0
28562 0
28563 0
28564 4
28565 2
28566 0
28567 0
28568 0
28569 8
28570 0
28571 6
28572 0
28573 0
28574 60
28575 0
28576 8
28577 42
28578 0
28579 16
28580 0
28581 40
28582 0
28583 14
28584 4
28585 0
28586 0
28587 0
28588 0
28589 10
28590 0
28591 0
28592 0
28593 16
28594 4
28595 6
28596 0
28597 0
28598 0
28599 224
28600 0
28601 50
28602 0
28603 0
28604 4
28605 0
28606 0
28607 126
28608 0
28609 8
28610 28
28611 0
28612 20
28613 2
28614 4
28615 2016
28616 0
28617 0
28618 0
28619 22
28620 0
28621 0
28622 0
28623 0
28624 4
28625 2
28626 0
28627 32
28628 0
28629 8
28630 0
28631 14
28632 0
28633 0
28634 4
28635 0
28636 0
28637 114
28638 0
28639 128
28640 0
28641 0
28642 0
28643 1926
28644 12
28645 0
28646 0
28647 0
28648 0
28649 10
28650 0
28651 0
28652 0
28653 0
28654 4
28655 30
28656 0
28657 2112
28658 0
28659 16
28660 0
28661 18
28662 0
28663 0
28664 2068
28665 0
28666 0
28667 6
28668 0
28669 8
28670 0
28671 0
28672 0
28673 2
28674 24
28675 0
28676 20
28677 0
28678 2072
28679 46
28680 0
28681 0
28682 0
28683 0
28684 4
28685 2114
28686 0
28687 0
28688 0
28689 8
28690 0
28691 6
28692 0
28693 0
28694 4
28695 64
28696 0
28697 2
28698 0
28699 1936
28700 0
28701 112
28702 0
28703 62
28704 4
28705 40
28706 0
28707 0
28708 0
28709 50
28710 0
28711 0
28712 8
28713 0
28714 4
28715 6
28716 0
28717 0
28718 0
28719 64
28720 0
28721 2
28722 0
28723 0
28724 4
28725 0
28726 0
28727 2222
28728 0
28729 72
28730 0
28731 0
28732 0
28733 2
28734 4
28735 0
28736 20
28737 0
28738 0
28739 22
28740 0
28741 0
28742 20
28743 0
28744 4
28745 2
28746 8
28747 0
28748 0
28749 8
28750 0
28751 30
28752 0
28753 0
28754 4
28755 0
28756 0
28757 2
28758 0
28759 32
28760 0
28761 0
28762 0
28763 38
28764 4
28765 0
28766 56
28767 640
28768 0
28769 10
28770 0
28771 0
28772 0
28773 0
28774 4
28775 174
28776 0
28777 0
28778 0
28779 16
28780 8
28781 2
28782 0
28783 2304
28784 4
28785 0
28786 0
28787 6
28788 0
28789 8
28790 24
28791 0
28792 0
28793 2
28794 28
28795 0
28796 0
28797 16
28798 20
28799 766
28800 0
28801 0
28802 0
28803 0
28804 4
28805 2
28806 0
28807 0
28808 20
28809 8
28810 0
28811 6
28812 0
28813 0
28814 140
28815 0
28816 0
28817 2
28818 0
28819 16
28820 0
28821 0
28822 0
28823 14
28824 4
28825 0
28826 0
28827 0
28828 56
28829 50
28830 0
28831 256
28832 0
28833 0
28834 4
28835 6
28836 0
28837 0
28838 0
28839 32
28840 0
28841 42
28842 0
28843 0
28844 4
28845 0
28846 0
28847 30
28848 8
28849 8
28850 0
28851 0
28852 0
28853 50
28854 4
28855 0
28856 0
28857 0
28858 0
28859 118
28860 20
28861 0
28862 0
28863 0
28864 4
28865 18
28866 0
28867 0
28868 0
28869 8
28870 0
28871 14
28872 0
28873 0
28874 24
28875 0
28876 0
28877 2
28878 0
28879 64
28880 0
28881 0
28882 8
28883 6
28884 4
28885 0
28886 0
28887 0
28888 0
28889 10
28890 0
28891 80
28892 0
28893 0
28894 4
28895 1854
28896 0
28897 0
28898 36
28899 48
28900 0
28901 2
28902 0
28903 0
28904 24
28905 0
28906 0
28907 86
28908 0
28909 8
28910 0
28911 0
28912 0
28913 2
28914 4
28915 0
28916 32
28917 0
28918 0
28919 46
28920 0
28921 0
28922 20
28923 0
28924 28
28925 2
28926 0
28927 0
28928 0
28929 8
28930 0
28931 6
28932 0
28933 16
28934 4
28935 0
28936 0
28937 2
28938 0
28939 16
28940 20
28941 0
28942 0
28943 30
28944 4
28945 0
28946 0
28947 0
28948 0
28949 10
28950 8
28951 0
28952 0
28953 40
28954 4
28955 230
28956 0
28957 0
28958 0
28959 128
28960 0
28961 2
28962 0
28963 0
28964 4
28965 0
28966 0
28967 78
28968 0
28969 8
28970 0
28971 0
28972 0
28973 42
28974 4
28975 0
28976 0
28977 0
28978 0
28979 118
28980 0
28981 0
28982 0
28983 0
28984 52
28985 2
28986 0
28987 0
28988 0
28989 56
28990 0
28991 126
28992 0
28993 0
28994 4
28995 0
28996 0
28997 2
28998 0
28999 32
29000 0
29001 16
29002 0
29003 6
29004 4
29005 0
29006 20
29007 0
29008 0
29009 10
29010 0
29011 0
29012 0
29013 0
29014 4
29015 174
29016 0
29017 0
29018 8
29019 16
29020 0
29021 2
29022 0
29023 0
29024 60
29025 0
29026 0
29027 6
29028 0
29029 8
29030 0
29031 0
29032 0
29033 2
29034 4
29035 32
29036 0
29037 0
29038 0
29039 414
29040 144
29041 0
29042 24
29043 0
29044 4
29045 2
29046 20
29047 0
29048 0
29049 8
29050 0
29051 6
29052 8
29053 0
29054 28
29055 0
29056 0
29057 2
29058 0
29059 16
29060 0
29061 0
29062 0
29063 14
29064 4
29065 0
29066 0
29067 0
29068 0
29069 354
29070 0
29071 0
29072 20
29073 0
29074 4
29075 6
29076 0
29077 40
29078 0
29079 32
29080 0
29081 2
29082 56
29083 0
29084 4
29085 0
29086 8
29087 62
29088 0
29089 8
29090 0
29091 0
29092 0
29093 2
29094 4
29095 0
29096 0
29097 0
29098 0
29099 22
29100 0
29101 0
29102 0
29103 128
29104 4
29105 90
29106 0
29107 0
29108 20
29109 48
29110 0
29111 14
29112 0
29113 0
29114 4
29115 0
29116 0
29117 2
29118 0
29119 4864
29120 8
29121 0
29122 0
29123 6
29124 4
29125 0
29126 1476
29127 960
29128 0
29129 10
29130 0
29131 0
29132 0
29133 0
29134 4
29135 30
29136 0
29137 16
29138 20
29139 96
29140 0
29141 2
29142 0
29143 0
29144 4
29145 0
29146 0
29147 6
29148 0
29149 8
29150 0
29151 0
29152 0
29153 114
29154 12
29155 0
29156 0
29157 0
29158 0
29159 46
29160 0
29161 0
29162 0
29163 0
29164 4
29165 2
29166 0
29167 0
29168 24
29169 8
29170 20
29171 118
29172 0
29173 0
29174 4
29175 0
29176 0
29177 2
29178 0
29179 16
29180 0
29181 0
29182 0
29183 1022
29184 28
29185 0
29186 0
29187 0
29188 8
29189 10
29190 0
29191 0
29192 0
29193 0
29194 4
29195 6
29196 0
29197 0
29198 0
29199 64
29200 0
29201 42
29202 0
29203 0
29204 24
29205 16
29206 0
29207 14
29208 0
29209 120
29210 0
29211 0
29212 0
29213 2
29214 4
29215 0
29216 0
29217 0
29218 0
29219 22
29220 0
29221 0
29222 8
29223 0
29224 4
29225 2
29226 0
29227 0
29228 0
29229 8
29230 0
29231 414
29232 20
29233 0
29234 4
29235 0
29236 0
29237 42
29238 0
29239 96
29240 252
29241 0
29242 0
29243 6
29244 4
29245 0
29246 0
29247 0
29248 0
29249 250
29250 0
29251 0
29252 0
29253 0
29254 4
29255 14
29256 8
29257 0
29258 0
29259 16
29260 0
29261 2
29262 0
29263 320
29264 4
29265 0
29266 0
29267 6
29268 0
29269 8
29270 20
29271 0
29272 0
29273 18
29274 4
29275 0
29276 0
29277 0
29278 0
29279 190
29280 0
29281 0
29282 56
29283 0
29284 4
29285 2
29286 0
29287 0
29288 0
29289 8
29290 8
29291 6
29292 0
29293 0
29294 48
29295 0
29296 0
29297 290
29298 0
29299 16
29300 0
29301 0
29302 0
29303 174
29304 4
29305 0
29306 0
29307 32
29308 0
29309 10
29310 0
29311 0
29312 0
29313 0
29314 48
29315 6
29316 0
29317 0
29318 0
29319 32
29320 0
29321 2
29322 0
29323 0
29324 140
29325 80
29326 0
29327 30
29328 0
29329 8
29330 0
29331 0
29332 0
29333 2
29334 4
29335 0
29336 76
29337 0
29338 0
29339 22
29340 0
29341 16
29342 0
29343 0
29344 4
29345 2
29346 0
29347 0
29348 0
29349 8
29350 0
29351 14
29352 0
29353 0
29354 4
29355 0
29356 20
29357 50
29358 8
29359 64
29360 0
29361 0
29362 0
29363 6
29364 4
29365 0
29366 0
29367 0
29368 132
29369 50
29370 0
29371 0
29372 0
29373 0
29374 4
29375 638
29376 0
29377 0
29378 0
29379 112
29380 0
29381 2
29382 0
29383 0
29384 4
29385 0
29386 0
29387 86
29388 0
29389 8
29390 0
29391 0
29392 8
29393 2
29394 4
29395 0
29396 0
29397 0
29398 0
29399 46
29400 0
29401 0
29402 20
29403 0
29404 4
29405 2
29406 0
29407 0
29408 0
29409 24
29410 0
29411 374
29412 0
29413 0
29414 4
29415 0
29416 0
29417 2
29418 20
29419 16
29420 24
29421 0
29422 0
29423 30
29424 4
29425 0
29426 8
29427 0
29428 0
29429 10
29430 0
29431 0
29432 0
29433 0
29434 4
29435 86
29436 0
29437 0
29438 0
29439 1024
29440 0
29441 2
29442 0
29443 32
29444 28
29445 0
29446 0
29447 14
29448 0
29449 48
29450 0
29451 0
29452 0
29453 2
29454 4
29455 0
29456 0
29457 0
29458 0
29459 22
29460 8
29461 0
29462 0
29463 448
29464 4
29465 2
29466 0
29467 0
29468 20
29469 8
29470 0
29471 62
29472 0
29473 0
29474 4
29475 0
29476 0
29477 18
29478 0
29479 32
29480 20
29481 0
29482 0
29483 390
29484 4
29485 0
29486 0
29487 0
29488 0
29489 10
29490 0
29491 0
29492 336
29493 0
29494 12
29495 14
29496 0
29497 0
29498 0
29499 16
29500 0
29501 42
29502 0
29503 0
29504 4
29505 0
29506 0
29507 6
29508 0
29509 56
29510 0
29511 224
29512 0
29513 2
29514 4
29515 0
29516 0
29517 0
29518 0
29519 414
29520 0
29521 0
29522 0
29523 0
29524 4
29525 2
29526 0
29527 0
29528 8
29529 8
29530 0
29531 6
29532 0
29533 0
29534 24
29535 0
29536 0
29537 2
29538 0
29539 16
29540 56
29541 0
29542 20
29543 14
29544 4
29545 16
29546 24
29547 0
29548 0
29549 10
29550 0
29551 0
29552 0
29553 0
29554 148
29555 6
29556 0
29557 0
29558 0
29559 32
29560 0
29561 2
29562 8
29563 0
29564 4
29565 0
29566 0
29567 2814
29568 0
29569 8
29570 0
29571 0
29572 0
29573 42
29574 76
29575 0
29576 0
29577 0
29578 0
29579 566
29580 0
29581 0
29582 36
29583 0
29584 4
29585 2
29586 0
29587 0
29588 0
29589 8
29590 56
29591 14
29592 0
29593 0
29594 4
29595 0
29596 8
29597 2
29598 0
29599 128
29600 20
29601 0
29602 0
29603 6
29604 24
29605 0
29606 0
29607 0
29608 0
29609 58
29610 0
29611 0
29612 0
29613 16
29614 4
29615 30
29616 0
29617 0
29618 0
29619 16
29620 0
29621 2
29622 0
29623 0
29624 4
29625 0
29626 0
29627 6
29628 0
29629 8
29630 8
29631 0
29632 0
29633 42
29634 4
29635 80
29636 0
29637 504
29638 0
29639 238
29640 0
29641 0
29642 0
29643 0
29644 4
29645 2
29646 0
29647 128
29648 0
29649 8
29650 0
29651 6
29652 0
29653 0
29654 4
29655 0
29656 0
29657 2
29658 0
29659 16
29660 0
29661 0
29662 0
29663 62
29664 12
29665 0
29666 480
29667 0
29668 0
29669 122
29670 0
29671 0
29672 24
29673 0
29674 4
29675 6
29676 0
29677 0
29678 0
29679 64
29680 0
29681 18
29682 0
29683 0
29684 4
29685 0
29686 0
29687 14
29688 0
29689 8
29690 0
29691 0
29692 0
29693 2
29694 4
29695 0
29696 0
29697 40
29698 8
29699 102
29700 0
29701 0
29702 0
29703 0
29704 28
29705 2
29706 0
29707 0
29708 0
29709 8
29710 0
29711 30
29712 0
29713 0
29714 4
29715 32
29716 0
29717 114
29718 0
29719 32
29720 0
29721 0
29722 0
29723 6
29724 484
29725 0
29726 0
29727 0
29728 20
29729 10
29730 0
29731 0
29732 28
29733 0
29734 4
29735 206
29736 0
29737 0
29738 0
29739 16
29740 0
29741 2
29742 0
29743 0
29744 4
29745 0
29746 0
29747 6
29748 0
29749 24
29750 0
29751 0
29752 0
29753 506
29754 4
29755 0
29756 0
29757 0
29758 0
29759 1662
29760 0
29761 0
29762 0
29763 0
29764 4
29765 42
29766 8
29767 0
29768 0
29769 56
29770 0
29771 6
29772 0
29773 0
29774 4
29775 0
29776 0
29777 2
29778 0
29779 16
29780 0
29781 0
29782 0
29783 78
29784 4
29785 0
29786 0
29787 0
29788 0
29789 370
29790 20
29791 0
29792 0
29793 0
29794 4
29795 6
29796 0
29797 0
29798 100
29799 32
29800 8
29801 2
29802 0
29803 0
29804 4
29805 0
29806 0
29807 30
29808 0
29809 8
29810 0
29811 576
29812 0
29813 2
29814 4
29815 0
29816 0
29817 16
29818 0
29819 22
29820 0
29821 40
29822 0
29823 0
29824 4
29825 2
29826 0
29827 0
29828 0
29829 8
29830 0
29831 174
29832 0
29833 0
29834 260
29835 0
29836 0
29837 2
29838 0
29839 64
29840 0
29841 0
29842 0
29843 6
29844 60
29845 0
29846 0
29847 0
29848 0
29849 10
29850 0
29851 32
29852 20
29853 0
29854 4
29855 62
29856 0
29857 0
29858 0
29859 16
29860 0
29861 50
29862 0
29863 0
29864 24
29865 0
29866 0
29867 6
29868 8
29869 8
29870 0
29871 0
29872 0
29873 2
29874 4
29875 0
29876 0
29877 0
29878 0
29879 46
29880 0
29881 0
29882 0
29883 80
29884 4
29885 18
29886 0
29887 0
29888 0
29889 8
29890 0
29891 6
29892 0
29893 0
29894 4
29895 0
29896 0
29897 42
29898 0
29899 112
29900 0
29901 0
29902 8
29903 30
29904 4
29905 0
29906 0
29907 0
29908 0
29909 10
29910 0
29911 0
29912 0
29913 0
29914 24
29915 6
29916 0
29917 0
29918 0
29919 384
29920 0
29921 2
29922 0
29923 0
29924 64
29925 0
29926 0
29927 462
29928 0
29929 48
29930 20
29931 0
29932 0
29933 2
29934 4
29935 0
29936 8
29937 0
29938 0
29939 22
29940 0
29941 0
29942 0
29943 0
29944 4
29945 42
29946 0
29947 0
29948 0
29949 8
29950 0
29951 510
29952 0
29953 16
29954 4
29955 0
29956 0
29957 2
29958 0
29959 32
29960 0
29961 0
29962 0
29963 86
29964 28
29965 0
29966 0
29967 0
29968 0
29969 10
29970 8
29971 224
29972 0
29973 0
29974 4
29975 14
29976 20
29977 0
29978 0
29979 16
29980 0
29981 2
29982 0
29983 0
29984 4
29985 0
29986 0
29987 134
29988 0
29989 8
29990 0
29991 0
29992 0
29993 2
29994 4
29995 0
29996 20
29997 0
29998 0
29999 94
30000 0
30001 0
30002 0
30003 0
30004 12
30005 2
30006 0
30007 320
30008 0
30009 8
30010 0
30011 6
30012 0
30013 0
30014 4
30015 0
30016 0
30017 2
30018 0
30019 16
30020 0
30021 16
30022 0
30023 14
30024 4
30025 0
30026 0
30027 0
30028 0
30029 482
30030 0
30031 0
30032 0
30033 0
30034 4
30035 6
30036 0
30037 0
30038 28
30039 32
30040 468
30041 2
30042 0
30043 0
30044 4
30045 0
30046 0
30047 62
30048 0
30049 8
30050 24
30051 528
30052 0
30053 2
30054 4
30055 64
30056 56
30057 0
30058 0
30059 22
30060 0
30061 0
30062 20
30063 0
30064 4
30065 2
30066 0
30067 0
30068 144
30069 48
30070 0
30071 14
30072 8
30073 0
30074 4
30075 0
30076 0
30077 2
30078 0
30079 512
30080 0
30081 0
30082 0
30083 6
30084 4
30085 0
30086 0
30087 0
30088 0
30089 282
30090 0
30091 0
30092 0
30093 0
30094 28
30095 926
30096 0
30097 0
30098 56
30099 16
30100 20
30101 2
30102 0
30103 0
30104 4
30105 0
30106 8
30107 6
30108 0
30109 8
30110 0
30111 0
30112 0
30113 50
30114 4
30115 0
30116 0
30117 0
30118 0
30119 46
30120 0
30121 0
30122 0
30123 32
30124 4
30125 2
30126 0
30127 0
30128 20
30129 8
30130 0
30131 86
30132 0
30133 0
30134 24
30135 0
30136 0
30137 2
30138 0
30139 16
30140 8
30141 0
30142 0
30143 126
30144 4
30145 0
30146 0
30147 0
30148 252
30149 10
30150 0
30151 0
30152 0
30153 0
30154 4
30155 6
30156 0
30157 16
30158 0
30159 448
30160 0
30161 42
30162 20
30163 0
30164 4
30165 0
30166 0
30167 14
30168 0
30169 8
30170 0
30171 0
30172 0
30173 2
30174 12
30175 0
30176 24
30177 0
30178 0
30179 22
30180 0
30181 0
30182 0
30183 0
30184 4
30185 114
30186 0
30187 0
30188 0
30189 8
30190 0
30191 158
30192 0
30193 40
30194 24
30195 0
30196 0
30197 2
30198 0
30199 32
30200 0
30201 0
30202 0
30203 6
30204 4
30205 0
30206 0
30207 0
30208 8
30209 10
30210 0
30211 0
30212 0
30213 0
30214 4
30215 14
30216 0
30217 0
30218 0
30219 16
30220 0
30221 2
30222 0
30223 0
30224 48
30225 128
30226 0
30227 86
30228 0
30229 8
30230 0
30231 0
30232 0
30233 2
30234 4
30235 0
30236 0
30237 0
30238 0
30239 958
30240 0
30241 0
30242 8
30243 0
30244 4
30245 2
30246 0
30247 0
30248 0
30249 8
30250 0
30251 6
30252 0
30253 0
30254 4
30255 320
30256 0
30257 2
30258 0
30259 48
30260 20
30261 0
30262 0
30263 14
30264 4
30265 0
30266 252
30267 0
30268 0
30269 10
30270 0
30271 0
30272 0
30273 0
30274 4
30275 6
30276 8
30277 0
30278 0
30279 32
30280 0
30281 2
30282 0
30283 0
30284 4
30285 0
30286 20
30287 30
30288 0
30289 56
30290 0
30291 0
30292 0
30293 58
30294 4
30295 0
30296 0
30297 0
30298 0
30299 22
30300 0
30301 0
30302 96
30303 0
30304 4
30305 2
30306 0
30307 0
30308 0
30309 8
30310 8
30311 14
30312 0
30313 0
30314 60
30315 0
30316 0
30317 42
30318 0
30319 64
30320 0
30321 0
30322 0
30323 6
30324 4
30325 288
30326 20
30327 64
30328 0
30329 10
30330 0
30331 0
30332 0
30333 0
30334 4
30335 254
30336 0
30337 0
30338 0
30339 96
30340 0
30341 2
30342 0
30343 0
30344 140
30345 0
30346 0
30347 6
30348 40
30349 8
30350 0
30351 0
30352 56
30353 2
30354 28
30355 0
30356 0
30357 0
30358 0
30359 206
30360 0
30361 16
30362 0
30363 0
30364 4
30365 242
30366 0
30367 0
30368 0
30369 8
30370 0
30371 6
30372 0
30373 0
30374 4
30375 0
30376 0
30377 2
30378 8
30379 96
30380 0
30381 0
30382 0
30383 30
30384 4
30385 0
30386 0
30387 0
30388 0
30389 10
30390 0
30391 0
30392 20
30393 0
30394 4
30395 38
30396 0
30397 0
30398 0
30399 256
30400 0
30401 2
30402 0
30403 0
30404 4
30405 0
30406 0
30407 14
30408 0
30409 8
30410 20
30411 0
30412 8
30413 2
30414 4
30415 0
30416 0
30417 0
30418 0
30419 502
30420 0
30421 0
30422 0
30423 0
30424 4
30425 42
30426 0
30427 0
30428 24
30429 24
30430 0
30431 62
30432 0
30433 0
30434 4
30435 0
30436 0
30437 74
30438 0
30439 32
30440 0
30441 40
30442 0
30443 230
30444 4
30445 0
30446 8
30447 0
30448 0
30449 10
30450 0
30451 0
30452 0
30453 0
30454 4
30455 14
30456 0
30457 0
30458 20
30459 16
30460 0
30461 2
30462 0
30463 2048
30464 4
30465 0
30466 0
30467 6
30468 0
30469 8
30470 0
30471 0
30472 20
30473 2
30474 4
30475 0
30476 0
30477 0
30478 0
30479 990
30480 8
30481 0
30482 0
30483 0
30484 76
30485 2
30486 0
30487 0
30488 0
30489 8
30490 0
30491 182
30492 0
30493 0
30494 4
30495 0
30496 0
30497 18
30498 0
30499 16
30500 0
30501 0
30502 0
30503 174
30504 4
30505 0
30506 0
30507 0
30508 0
30509 10
30510 0
30511 0
30512 0
30513 0
30514 12
30515 6
30516 0
30517 0
30518 0
30519 32
30520 0
30521 2
30522 0
30523 0
30524 24
30525 0
30526 0
30527 126
30528 0
30529 8
30530 0
30531 32
30532 0
30533 2
30534 24
30535 0
30536 0
30537 0
30538 0
30539 22
30540 0
30541 0
30542 0
30543 0
30544 24
30545 2
30546 0
30547 0
30548 8
30549 56
30550 0
30551 14
30552 0
30553 0
30554 28
30555 0
30556 0
30557 42
30558 0
30559 128
30560 0
30561 0
30562 0
30563 6
30564 4
30565 56
30566 0
30567 0
30568 0
30569 10
30570 0
30571 0
30572 56
30573 0
30574 4
30575 30
30576 0
30577 0
30578 0
30579 16
30580 0
30581 2
30582 280
30583 0
30584 4
30585 0
30586 0
30587 6
30588 0
30589 8
30590 20
30591 0
30592 0
30593 2
30594 4
30595 0
30596 20
30597 0
30598 0
30599 1134
30600 0
30601 0
30602 0
30603 0
30604 4
30605 2
30606 56
30607 0
30608 36
30609 8
30610 0
30611 6
30612 0
30613 0
30614 28
30615 0
30616 8
30617 50
30618 0
30619 16
30620 0
30621 0
30622 0
30623 702
30624 4
30625 0
30626 0
30627 80
30628 0
30629 10
30630 0
30631 0
30632 0
30633 16
30634 4
30635 6
30636 0
30637 0
30638 0
30639 64
30640 0
30641 2
30642 0
30643 0
30644 4
30645 0
30646 0
30647 14
30648 0
30649 8
30650 8
30651 0
30652 0
30653 2
30654 4
30655 0
30656 20
30657 0
30658 20
30659 1030
30660 0
30661 0
30662 0
30663 0
30664 4
30665 2
30666 0
30667 32
30668 0
30669 8
30670 0
30671 30
30672 0
30673 0
30674 4
30675 0
30676 0
30677 2
30678 0
30679 224
30680 24
30681 0
30682 0
30683 6
30684 12
30685 0
30686 0
30687 0
30688 0
30689 970
30690 0
30691 0
30692 0
30693 0
30694 4
30695 14
30696 0
30697 0
30698 0
30699 16
30700 0
30701 130
30702 0
30703 0
30704 1060
30705 0
30706 0
30707 6
30708 0
30709 8
30710 0
30711 0
30712 0
30713 2
30714 4
30715 0
30716 0
30717 0
30718 8
30719 12286
30720 20
30721 0
30722 20
30723 0
30724 4
30725 2
30726 0
30727 0
30728 0
30729 8
30730 0
30731 6
30732 0
30733 112
30734 1060
30735 128
30736 0
30737 2
30738 0
30739 16
30740 0
30741 0
30742 0
30743 206
30744 28
30745 0
30746 0
30747 0
30748 0
30749 970
30750 0
30751 640
30752 8
30753 0
30754 4
30755 86
30756 0
30757 0
30758 0
30759 32
30760 0
30761 2
30762 0
30763 0
30764 4
30765 0
30766 0
30767 30
30768 0
30769 24
30770 0
30771 0
30772 0
30773 2
30774 4
30775 0
30776 0
30777 0
30778 0
30779 1030
30780 0
30781 0
30782 20
30783 0
30784 4
30785 2
30786 8
30787 0
30788 20
30789 8
30790 0
30791 14
30792 0
30793 0
30794 4
30795 0
30796 0
30797 2
30798 0
30799 64
30800 0
30801 0
30802 0
30803 38
30804 4
30805 0
30806 24
30807 0
30808 0
30809 58
30810 0
30811 0
30812 0
30813 40
30814 4
30815 62
30816 0
30817 0
30818 0
30819 16
30820 8
30821 42
30822 0
30823 0
30824 4
30825 0
30826 0
30827 6
30828 0
30829 8
30830 56
30831 0
30832 0
30833 2
30834 4
30835 0
30836 0
30837 16
30838 0
30839 1710
30840 0
30841 0
30842 0
30843 0
30844 24
30845 2
30846 0
30847 0
30848 0
30849 8
30850 0
30851 6
30852 0
30853 0
30854 160
30855 0
30856 0
30857 2
30858 0
30859 16
30860 56
30861 0
30862 0
30863 30
30864 4
30865 0
30866 0
30867 0
30868 0
30869 58
30870 0
30871 64
30872 0
30873 0
30874 28
30875 86
30876 0
30877 0
30878 0
30879 128
30880 0
30881 2
30882 0
30883 0
30884 4
30885 0
30886 0
30887 174
30888 8
30889 8
30890 0
30891 0
30892 0
30893 2
30894 4
30895 0
30896 0
30897 0
30898 0
30899 22
30900 0
30901 0
30902 0
30903 0
30904 4
30905 18
30906 20
30907 0
30908 0
30909 8
30910 0
30911 126
30912 0
30913 0
30914 4
30915 0
30916 0
30917 2
30918 0
30919 32
30920 20
30921 0
30922 8
30923 6
30924 4
30925 0
30926 0
30927 0
30928 0
30929 10
30930 0
30931 0
30932 24
30933 0
30934 4
30935 14
30936 0
30937 40
30938 0
30939 336
30940 0
30941 2
30942 0
30943 0
30944 4
30945 0
30946 0
30947 6
30948 0
30949 8
30950 36
30951 0
30952 0
30953 42
30954 24
30955 0
30956 8
30957 0
30958 0
30959 990
30960 0
30961 0
30962 0
30963 0
30964 4
30965 2
30966 0
30967 0
30968 20
30969 8
30970 0
30971 6
30972 0
30973 16
30974 4
30975 0
30976 0
30977 2
30978 0
30979 16
30980 0
30981 0
30982 0
30983 14
30984 4
30985 0
30986 20
30987 224
30988 0
30989 10
30990 8
30991 0
30992 0
30993 0
30994 4
30995 102
30996 0
30997 0
30998 0
30999 192
31000 0
31001 2
31002 0
31003 0
31004 124
31005 0
31006 0
31007 318
31008 0
31009 8
31010 0
31011 0
31012 0
31013 2
31014 4
31015 0
31016 0
31017 0
31018 0
31019 102
31020 0
31021 0
31022 0
31023 0
31024 12
31025 2
31026 0
31027 0
31028 0
31029 8
31030 40
31031 14
31032 0
31033 0
31034 4
31035 0
31036 0
31037 2
31038 0
31039 256
31040 0
31041 16
31042 0
31043 6
31044 4
31045 0
31046 0
31047 0
31048 0
31049 10
31050 0
31051 0
31052 20
31053 0
31054 4
31055 30
31056 0
31057 0
31058 32
31059 16
31060 0
31061 42
31062 0
31063 0
31064 4
31065 0
31066 0
31067 6
31068 0
31069 56
31070 0
31071 0
31072 0
31073 2
31074 4
31075 32
31076 0
31077 0
31078 0
31079 46
31080 0
31081 0
31082 0
31083 0
31084 4
31085 42
31086 0
31087 0
31088 56
31089 8
31090 0
31091 6
31092 28
31093 0
31094 4
31095 0
31096 144
31097 2
31098 0
31099 16
31100 0
31101 0
31102 0
31103 254
31104 4
31105 0
31106 0
31107 0
31108 0
31109 282
31110 0
31111 0
31112 0
31113 0
31114 60
31115 6
31116 0
31117 0
31118 20
31119 64
31120 0
31121 266
31122 0
31123 80
31124 4
31125 0
31126 8
31127 14
31128 0
31129 8
31130 0
31131 0
31132 0
31133 2
31134 28
31135 0
31136 0
31137 0
31138 0
31139 22
31140 0
31141 0
31142 0
31143 64
31144 4
31145 2
31146 0
31147 0
31148 0
31149 8
31150 0
31151 350
31152 0
31153 0
31154 24
31155 0
31156 0
31157 2
31158 0
31159 192
31160 8
31161 0
31162 0
31163 6
31164 4
31165 0
31166 0
31167 0
31168 0
31169 10
31170 252
31171 0
31172 0
31173 0
31174 4
31175 14
31176 0
31177 16
31178 0
31179 16
31180 0
31181 2
31182 0
31183 0
31184 48
31185 40
31186 0
31187 6
31188 0
31189 8
31190 0
31191 0
31192 0
31193 2
31194 12
31195 0
31196 0
31197 0
31198 0
31199 958
31200 0
31201 0
31202 0
31203 0
31204 4
31205 2
31206 0
31207 0
31208 0
31209 8
31210 0
31211 38
31212 0
31213 0
31214 4
31215 0
31216 20
31217 154
31218 0
31219 16
31220 0
31221 0
31222 0
31223 14
31224 4
31225 0
31226 0
31227 0
31228 8
31229 10
31230 0
31231 0
31232 0
31233 0
31234 4
31235 6
31236 0
31237 0
31238 0
31239 32
31240 0
31241 114
31242 0
31243 0
31244 4
31245 16
31246 0
31247 734
31248 0
31249 8
31250 20
31251 0
31252 0
31253 2
31254 4
31255 0
31256 0
31257 0
31258 0
31259 22
31260 0
31261 0
31262 8
31263 0
31264 28
31265 2
31266 0
31267 0
31268 0
31269 8
31270 0
31271 14
31272 0
31273 0
31274 4
31275 0
31276 0
31277 2
31278 20
31279 192
31280 0
31281 0
31282 0
31283 86
31284 4
31285 0
31286 0
31287 0
31288 0
31289 10
31290 0
31291 0
31292 252
31293 0
31294 4
31295 126
31296 8
31297 0
31298 0
31299 16
31300 0
31301 2
31302 0
31303 0
31304 4
31305 0
31306 0
31307 6
31308 0
31309 48
31310 24
31311 0
31312 0
31313 18
31314 4
31315 0
31316 20
31317 0
31318 0
31319 46
31320 0
31321 0
31322 0
31323 0
31324 4
31325 2
31326 0
31327 0
31328 0
31329 56
31330 8
31331 6
31332 0
31333 0
31334 4
31335 0
31336 0
31337 2
31338 0
31339 16
31340 20
31341 0
31342 0
31343 30
31344 4
31345 0
31346 56
31347 32
31348 0
31349 50
31350 0
31351 0
31352 0
31353 288
31354 4
31355 6
31356 0
31357 0
31358 0
31359 512
31360 0
31361 2
31362 0
31363 0
31364 160
31365 0
31366 0
31367 14
31368 56
31369 8
31370 0
31371 160
31372 0
31373 50
31374 4
31375 0
31376 0
31377 0
31378 0
31379 22
31380 0
31381 16
31382 20
31383 0
31384 4
31385 2
31386 0
31387 0
31388 0
31389 8
31390 0
31391 62
31392 0
31393 0
31394 220
31395 0
31396 0
31397 2
31398 8
31399 32
31400 0
31401 0
31402 20
31403 6
31404 4
31405 0
31406 0
31407 0
31408 0
31409 10
31410 0
31411 0
31412 0
31413 0
31414 4
31415 238
31416 0
31417 264
31418 0
31419 16
31420 0
31421 2
31422 0
31423 0
31424 4
31425 0
31426 0
31427 6
31428 0
31429 8
31430 0
31431 0
31432 8
31433 42
31434 4
31435 0
31436 24
31437 0
31438 0
31439 94
31440 0
31441 0
31442 0
31443 0
31444 4
31445 2
31446 0
31447 0
31448 20
31449 24
31450 0
31451 6
31452 0
31453 0
31454 4
31455 0
31456 0
31457 2
31458 0
31459 112
31460 0
31461 0
31462 0
31463 302
31464 24
31465 0
31466 8
31467 0
31468 0
31469 10
31470 0
31471 0
31472 0
31473 0
31474 4
31475 230
31476 0
31477 0
31478 0
31479 32
31480 0
31481 42
31482 0
31483 32
31484 4
31485 0
31486 0
31487 510
31488 0
31489 8
31490 0
31491 0
31492 0
31493 2
31494 4
31495 608
31496 0
31497 0
31498 0
31499 118
31500 8
31501 0
31502 0
31503 0
31504 4
31505 2
31506 0
31507 0
31508 0
31509 8
31510 0
31511 14
31512 0
31513 0
31514 24
31515 0
31516 0
31517 18
31518 0
31519 128
31520 0
31521 0
31522 0
31523 6
31524 28
31525 0
31526 20
31527 0
31528 0
31529 10
31530 0
31531 0
31532 0
31533 0
31534 12
31535 30
31536 0
31537 0
31538 0
31539 16
31540 0
31541 2
31542 0
31543 0
31544 4
31545 0
31546 0
31547 86
31548 0
31549 8
31550 0
31551 512
31552 0
31553 2
31554 4
31555 0
31556 0
31557 40
31558 0
31559 46
31560 0
31561 0
31562 24
31563 0
31564 4
31565 2
31566 0
31567 0
31568 8
31569 48
31570 0
31571 6
31572 0
31573 0
31574 4
31575 0
31576 0
31577 2
31578 0
31579 16
31580 20
31581 0
31582 0
31583 62
31584 4
31585 16
31586 0
31587 0
31588 20
31589 250
31590 0
31591 0
31592 0
31593 0
31594 4
31595 6
31596 0
31597 0
31598 0
31599 64
31600 0
31601 2
31602 8
31603 0
31604 60
31605 0
31606 0
31607 14
31608 0
31609 8
31610 144
31611 0
31612 0
31613 42
31614 4
31615 0
31616 0
31617 0
31618 0
31619 646
31620 0
31621 0
31622 56
31623 0
31624 4
31625 50
31626 0
31627 0
31628 0
31629 8
31630 0
31631 30
31632 0
31633 0
31634 40
31635 0
31636 8
31637 2
31638 0
31639 32
31640 0
31641 0
31642 0
31643 6
31644 4
31645 0
31646 20
31647 0
31648 0
31649 10
31650 20
31651 0
31652 0
31653 16
31654 28
31655 14
31656 0
31657 0
31658 0
31659 16
31660 0
31661 2
31662 0
31663 0
31664 4
31665 0
31666 0
31667 6
31668 0
31669 8
31670 8
31671 0
31672 0
31673 2
31674 4
31675 0
31676 0
31677 0
31678 0
31679 1662
31680 0
31681 544
31682 0
31683 0
31684 4
31685 2
31686 0
31687 64
31688 24
31689 8
31690 0
31691 6
31692 0
31693 0
31694 4
31695 0
31696 0
31697 2
31698 0
31699 16
31700 0
31701 0
31702 0
31703 14
31704 12
31705 0
31706 0
31707 0
31708 0
31709 10
31710 0
31711 0
31712 480
31713 0
31714 4
31715 6
31716 0
31717 0
31718 0
31719 224
31720 0
31721 18
31722 0
31723 0
31724 4
31725 0
31726 0
31727 30
31728 0
31729 8
31730 0
31731 0
31732 0
31733 114
31734 4
31735 0
31736 0
31737 0
31738 8
31739 22
31740 0
31741 0
31742 0
31743 20480
31744 4
31745 42
31746 0
31747 0
31748 0
31749 120
31750 0
31751 206
31752 0
31753 0
31754 4
31755 32
31756 0
31757 2
31758 0
31759 64
31760 0
31761 0
31762 0
31763 6
31764 4
31765 0
31766 0
31767 0
31768 0
31769 10
31770 0
31771 0
31772 8
31773 0
31774 744
31775 62
31776 0
31777 0
31778 20
31779 16
31780 0
31781 2
31782 0
31783 0
31784 28
31785 0
31786 0
31787 6
31788 0
31789 24
31790 0
31791 0
31792 0
31793 2
31794 4
31795 0
31796 0
31797 0
31798 0
31799 46
31800 0
31801 0
31802 0
31803 0
31804 4
31805 546
31806 8
31807 0
31808 0
31809 8
31810 0
31811 86
31812 0
31813 0
31814 28
31815 0
31816 0
31817 2
31818 0
31819 16
31820 0
31821 0
31822 0
31823 158
31824 4
31825 0
31826 0
31827 0
31828 0
31829 10
31830 0
31831 0
31832 0
31833 0
31834 4
31835 6
31836 20
31837 0
31838 0
31839 128
31840 8
31841 2
31842 0
31843 0
31844 24
31845 0
31846 0
31847 14
31848 0
31849 152
31850 0
31851 0
31852 0
31853 2
31854 4
31855 0
31856 0
31857 16
31858 0
31859 22
31860 0
31861 0
31862 56
31863 0
31864 4
31865 2
31866 0
31867 656
31868 0
31869 8
31870 0
31871 254
31872 0
31873 0
31874 140
31875 0
31876 56
31877 90
31878 0
31879 32
31880 0
31881 0
31882 0
31883 6
31884 4
31885 0
31886 0
31887 0
31888 0
31889 10
31890 0
31891 32
31892 0
31893 0
31894 4
31895 14
31896 0
31897 0
31898 20
31899 16
31900 0
31901 2
31902 0
31903 0
31904 4
31905 0
31906 0
31907 6
31908 8
31909 8
31910 20
31911 0
31912 0
31913 2
31914 28
31915 0
31916 0
31917 0
31918 0
31919 94
31920 0
31921 0
31922 0
31923 0
31924 4
31925 18
31926 0
31927 0
31928 0
31929 48
31930 0
31931 6
31932 0
31933 0
31934 4
31935 0
31936 0
31937 2
31938 0
31939 16
31940 96
31941 0
31942 8
31943 174
31944 4
31945 0
31946 0
31947 0
31948 0
31949 10
31950 0
31951 0
31952 0
31953 0
31954 4
31955 6
31956 0
31957 0
31958 0
31959 96
31960 20
31961 2
31962 0
31963 0
31964 4
31965 0
31966 0
31967 62
31968 0
31969 8
31970 0
31971 0
31972 0
31973 2
31974 4
31975 0
31976 64
31977 0
31978 0
31979 198
31980 0
31981 0
31982 0
31983 0
31984 4
31985 2
31986 0
31987 0
31988 0
31989 8
31990 0
31991 622
31992 0
31993 16
31994 4
31995 0
31996 0
31997 2
31998 0
31999 1024
32000 0
32001 0
32002 0
32003 326
32004 4
32005 0
32006 0
32007 0
32008 0
32009 50
32010 8
32011 0
32012 0
32013 0
32014 4
32015 30
32016 0
32017 0
32018 0
32019 16
32020 0
32021 2
32022 20
32023 0
32024 4
32025 0
32026 0
32027 38
32028 0
32029 8
32030 0
32031 0
32032 0
32033 2
32034 4
32035 0
32036 0
32037 0
32038 0
32039 46
32040 0
32041 0
32042 20
32043 0
32044 36
32045 2
32046 0
32047 0
32048 0
32049 8
32050 0
32051 6
32052 0
32053 80
32054 4
32055 0
32056 0
32057 2
32058 0
32059 16
32060 0
32061 16
32062 0
32063 126
32064 4
32065 0
32066 24
32067 0
32068 0
32069 10
32070 0
32071 0
32072 0
32073 0
32074 4
32075 86
32076 0
32077 0
32078 8
32079 64
32080 0
32081 2
32082 0
32083 0
32084 24
32085 0
32086 0
32087 14
32088 0
32089 8
32090 0
32091 0
32092 0
32093 2
32094 4
32095 256
32096 0
32097 0
32098 0
32099 22
32100 132
32101 0
32102 0
32103 0
32104 4
32105 2
32106 0
32107 0
32108 20
32109 56
32110 0
32111 30
32112 8
32113 0
32114 4
32115 80
32116 0
32117 2
32118 0
32119 32
32120 56
32121 0
32122 0
32123 6
32124 148
32125 0
32126 0
32127 0
32128 0
32129 330
32130 56
32131 0
32132 0
32133 0
32134 4
32135 14
32136 0
32137 0
32138 0
32139 16
32140 0
32141 42
32142 0
32143 0
32144 4
32145 0
32146 28
32147 150
32148 0
32149 8
32150 0
32151 0
32152 0
32153 2
32154 4
32155 0
32156 0
32157 0
32158 0
32159 190
32160 0
32161 0
32162 0
32163 32
32164 4
32165 2
32166 0
32167 0
32168 0
32169 8
32170 0
32171 6
32172 0
32173 0
32174 144
32175 0
32176 0
32177 42
32178 0
32179 16
32180 8
32181 0
32182 0
32183 14
32184 24
32185 0
32186 0
32187 0
32188 0
32189 10
32190 0
32191 0
32192 276
32193 0
32194 4
32195 6
32196 0
32197 16
32198 0
32199 32
32200 0
32201 2
32202 0
32203 0
32204 4
32205 0
32206 0
32207 350
32208 20
32209 8
32210 0
32211 0
32212 0
32213 2
32214 12
32215 0
32216 0
32217 0
32218 0
32219 22
32220 0
32221 0
32222 0
32223 0
32224 4
32225 2
32226 0
32227 0
32228 0
32229 8
32230 0
32231 78
32232 0
32233 0
32234 4
32235 0
32236 0
32237 2
32238 0
32239 768
32240 20
32241 0
32242 0
32243 6
32244 4
32245 0
32246 0
32247 0
32248 8
32249 122
32250 0
32251 0
32252 0
32253 0
32254 4
32255 13310
32256 0
32257 112
32258 0
32259 16
32260 0
32261 2
32262 0
32263 0
32264 4
32265 16
32266 0
32267 6
32268 0
32269 8
32270 20
32271 0
32272 0
32273 42
32274 4
32275 0
32276 0
32277 0
32278 0
32279 46
32280 0
32281 0
32282 8
32283 0
32284 4
32285 2
32286 0
32287 0
32288 0
32289 8
32290 0
32291 6
32292 0
32293 0
32294 4
32295 0
32296 0
32297 2
32298 0
32299 48
32300 0
32301 40
32302 0
32303 30
32304 76
32305 0
32306 20
32307 0
32308 0
32309 10
32310 0
32311 0
32312 0
32313 0
32314 4
32315 6
32316 8
32317 0
32318 276
32319 256
32320 0
32321 2
32322 0
32323 0
32324 4
32325 0
32326 0
32327 14
32328 0
32329 8
32330 0
32331 0
32332 20
32333 18
32334 4
32335 0
32336 0
32337 0
32338 0
32339 102
32340 0
32341 0
32342 0
32343 0
32344 4
32345 2
32346 0
32347 0
32348 0
32349 8
32350 8
32351 62
32352 0
32353 0
32354 4
32355 0
32356 0
32357 2
32358 0
32359 32
32360 0
32361 0
32362 0
32363 86
32364 4
32365 0
32366 0
32367 128
32368 0
32369 58
32370 0
32371 0
32372 20
32373 0
32374 4
32375 14
32376 0
32377 0
32378 56
32379 16
32380 0
32381 338
32382 0
32383 0
32384 196
32385 0
32386 0
32387 6
32388 0
32389 48
32390 0
32391 0
32392 0
32393 2
32394 44
32395 0
32396 0
32397 0
32398 0
32399 94
32400 0
32401 16
32402 0
32403 0
32404 4
32405 42
32406 0
32407 0
32408 0
32409 8
32410 0
32411 6
32412 0
32413 0
32414 4
32415 0
32416 0
32417 2
32418 8
32419 16
32420 0
32421 0
32422 0
32423 14
32424 4
32425 40
32426 0
32427 0
32428 0
32429 10
32430 0
32431 0
32432 0
32433 0
32434 28
32435 38
32436 0
32437 0
32438 20
32439 32
32440 0
32441 2
32442 0
32443 0
32444 28
32445 0
32446 0
32447 126
32448 0
32449 8
32450 0
32451 0
32452 8
32453 2
32454 4
32455 0
32456 20
32457 0
32458 0
32459 22
32460 0
32461 0
32462 0
32463 0
32464 4
32465 2
32466 0
32467 0
32468 0
32469 24
32470 0
32471 174
32472 0
32473 0
32474 4
32475 0
32476 0
32477 2
32478 0
32479 128
32480 0
32481 0
32482 0
32483 6
32484 4
32485 0
32486 8
32487 160
32488 0
32489 82
32490 0
32491 0
32492 0
32493 0
32494 4
32495 30
32496 0
32497 0
32498 0
32499 112
32500 0
32501 2
32502 0
32503 64
32504 24
32505 0
32506 0
32507 326
32508 0
32509 8
32510 0
32511 14336
32512 0
32513 2
32514 4
32515 0
32516 0
32517 0
32518 20
32519 46
32520 8
32521 0
32522 0
32523 0
32524 4
32525 2
32526 0
32527 0
32528 0
32529 8
32530 0
32531 6
32532 0
32533 0
32534 4
32535 0
32536 0
32537 58
32538 0
32539 16
32540 0
32541 0
32542 0
32543 62
32544 4
32545 0
32546 0
32547 0
32548 0
32549 50
32550 0
32551 0
32552 0
32553 0
32554 12
32555 6
32556 0
32557 0
32558 0
32559 64
32560 0
32561 2
32562 0
32563 0
32564 28
32565 0
32566 0
32567 14
32568 0
32569 8
32570 44
32571 32
32572 0
32573 2
32574 4
32575 0
32576 0
32577 0
32578 0
32579 22
32580 20
32581 0
32582 0
32583 0
32584 4
32585 2
32586 0
32587 0
32588 8
32589 8
32590 0
32591 30
32592 0
32593 0
32594 24
32595 0
32596 0
32597 2
32598 0
32599 32
32600 0
32601 0
32602 0
32603 86
32604 4
32605 16
32606 0
32607 0
32608 0
32609 10
32610 0
32611 80
32612 0
32613 0
32614 4
32615 14
32616 0
32617 0
32618 0
32619 16
32620 0
32621 2
32622 8
32623 0
32624 4
32625 0
32626 0
32627 6
32628 0
32629 56
32630 0
32631 0
32632 0
32633 50
32634 4
32635 0
32636 76
32637 0
32638 200
32639 18174
32640 0
32641 0
32642 20
32643 0
32644 4
32645 2
32646 0
32647 0
32648 0
32649 8
32650 0
32651 6
32652 0
32653 0
32654 4
32655 0
32656 8
32657 2
32658 0
32659 16
32660 36
32661 0
32662 0
32663 14
32664 4
32665 0
32666 0
32667 0
32668 0
32669 50
32670 0
32671 0
32672 0
32673 56
32674 4
32675 6
32676 0
32677 0
32678 0
32679 32
32680 0
32681 2
32682 0
32683 0
32684 4
32685 0
32686 0
32687 30
32688 0
32689 8
32690 8
32691 0
32692 0
32693 2
32694 28
32695 0
32696 24
32697 0
32698 0
32699 22
32700 0
32701 0
32702 20
32703 16128
32704 24
32705 2
32706 0
32707 32
32708 0
32709 8
32710 0
32711 14
32712 0
32713 0
32714 4
32715 0
32716 0
32717 2
32718 0
32719 64
32720 0
32721 0
32722 0
32723 6
32724 12
32725 0
32726 0
32727 0
32728 0
32729 10
32730 0
32731 0
32732 0
32733 0
32734 4
32735 15422
32736 0
32737 0
32738 0
32739 16
32740 0
32741 18
32742 0
32743 0
32744 4
32745 0
32746 0
32747 6
32748 0
32749 8
32750 0
32751 16896
32752 0
32753 2
32754 4
32755 0
32756 0
32757 0
32758 8
32759 16558
32760 0
32761 0
32762 0
32763 16016
32764 4
32765 16466
32766 16520
32767 0
32768 16520
32769 16472
32770 0
32771 16022
32772 0
32773 0
32774 4
32775 16576
32776 0
32777 2
32778 0
32779 16
32780 0
32781 0
32782 0
32783 16926
32784 4
32785 0
32786 0
32787 0
32788 0
32789 10
32790 0
32791 0
32792 8
32793 0
32794 4
32795 6
32796 0
32797 40
32798 0
32799 15488
32800 0
32801 42
32802 0
32803 0
32804 4
32805 0
32806 0
32807 14
32808 0
32809 24
32810 0
32811 0
32812 0
32813 2
32814 4
32815 0
32816 0
32817 0
32818 0
32819 22
32820 0
32821 0
32822 24
32823 0
32824 28
32825 2
32826 8
32827 0
32828 20
32829 8
32830 0
32831 16254
32832 0
32833 0
32834 24
32835 0
32836 0
32837 2
32838 0
32839 32
32840 0
32841 0
32842 0
32843 38
32844 4
32845 0
32846 0
32847 0
32848 0
32849 10
32850 0
32851 0
32852 0
32853 0
32854 4
32855 14
32856 0
32857 0
32858 0
32859 96
32860 8
32861 2
32862 0
32863 0
32864 4
32865 0
32866 0
32867 86
32868 0
32869 8
32870 0
32871 0
32872 0
32873 2
32874 4
32875 0
32876 0
32877 16
32878 0
32879 94
32880 0
32881 0
32882 0
32883 0
32884 4
32885 50
32886 0
32887 0
32888 0
32889 56
32890 20
32891 6
32892 56
32893 0
32894 196
32895 18432
32896 0
32897 2
32898 0
32899 16
32900 20
32901 0
32902 0
32903 14
32904 4
32905 0
32906 0
32907 0
32908 0
32909 10
32910 0
32911 128
32912 0
32913 0
32914 4
32915 6
32916 0
32917 0
32918 0
32919 32
32920 0
32921 42
32922 0
32923 0
32924 4
32925 0
32926 0
32927 62
32928 8
32929 8
32930 0
32931 0
32932 0
32933 42
32934 4
32935 0
32936 0
32937 0
32938 0
32939 22
32940 0
32941 0
32942 0
32943 0
32944 4
32945 18
32946 0
32947 0
32948 24
32949 8
32950 0
32951 14
32952 20
32953 0
32954 28
32955 0
32956 0
32957 2
32958 0
32959 256
32960 0
32961 0
32962 8
32963 6
32964 4
32965 0
32966 20
32967 0
32968 0
32969 10
32970 0
32971 0
32972 0
32973 0
32974 4
32975 30
32976 0
32977 0
32978 0
32979 48
32980 0
32981 2
32982 0
32983 160
32984 4
32985 0
32986 0
32987 6
32988 0
32989 8
32990 0
32991 0
32992 0
32993 2
32994 4
32995 0
32996 8
32997 0
32998 0
32999 206
33000 0
33001 0
33002 36
33003 0
33004 24
33005 2
33006 0
33007 0
33008 0
33009 8
33010 0
33011 102
33012 0
33013 16
33014 24
33015 0
33016 0
33017 2
33018 0
33019 336
33020 0
33021 0
33022 0
33023 14846
33024 4
33025 0
33026 0
33027 0
33028 0
33029 10
33030 8
33031 0
33032 20
33033 0
33034 4
33035 6
33036 0
33037 0
33038 0
33039 64
33040 0
33041 2
33042 0
33043 0
33044 4
33045 40
33046 0
33047 78
33048 0
33049 8
33050 0
33051 0
33052 0
33053 2
33054 4
33055 0
33056 0
33057 0
33058 0
33059 22
33060 0
33061 0
33062 0
33063 0
33064 12
33065 42
33066 0
33067 0
33068 0
33069 8
33070 0
33071 30
33072 0
33073 0
33074 28
33075 0
33076 40
33077 2
33078 0
33079 32
33080 0
33081 16
33082 0
33083 6
33084 28
33085 0
33086 0
33087 0
33088 0
33089 10
33090 0
33091 0
33092 0
33093 0
33094 4
33095 14
33096 0
33097 0
33098 28
33099 16
33100 0
33101 2
33102 0
33103 0
33104 4
33105 0
33106 0
33107 86
33108 0
33109 8
33110 0
33111 0
33112 0
33113 2
33114 4
33115 32
33116 0
33117 0
33118 0
33119 190
33120 0
33121 0
33122 0
33123 0
33124 4
33125 2
33126 0
33127 0
33128 0
33129 8
33130 0
33131 86
33132 8
33133 0
33134 4
33135 0
33136 0
33137 50
33138 20
33139 16
33140 0
33141 0
33142 0
33143 14
33144 4
33145 0
33146 56
33147 0
33148 0
33149 330
33150 0
33151 0
33152 200
33153 0
33154 4
33155 6
33156 0
33157 0
33158 0
33159 32
33160 0
33161 2
33162 0
33163 0
33164 24
33165 0
33166 8
33167 30
33168 0
33169 48
33170 0
33171 0
33172 0
33173 74
33174 4
33175 0
33176 0
33177 0
33178 0
33179 22
33180 0
33181 0
33182 0
33183 256
33184 4
33185 2
33186 0
33187 0
33188 0
33189 8
33190 0
33191 14
33192 0
33193 0
33194 4
33195 0
33196 0
33197 42
33198 0
33199 64
33200 52
33201 0
33202 0
33203 6
33204 4
33205 0
33206 0
33207 0
33208 0
33209 50
33210 0
33211 0
33212 0
33213 0
33214 328
33215 126
33216 0
33217 16
33218 0
33219 16
33220 0
33221 2
33222 0
33223 0
33224 4
33225 0
33226 0
33227 6
33228 0
33229 8
33230 20
33231 320
33232 0
33233 2
33234 12
33235 0
33236 0
33237 0
33238 0
33239 46
33240 0
33241 0
33242 0
33243 0
33244 4
33245 2
33246 0
33247 0
33248 0
33249 8
33250 0
33251 38
33252 0
33253 0
33254 4
33255 0
33256 0
33257 2
33258 0
33259 16
33260 0
33261 0
33262 20
33263 734
33264 4
33265 0
33266 0
33267 0
33268 8
33269 10
33270 0
33271 0
33272 0
33273 112
33274 4
33275 6
33276 0
33277 0
33278 0
33279 14336
33280 0
33281 114
33282 0
33283 0
33284 4
33285 16
33286 0
33287 14
33288 0
33289 8
33290 0
33291 0
33292 0
33293 42
33294 4
33295 0
33296 20
33297 0
33298 0
33299 22
33300 0
33301 0
33302 8
33303 0
33304 4
33305 2
33306 0
33307 0
33308 0
33309 8
33310 0
33311 62
33312 0
33313 0
33314 4
33315 0
33316 0
33317 2
33318 0
33319 96
33320 0
33321 0
33322 0
33323 6
33324 24
33325 0
33326 24
33327 0
33328 0
33329 50
33330 0
33331 0
33332 0
33333 0
33334 4
33335 14
33336 8
33337 0
33338 0
33339 16
33340 0
33341 2
33342 0
33343 0
33344 376
33345 0
33346 0
33347 6
33348 0
33349 8
33350 0
33351 0
33352 0
33353 18
33354 4
33355 80
33356 0
33357 0
33358 0
33359 94
33360 0
33361 0
33362 20
33363 0
33364 4
33365 2
33366 0
33367 0
33368 0
33369 8
33370 8
33371 6
33372 0
33373 0
33374 4
33375 0
33376 0
33377 2
33378 0
33379 16
33380 0
33381 0
33382 0
33383 14
33384 4
33385 0
33386 20
33387 32
33388 0
33389 58
33390 0
33391 0
33392 0
33393 0
33394 4
33395 86
33396 0
33397 0
33398 0
33399 32
33400 56
33401 2
33402 0
33403 0
33404 140
33405 0
33406 0
33407 254
33408 0
33409 344
33410 56
33411 0
33412 0
33413 2
33414 24
33415 0
33416 0
33417 80
33418 0
33419 22
33420 0
33421 16
33422 0
33423 0
33424 4
33425 2
33426 0
33427 0
33428 20
33429 8
33430 0
33431 14
33432 0
33433 0
33434 4
33435 0
33436 0
33437 2
33438 8
33439 128
33440 0
33441 0
33442 0
33443 6
33444 4
33445 0
33446 0
33447 0
33448 20
33449 10
33450 0
33451 0
33452 24
33453 0
33454 4
33455 158
33456 0
33457 0
33458 0
33459 16
33460 0
33461 42
33462 0
33463 0
33464 4
33465 0
33466 132
33467 6
33468 0
33469 8
33470 0
33471 0
33472 8
33473 2
33474 28
33475 0
33476 0
33477 0
33478 0
33479 206
33480 0
33481 0
33482 0
33483 0
33484 4
33485 2
33486 0
33487 0
33488 0
33489 24
33490 0
33491 6
33492 0
33493 0
33494 24
33495 0
33496 0
33497 2
33498 0
33499 16
33500 0
33501 0
33502 0
33503 62
33504 4
33505 0
33506 8
33507 0
33508 0
33509 10
33510 20
33511 0
33512 0
33513 0
33514 4
33515 246
33516 0
33517 0
33518 0
33519 64
33520 0
33521 2
33522 0
33523 32
33524 4
33525 0
33526 0
33527 622
33528 0
33529 8
33530 0
33531 0
33532 0
33533 2
33534 4
33535 0
33536 0
33537 0
33538 0
33539 342
33540 8
33541 40
33542 0
33543 0
33544 4
33545 2
33546 0
33547 0
33548 0
33549 8
33550 0
33551 30
33552 0
33553 0
33554 4
33555 0
33556 0
33557 18
33558 0
33559 32
33560 20
33561 0
33562 0
33563 6
33564 4
33565 0
33566 0
33567 0
33568 0
33569 10
33570 0
33571 0
33572 20
33573 0
33574 12
33575 14
33576 0
33577 0
33578 96
33579 16
33580 0
33581 2
33582 0
33583 0
33584 4
33585 0
33586 0
33587 6
33588 0
33589 8
33590 0
33591 64
33592 0
33593 42
33594 4
33595 0
33596 0
33597 0
33598 0
33599 382
33600 0
33601 0
33602 0
33603 80
33604 28
33605 2
33606 0
33607 0
33608 8
33609 8
33610 0
33611 6
33612 0
33613 0
33614 4
33615 0
33616 0
33617 2
33618 0
33619 96
33620 0
33621 0
33622 0
33623 14
33624 4
33625 16
33626 20
33627 0
33628 0
33629 10
33630 0
33631 0
33632 0
33633 0
33634 24
33635 6
33636 0
33637 0
33638 0
33639 32
33640 0
33641 50
33642 8
33643 0
33644 4
33645 0
33646 0
33647 30
33648 0
33649 8
33650 0
33651 0
33652 0
33653 2
33654 60
33655 0
33656 0
33657 0
33658 0
33659 646
33660 0
33661 0
33662 0
33663 0
33664 4
33665 42
33666 144
33667 0
33668 56
33669 152
33670 0
33671 14
33672 0
33673 0
33674 4
33675 0
33676 8
33677 2
33678 0
33679 64
33680 0
33681 0
33682 0
33683 6
33684 4
33685 0
33686 36
33687 0
33688 0
33689 10
33690 0
33691 0
33692 20
33693 16
33694 4
33695 62
33696 20
33697 0
33698 0
33699 16
33700 0
33701 2
33702 0
33703 0
33704 28
33705 0
33706 0
33707 6
33708 0
33709 8
33710 8
33711 0
33712 0
33713 2
33714 4
33715 0
33716 0
33717 0
33718 0
33719 46
33720 0
33721 0
33722 0
33723 0
33724 4
33725 546
33726 0
33727 1792
33728 0
33729 8
33730 0
33731 6
33732 0
33733 0
33734 28
33735 0
33736 0
33737 2
33738 0
33739 208
33740 0
33741 0
33742 0
33743 30
33744 12
33745 0
33746 0
33747 0
33748 0
33749 10
33750 0
33751 0
33752 0
33753 0
33754 4
33755 6
33756 0
33757 0
33758 480
33759 128
33760 0
33761 18
33762 0
33763 0
33764 4
33765 0
33766 0
33767 206
33768 0
33769 8
33770 0
33771 0
33772 0
33773 2
33774 4
33775 0
33776 0
33777 0
33778 8
33779 22
33780 0
33781 112
33782 0
33783 0
33784 4
33785 2
33786 0
33787 0
33788 0
33789 48
33790 0
33791 22526
33792 0
33793 0
33794 4
33795 32
33796 0
33797 114
33798 0
33799 224
33800 0
33801 0
33802 0
33803 6
33804 4
33805 0
33806 0
33807 0
33808 0
33809 10
33810 0
33811 0
33812 8
33813 0
33814 4
33815 14
33816 0
33817 0
33818 0
33819 16
33820 20
33821 2
33822 0
33823 0
33824 984
33825 0
33826 0
33827 6
33828 0
33829 24
33830 24
33831 0
33832 0
33833 2
33834 4
33835 0
33836 0
33837 0
33838 0
33839 94
33840 0
33841 0
33842 0
33843 0
33844 4
33845 2
33846 8
33847 0
33848 0
33849 8
33850 0
33851 86
33852 0
33853 0
33854 4
33855 0
33856 0
33857 546
33858 0
33859 16
33860 0
33861 0
33862 0
33863 78
33864 28
33865 0
33866 0
33867 0
33868 0
33869 10
33870 0
33871 0
33872 0
33873 0
33874 4
33875 6
33876 0
33877 0
33878 0
33879 32
33880 8
33881 2
33882 20
33883 0
33884 4
33885 0
33886 0
33887 62
33888 0
33889 8
33890 20
33891 0
33892 0
33893 50
33894 4
33895 0
33896 0
33897 16
33898 0
33899 22
33900 0
33901 0
33902 0
33903 0
33904 4
33905 2
33906 0
33907 0
33908 56
33909 8
33910 0
33911 14
33912 0
33913 40
33914 140
33915 0
33916 0
33917 2
33918 0
33919 512
33920 0
33921 0
33922 0
33923 662
33924 4
33925 0
33926 56
33927 0
33928 0
33929 250
33930 0
33931 32
33932 0
33933 0
33934 4
33935 30
33936 0
33937 0
33938 0
33939 16
33940 0
33941 2
33942 0
33943 0
33944 24
33945 0
33946 0
33947 6
33948 8
33949 8
33950 0
33951 0
33952 0
33953 2
33954 4
33955 0
33956 44
33957 0
33958 0
33959 46
33960 0
33961 0
33962 0
33963 0
33964 4
33965 18
33966 0
33967 0
33968 0
33969 8
33970 0
33971 6
33972 0
33973 0
33974 4
33975 160
33976 0
33977 2
33978 0
33979 16
33980 0
33981 0
33982 8
33983 126
33984 4
33985 0
33986 0
33987 0
33988 0
33989 50
33990 0
33991 0
33992 0
33993 0
33994 28
33995 6
33996 0
33997 0
33998 0
33999 192
34000 0
34001 2
34002 0
34003 0
34004 4
34005 0
34006 20
34007 14
34008 0
34009 8
34010 0
34011 0
34012 0
34013 2
34014 4
34015 0
34016 8
34017 0
34018 0
34019 118
34020 0
34021 0
34022 20
34023 0
34024 4
34025 2
34026 0
34027 0
34028 36
34029 48
34030 0
34031 30
34032 0
34033 16
34034 4
34035 224
34036 0
34037 42
34038 0
34039 32
34040 0
34041 0
34042 0
34043 6
34044 4
34045 0
34046 0
34047 0
34048 0
34049 10
34050 8
34051 0
34052 0
34053 0
34054 4
34055 622
34056 0
34057 0
34058 0
34059 112
34060 0
34061 2
34062 0
34063 0
34064 4
34065 0
34066 0
34067 38
34068 20
34069 8
34070 0
34071 0
34072 0
34073 2
34074 4
34075 0
34076 0
34077 0
34078 0
34079 190
34080 0
34081 0
34082 24
34083 0
34084 12
34085 2
34086 0
34087 0
34088 20
34089 8
34090 0
34091 6
34092 0
34093 0
34094 4
34095 0
34096 0
34097 2
34098 0
34099 176
34100 0
34101 16
34102 0
34103 14
34104 4
34105 0
34106 0
34107 0
34108 0
34109 10
34110 0
34111 0
34112 0
34113 0
34114 4
34115 6
34116 0
34117 0
34118 8
34119 32
34120 0
34121 42
34122 0
34123 0
34124 220
34125 0
34126 0
34127 30
34128 0
34129 8
34130 20
34131 0
34132 0
34133 2
34134 4
34135 64
34136 0
34137 0
34138 0
34139 22
34140 0
34141 0
34142 0
34143 0
34144 4
34145 50
34146 0
34147 0
34148 0
34149 272
34150 0
34151 14
34152 8
34153 0
34154 24
34155 0
34156 0
34157 2
34158 0
34159 64
34160 0
34161 40
34162 56
34163 6
34164 4
34165 0
34166 0
34167 0
34168 0
34169 282
34170 0
34171 0
34172 0
34173 0
34174 4
34175 254
34176 0
34177 0
34178 0
34179 16
34180 144
34181 2
34182 0
34183 0
34184 60
34185 0
34186 8
34187 86
34188 0
34189 56
34190 0
34191 0
34192 20
34193 2
34194 4
34195 0
34196 0
34197 0
34198 0
34199 334
34200 0
34201 0
34202 0
34203 32
34204 4
34205 2
34206 0
34207 0
34208 24
34209 8
34210 0
34211 6
34212 0
34213 0
34214 4
34215 0
34216 0
34217 2
34218 0
34219 16
34220 28
34221 0
34222 0
34223 350
34224 4
34225 0
34226 0
34227 0
34228 0
34229 10
34230 0
34231 0
34232 0
34233 0
34234 24
34235 6
34236 252
34237 16
34238 0
34239 256
34240 0
34241 2
34242 0
34243 0
34244 4
34245 0
34246 0
34247 14
34248 0
34249 8
34250 0
34251 0
34252 0
34253 42
34254 56
34255 0
34256 0
34257 0
34258 0
34259 22
34260 0
34261 0
34262 0
34263 0
34264 4
34265 2
34266 0
34267 0
34268 0
34269 8
34270 0
34271 1086
34272 0
34273 0
34274 4
34275 0
34276 0
34277 2
34278 0
34279 32
34280 0
34281 0
34282 0
34283 6
34284 4
34285 40
34286 20
34287 0
34288 8
34289 122
34290 0
34291 0
34292 0
34293 0
34294 4
34295 14
34296 0
34297 0
34298 0
34299 16
34300 0
34301 2
34302 0
34303 0
34304 4
34305 16
34306 0
34307 6
34308 0
34309 8
34310 0
34311 0
34312 0
34313 114
34314 4
34315 0
34316 20
34317 0
34318 0
34319 798
34320 0
34321 0
34322 8
34323 0
34324 4
34325 2
34326 0
34327 0
34328 0
34329 8
34330 0
34331 6
34332 0
34333 0
34334 28
34335 0
34336 0
34337 2
34338 0
34339 48
34340 0
34341 0
34342 0
34343 14
34344 4
34345 0
34346 0
34347 80
34348 0
34349 10
34350 0
34351 0
34352 20
34353 0
34354 4
34355 6
34356 8
34357 0
34358 0
34359 32
34360 0
34361 2
34362 0
34363 0
34364 4
34365 0
34366 0
34367 126
34368 0
34369 8
34370 252
34371 0
34372 0
34373 18
34374 4
34375 0
34376 0
34377 0
34378 20
34379 22
34380 0
34381 0
34382 0
34383 0
34384 28
34385 42
34386 0
34387 0
34388 0
34389 8
34390 8
34391 14
34392 0
34393 0
34394 4
34395 0
34396 0
34397 194
34398 0
34399 128
34400 0
34401 0
34402 0
34403 6
34404 4
34405 0
34406 0
34407 64
34408 0
34409 50
34410 0
34411 0
34412 0
34413 0
34414 4
34415 30
34416 56
34417 0
34418 20
34419 16
34420 0
34421 2
34422 0
34423 0
34424 140
34425 0
34426 0
34427 6
34428 0
34429 8
34430 0
34431 0
34432 0
34433 2
34434 4
34435 0
34436 0
34437 288
34438 0
34439 206
34440 40
34441 16
34442 56
34443 0
34444 4
34445 2
34446 0
34447 0
34448 0
34449 56
34450 0
34451 86
34452 0
34453 0
34454 4
34455 0
34456 0
34457 2
34458 8
34459 16
34460 24
34461 0
34462 0
34463 62
34464 4
34465 0
34466 0
34467 0
34468 0
34469 10
34470 0
34471 160
34472 0
34473 0
34474 4
34475 38
34476 0
34477 0
34478 0
34479 64
34480 0
34481 2
34482 0
34483 0
34484 24
34485 0
34486 0
34487 14
34488 0
34489 8
34490 0
34491 0
34492 8
34493 2
34494 4
34495 0
34496 0
34497 0
34498 0
34499 22
34500 0
34501 0
34502 20
34503 0
34504 4
34505 2
34506 0
34507 0
34508 0
34509 24
34510 0
34511 30
34512 0
34513 0
34514 124
34515 0
34516 0
34517 42
34518 0
34519 32
34520 0
34521 0
34522 0
34523 102
34524 4
34525 0
34526 8
34527 0
34528 0
34529 10
34530 0
34531 0
34532 0
34533 40
34534 4
34535 14
34536 0
34537 0
34538 0
34539 16
34540 0
34541 74
34542 0
34543 1024
34544 4
34545 0
34546 0
34547 6
34548 0
34549 8
34550 20
34551 0
34552 0
34553 2
34554 4
34555 0
34556 0
34557 0
34558 0
34559 1534
34560 8
34561 0
34562 0
34563 0
34564 24
34565 2
34566 0
34567 0
34568 0
34569 8
34570 0
34571 230
34572 0
34573 0
34574 4
34575 0
34576 0
34577 18
34578 0
34579 304
34580 0
34581 0
34582 0
34583 174
34584 4
34585 0
34586 24
34587 0
34588 0
34589 10
34590 0
34591 0
34592 0
34593 0
34594 12
34595 86
34596 0
34597 0
34598 0
34599 32
34600 0
34601 2
34602 0
34603 0
34604 4
34605 0
34606 0
34607 30
34608 0
34609 8
34610 0
34611 32
34612 0
34613 2
34614 4
34615 0
34616 20
34617 0
34618 0
34619 22
34620 0
34621 0
34622 0
34623 0
34624 4
34625 2
34626 20
34627 0
34628 8
34629 8
34630 0
34631 14
34632 0
34633 0
34634 4
34635 0
34636 0
34637 2
34638 0
34639 64
34640 0
34641 0
34642 0
34643 6
34644 48
34645 16
34646 0
34647 0
34648 0
34649 98
34650 0
34651 0
34652 0
34653 0
34654 4
34655 62
34656 0
34657 40
34658 0
34659 16
34660 0
34661 2
34662 8
34663 0
34664 4
34665 0
34666 0
34667 6
34668 0
34669 8
34670 56
34671 0
34672 0
34673 2
34674 4
34675 0
34676 0
34677 0
34678 0
34679 1134
34680 0
34681 0
34682 20
34683 0
34684 4
34685 2
34686 0
34687 0
34688 20
34689 8
34690 0
34691 6
34692 0
34693 0
34694 212
34695 0
34696 8
34697 2
34698 0
34699 16
34700 56
34701 0
34702 0
34703 30
34704 4
34705 0
34706 0
34707 0
34708 0
34709 58
34710 0
34711 0
34712 60
34713 16
34714 4
34715 86
34716 0
34717 0
34718 0
34719 768
34720 0
34721 2
34722 0
34723 0
34724 4
34725 0
34726 0
34727 14
34728 0
34729 8
34730 8
34731 0
34732 0
34733 2
34734 4
34735 0
34736 0
34737 0
34738 0
34739 22
34740 0
34741 0
34742 0
34743 0
34744 4
34745 2
34746 0
34747 1040
34748 20
34749 8
34750 20
34751 126
34752 0
34753 0
34754 4
34755 0
34756 0
34757 2
34758 0
34759 32
34760 0
34761 0
34762 0
34763 6
34764 12
34765 0
34766 0
34767 0
34768 0
34769 10
34770 0
34771 0
34772 0
34773 0
34774 28
34775 206
34776 0
34777 0
34778 0
34779 16
34780 0
34781 978
34782 0
34783 0
34784 4
34785 0
34786 0
34787 6
34788 0
34789 8
34790 0
34791 0
34792 0
34793 2
34794 4
34795 0
34796 0
34797 112
34798 1064
34799 94
34800 0
34801 0
34802 0
34803 0
34804 4
34805 2
34806 0
34807 0
34808 0
34809 8
34810 0
34811 6
34812 20
34813 0
34814 24
34815 16384
34816 0
34817 2
34818 0
34819 16
34820 0
34821 0
34822 0
34823 14
34824 4
34825 0
34826 0
34827 0
34828 0
34829 122
34830 0
34831 0
34832 1064
34833 0
34834 4
34835 6
34836 0
34837 0
34838 24
34839 224
34840 0
34841 2
34842 0
34843 80
34844 4
34845 0
34846 0
34847 702
34848 0
34849 984
34850 0
34851 0
34852 0
34853 2
34854 4
34855 0
34856 0
34857 0
34858 0
34859 22
34860 0
34861 0
34862 0
34863 0
34864 4
34865 2
34866 8
34867 0
34868 0
34869 8
34870 0
34871 14
34872 0
34873 0
34874 24
34875 0
34876 0
34877 2
34878 0
34879 256
34880 20
34881 0
34882 0
34883 1046
34884 4
34885 0
34886 0
34887 0
34888 0
34889 10
34890 0
34891 0
34892 0
34893 0
34894 4
34895 30
34896 0
34897 0
34898 0
34899 16
34900 8
34901 50
34902 0
34903 0
34904 28
34905 40
34906 0
34907 6
34908 0
34909 8
34910 0
34911 0
34912 0
34913 42
34914 4
34915 0
34916 0
34917 16
34918 0
34919 46
34920 0
34921 0
34922 0
34923 0
34924 60
34925 2
34926 0
34927 0
34928 0
34929 8
34930 0
34931 6
34932 0
34933 0
34934 140
34935 0
34936 20
34937 2
34938 0
34939 16
34940 0
34941 0
34942 0
34943 254
34944 4
34945 0
34946 20
34947 0
34948 0
34949 10
34950 0
34951 2240
34952 0
34953 0
34954 4
34955 6
34956 0
34957 0
34958 56
34959 64
34960 0
34961 2
34962 0
34963 0
34964 28
34965 0
34966 0
34967 174
34968 8
34969 56
34970 0
34971 0
34972 0
34973 2
34974 4
34975 0
34976 0
34977 0
34978 0
34979 102
34980 0
34981 0
34982 0
34983 0
34984 4
34985 18
34986 0
34987 0
34988 0
34989 8
34990 0
34991 30
34992 0
34993 0
34994 4
34995 0
34996 0
34997 2
34998 20
34999 32
35000 0
35001 0
35002 8
35003 6
35004 4
35005 0
35006 0
35007 0
35008 0
35009 10
35010 0
35011 0
35012 20
35013 0
35014 4
35015 14
35016 0
35017 0
35018 0
35019 48
35020 0
35021 2
35022 0
35023 0
35024 4
35025 0
35026 0
35027 102
35028 0
35029 48
35030 0
35031 0
35032 0
35033 2
35034 76
35035 0
35036 8
35037 0
35038 0
35039 190
35040 0
35041 0
35042 0
35043 0
35044 4
35045 42
35046 0
35047 0
35048 0
35049 8
35050 0
35051 230
35052 0
35053 16
35054 60
35055 0
35056 0
35057 2
35058 0
35059 16
35060 20
35061 0
35062 0
35063 14
35064 4
35065 0
35066 0
35067 0
35068 0
35069 10
35070 8
35071 0
35072 0
35073 0
35074 4
35075 6
35076 0
35077 0
35078 20
35079 32
35080 0
35081 2
35082 0
35083 0
35084 4
35085 0
35086 0
35087 1054
35088 0
35089 8
35090 24
35091 80
35092 0
35093 2
35094 4
35095 0
35096 0
35097 0
35098 0
35099 502
35100 0
35101 0
35102 0
35103 0
35104 12
35105 2
35106 0
35107 0
35108 0
35109 8
35110 0
35111 174
35112 0
35113 0
35114 4
35115 0
35116 0
35117 2
35118 0
35119 64
35120 0
35121 16
35122 40
35123 6
35124 4
35125 0
35126 0
35127 0
35128 0
35129 10
35130 0
35131 0
35132 0
35133 0
35134 4
35135 126
35136 0
35137 0
35138 8
35139 16
35140 0
35141 2
35142 0
35143 0
35144 24
35145 0
35146 0
35147 6
35148 0
35149 8
35150 0
35151 0
35152 0
35153 90
35154 4
35155 32
35156 0
35157 0
35158 0
35159 46
35160 0
35161 0
35162 0
35163 0
35164 28
35165 2
35166 0
35167 0
35168 0
35169 8
35170 0
35171 6
35172 8
35173 0
35174 4
35175 0
35176 0
35177 42
35178 56
35179 16
35180 0
35181 0
35182 0
35183 30
35184 24
35185 0
35186 0
35187 0
35188 0
35189 282
35190 0
35191 0
35192 0
35193 0
35194 4
35195 6
35196 0
35197 0
35198 0
35199 512
35200 0
35201 2
35202 0
35203 0
35204 4
35205 0
35206 8
35207 14
35208 144
35209 8
35210 20
35211 0
35212 0
35213 2
35214 4
35215 320
35216 152
35217 0
35218 0
35219 22
35220 0
35221 0
35222 0
35223 64
35224 4
35225 74
35226 0
35227 0
35228 0
35229 56
35230 0
35231 62
35232 0
35233 0
35234 4
35235 0
35236 0
35237 2
35238 0
35239 32
35240 8
35241 0
35242 0
35243 86
35244 4
35245 0
35246 20
35247 0
35248 0
35249 10
35250 0
35251 0
35252 0
35253 0
35254 4
35255 14
35256 0
35257 16
35258 252
35259 96
35260 0
35261 2
35262 0
35263 0
35264 4
35265 0
35266 0
35267 6
35268 0
35269 8
35270 0
35271 0
35272 0
35273 2
35274 12
35275 0
35276 20
35277 40
35278 0
35279 478
35280 0
35281 0
35282 0
35283 0
35284 4
35285 2
35286 0
35287 0
35288 0
35289 8
35290 0
35291 38
35292 0
35293 0
35294 28
35295 0
35296 0
35297 2
35298 0
35299 16
35300 0
35301 0
35302 0
35303 14
35304 4
35305 112
35306 0
35307 0
35308 28
35309 50
35310 0
35311 0
35312 0
35313 0
35314 4
35315 6
35316 0
35317 0
35318 0
35319 32
35320 0
35321 2
35322 0
35323 0
35324 4
35325 16
35326 0
35327 1022
35328 0
35329 8
35330 0
35331 0
35332 0
35333 2
35334 4
35335 0
35336 0
35337 0
35338 0
35339 102
35340 0
35341 0
35342 52
35343 0
35344 4
35345 114
35346 0
35347 0
35348 0
35349 8
35350 0
35351 14
35352 0
35353 0
35354 4
35355 0
35356 0
35357 2
35358 0
35359 1152
35360 0
35361 0
35362 0
35363 6
35364 4
35365 0
35366 0
35367 0
35368 0
35369 10
35370 20
35371 0
35372 0
35373 0
35374 4
35375 350
35376 8
35377 0
35378 0
35379 16
35380 0
35381 2
35382 0
35383 0
35384 4
35385 0
35386 0
35387 6
35388 0
35389 8
35390 0
35391 0
35392 0
35393 18
35394 4
35395 0
35396 252
35397 0
35398 0
35399 46
35400 0
35401 40
35402 0
35403 0
35404 4
35405 50
35406 0
35407 0
35408 20
35409 8
35410 8
35411 6
35412 0
35413 0
35414 4
35415 0
35416 0
35417 2
35418 0
35419 16
35420 0
35421 0
35422 0
35423 62
35424 208
35425 0
35426 0
35427 32
35428 0
35429 10
35430 0
35431 0
35432 76
35433 0
35434 4
35435 6
35436 0
35437 0
35438 0
35439 64
35440 0
35441 42
35442 0
35443 0
35444 140
35445 0
35446 0
35447 14
35448 0
35449 8
35450 0
35451 0
35452 0
35453 2
35454 4
35455 0
35456 0
35457 0
35458 0
35459 22
35460 0
35461 16
35462 0
35463 320
35464 24
35465 290
35466 0
35467 0
35468 24
35469 8
35470 0
35471 30
35472 0
35473 0
35474 80
35475 0
35476 0
35477 2
35478 8
35479 32
35480 0
35481 0
35482 0
35483 6
35484 4
35485 0
35486 0
35487 0
35488 0
35489 442
35490 0
35491 0
35492 0
35493 0
35494 24
35495 78
35496 0
35497 0
35498 0
35499 16
35500 0
35501 2
35502 468
35503 0
35504 4
35505 0
35506 0
35507 86
35508 0
35509 8
35510 0
35511 0
35512 8
35513 2
35514 4
35515 528
35516 0
35517 0
35518 0
35519 382
35520 0
35521 0
35522 0
35523 0
35524 4
35525 42
35526 0
35527 0
35528 0
35529 24
35530 0
35531 102
35532 0
35533 0
35534 4
35535 0
35536 0
35537 2
35538 0
35539 16
35540 20
35541 0
35542 0
35543 14
35544 4
35545 0
35546 8
35547 0
35548 0
35549 10
35550 0
35551 0
35552 0
35553 0
35554 28
35555 6
35556 20
35557 0
35558 0
35559 480
35560 0
35561 2
35562 0
35563 32
35564 4
35565 0
35566 0
35567 606
35568 0
35569 8
35570 0
35571 0
35572 0
35573 42
35574 4
35575 0
35576 0
35577 0
35578 0
35579 22
35580 8
35581 0
35582 0
35583 0
35584 4
35585 2
35586 0
35587 80
35588 0
35589 8
35590 0
35591 14
35592 0
35593 0
35594 28
35595 0
35596 0
35597 18
35598 0
35599 64
35600 0
35601 0
35602 0
35603 230
35604 4
35605 0
35606 20
35607 0
35608 0
35609 10
35610 0
35611 0
35612 0
35613 0
35614 12
35615 62
35616 0
35617 0
35618 20
35619 112
35620 0
35621 2
35622 0
35623 0
35624 4
35625 0
35626 0
35627 6
35628 0
35629 8
35630 0
35631 128
35632 0
35633 2
35634 4
35635 0
35636 0
35637 0
35638 0
35639 206
35640 0
35641 0
35642 0
35643 0
35644 4
35645 2
35646 0
35647 0
35648 8
35649 48
35650 0
35651 6
35652 0
35653 0
35654 4
35655 0
35656 0
35657 50
35658 0
35659 16
35660 0
35661 0
35662 0
35663 30
35664 4
35665 16
35666 0
35667 0
35668 0
35669 50
35670 0
35671 0
35672 20
35673 0
35674 4
35675 6
35676 0
35677 0
35678 0
35679 128
35680 20
35681 2
35682 8
35683 0
35684 124
35685 0
35686 56
35687 14
35688 0
35689 8
35690 0
35691 0
35692 0
35693 2
35694 4
35695 0
35696 0
35697 0
35698 0
35699 566
35700 0
35701 0
35702 0
35703 0
35704 4
35705 42
35706 0
35707 0
35708 0
35709 8
35710 0
35711 2814
35712 0
35713 0
35714 4
35715 0
35716 8
35717 2
35718 0
35719 32
35720 24
35721 0
35722 144
35723 6
35724 4
35725 0
35726 0
35727 0
35728 0
35729 10
35730 0
35731 0
35732 56
35733 16
35734 4
35735 14
35736 0
35737 0
35738 56
35739 16
35740 0
35741 2
35742 20
35743 0
35744 4
35745 0
35746 0
35747 726
35748 0
35749 56
35750 8
35751 0
35752 0
35753 2
35754 4
35755 0
35756 0
35757 0
35758 0
35759 94
35760 0
35761 0
35762 0
35763 0
35764 4
35765 2
35766 0
35767 64
35768 0
35769 512
35770 0
35771 86
35772 0
35773 40
35774 4
35775 0
35776 0
35777 2
35778 0
35779 16
35780 0
35781 0
35782 0
35783 206
35784 12
35785 0
35786 0
35787 0
35788 0
35789 10
35790 0
35791 0
35792 0
35793 0
35794 4
35795 6
35796 0
35797 0
35798 0
35799 32
35800 0
35801 18
35802 0
35803 0
35804 484
35805 0
35806 0
35807 62
35808 0
35809 8
35810 0
35811 0
35812 0
35813 114
35814 28
35815 0
35816 0
35817 0
35818 8
35819 22
35820 0
35821 0
35822 0
35823 0
35824 4
35825 2
35826 0
35827 0
35828 0
35829 8
35830 0
35831 14
35832 0
35833 0
35834 4
35835 112
35836 0
35837 42
35838 0
35839 4096
35840 0
35841 0
35842 0
35843 6
35844 4
35845 0
35846 24
35847 0
35848 0
35849 10
35850 0
35851 0
35852 8
35853 0
35854 4
35855 30
35856 0
35857 0
35858 0
35859 16
35860 0
35861 114
35862 0
35863 0
35864 4
35865 0
35866 20
35867 6
35868 0
35869 24
35870 20
35871 0
35872 0
35873 2
35874 484
35875 0
35876 0
35877 0
35878 0
35879 238
35880 0
35881 0
35882 0
35883 0
35884 4
35885 2
35886 8
35887 0
35888 0
35889 8
35890 0
35891 6
35892 0
35893 0
35894 4
35895 0
35896 0
35897 42
35898 0
35899 16
35900 0
35901 0
35902 0
35903 1918
35904 4
35905 0
35906 0
35907 0
35908 0
35909 562
35910 0
35911 0
35912 0
35913 0
35914 4
35915 6
35916 0
35917 0
35918 0
35919 64
35920 8
35921 2
35922 0
35923 0
35924 4
35925 0
35926 0
35927 14
35928 20
35929 8
35930 0
35931 0
35932 0
35933 2
35934 4
35935 0
35936 20
35937 16
35938 0
35939 22
35940 56
35941 0
35942 0
35943 0
35944 76
35945 2
35946 0
35947 0
35948 0
35949 8
35950 0
35951 30
35952 0
35953 0
35954 140
35955 0
35956 0
35957 2
35958 0
35959 192
35960 0
35961 0
35962 0
35963 6
35964 4
35965 0
35966 0
35967 0
35968 0
35969 50
35970 0
35971 32
35972 24
35973 0
35974 4
35975 14
35976 0
35977 0
35978 0
35979 592
35980 0
35981 2
35982 0
35983 0
35984 4
35985 0
35986 0
35987 6
35988 8
35989 8
35990 76
35991 0
35992 0
35993 2
35994 4
35995 0
35996 0
35997 0
35998 0
35999 190
36000 0
36001 0
36002 20
36003 0
36004 4
36005 18
36006 0
36007 0
36008 0
36009 56
36010 0
36011 6
36012 0
36013 0
36014 4
36015 0
36016 0
36017 2
36018 0
36019 16
36020 0
36021 40
36022 8
36023 14
36024 4
36025 0
36026 0
36027 0
36028 0
36029 10
36030 0
36031 0
36032 0
36033 0
36034 4
36035 470
36036 0
36037 0
36038 0
36039 96
36040 0
36041 2
36042 0
36043 0
36044 4
36045 0
36046 336
36047 30
36048 0
36049 8
36050 0
36051 0
36052 20
36053 2
36054 4
36055 0
36056 8
36057 0
36058 0
36059 22
36060 0
36061 0
36062 0
36063 0
36064 4
36065 2
36066 0
36067 224
36068 20
36069 8
36070 0
36071 14
36072 0
36073 16
36074 28
36075 0
36076 0
36077 2
36078 0
36079 384
36080 36
36081 0
36082 0
36083 86
36084 4
36085 0
36086 0
36087 0
36088 0
36089 10
36090 8
36091 0
36092 0
36093 0
36094 4
36095 510
36096 0
36097 0
36098 24
36099 16
36100 0
36101 42
36102 0
36103 0
36104 4
36105 0
36106 0
36107 38
36108 0
36109 8
36110 0
36111 0
36112 0
36113 2
36114 24
36115 0
36116 0
36117 0
36118 0
36119 494
36120 0
36121 0
36122 0
36123 0
36124 12
36125 2
36126 0
36127 0
36128 0
36129 8
36130 0
36131 6
36132 0
36133 0
36134 24
36135 0
36136 0
36137 2
36138 0
36139 112
36140 0
36141 16
36142 0
36143 30
36144 4
36145 80
36146 0
36147 0
36148 0
36149 10
36150 0
36151 0
36152 0
36153 0
36154 4
36155 6
36156 0
36157 0
36158 8
36159 256
36160 0
36161 50
36162 0
36163 0
36164 4
36165 0
36166 0
36167 174
36168 0
36169 8
36170 0
36171 0
36172 0
36173 2
36174 4
36175 128
36176 20
36177 0
36178 0
36179 22
36180 0
36181 0
36182 0
36183 0
36184 4
36185 2
36186 0
36187 0
36188 0
36189 8
36190 0
36191 62
36192 8
36193 0
36194 60
36195 0
36196 0
36197 2
36198 132
36199 32
36200 20
36201 0
36202 0
36203 6
36204 28
36205 0
36206 0
36207 320
36208 0
36209 282
36210 0
36211 0
36212 0
36213 0
36214 4
36215 14
36216 0
36217 0
36218 0
36219 16
36220 0
36221 2
36222 0
36223 0
36224 28
36225 0
36226 8
36227 6
36228 0
36229 8
36230 0
36231 0
36232 0
36233 42
36234 4
36235 0
36236 144
36237 0
36238 20
36239 94
36240 0
36241 0
36242 0
36243 32
36244 4
36245 2
36246 0
36247 0
36248 56
36249 8
36250 0
36251 150
36252 0
36253 0
36254 4
36255 0
36256 0
36257 2
36258 0
36259 16
36260 8
36261 0
36262 0
36263 14
36264 4
36265 0
36266 20
36267 0
36268 0
36269 290
36270 0
36271 0
36272 0
36273 0
36274 4
36275 6
36276 0
36277 16
36278 0
36279 32
36280 252
36281 2
36282 0
36283 0
36284 24
36285 0
36286 0
36287 1662
36288 0
36289 8
36290 0
36291 0
36292 0
36293 2
36294 12
36295 0
36296 0
36297 0
36298 0
36299 102
36300 20
36301 0
36302 0
36303 0
36304 4
36305 2
36306 0
36307 0
36308 0
36309 8
36310 0
36311 78
36312 0
36313 0
36314 4
36315 0
36316 0
36317 2
36318 0
36319 128
36320 0
36321 112
36322 0
36323 6
36324 4
36325 0
36326 0
36327 0
36328 8
36329 10
36330 0
36331 80
36332 20
36333 0
36334 28
36335 30
36336 0
36337 0
36338 0
36339 16
36340 0
36341 2
36342 0
36343 0
36344 4
36345 16
36346 0
36347 6
36348 0
36349 8
36350 24
36351 0
36352 0
36353 2
36354 4
36355 0
36356 0
36357 0
36358 0
36359 46
36360 0
36361 0
36362 28
36363 0
36364 4
36365 42
36366 0
36367 0
36368 0
36369 8
36370 0
36371 6
36372 0
36373 0
36374 4
36375 0
36376 0
36377 114
36378 0
36379 48
36380 0
36381 0
36382 0
36383 62
36384 4
36385 0
36386 0
36387 0
36388 0
36389 10
36390 0
36391 0
36392 0
36393 40
36394 4
36395 6
36396 8
36397 0
36398 20
36399 1216
36400 0
36401 2
36402 0
36403 0
36404 4
36405 0
36406 0
36407 14
36408 0
36409 248
36410 0
36411 0
36412 0
36413 66
36414 4
36415 0
36416 0
36417 0
36418 0
36419 22
36420 0
36421 0
36422 252
36423 0
36424 24
36425 2
36426 0
36427 0
36428 0
36429 8
36430 8
36431 350
36432 0
36433 0
36434 4
36435 0
36436 0
36437 2
36438 0
36439 32
36440 0
36441 0
36442 0
36443 6
36444 4
36445 0
36446 0
36447 256
36448 56
36449 10
36450 0
36451 0
36452 0
36453 0
36454 4
36455 174
36456 0
36457 0
36458 0
36459 16
36460 0
36461 2
36462 0
36463 0
36464 184
36465 0
36466 0
36467 6
36468 0
36469 8
36470 0
36471 0
36472 0
36473 2
36474 4
36475 0
36476 24
36477 0
36478 0
36479 766
36480 0
36481 16
36482 0
36483 0
36484 4
36485 2
36486 40
36487 0
36488 0
36489 48
36490 0
36491 6
36492 0
36493 288
36494 4
36495 0
36496 0
36497 42
36498 8
36499 16
36500 0
36501 0
36502 0
36503 14
36504 4
36505 0
36506 56
36507 0
36508 0
36509 10
36510 0
36511 0
36512 0
36513 0
36514 4
36515 38
36516 0
36517 40
36518 0
36519 32
36520 0
36521 2
36522 0
36523 0
36524 4
36525 0
36526 0
36527 30
36528 0
36529 56
36530 20
36531 0
36532 8
36533 2
36534 4
36535 0
36536 0
36537 0
36538 0
36539 118
36540 0
36541 0
36542 0
36543 0
36544 4
36545 2
36546 0
36547 0
36548 20
36549 24
36550 0
36551 14
36552 0
36553 0
36554 4
36555 0
36556 0
36557 2
36558 0
36559 64
36560 0
36561 0
36562 0
36563 86
36564 4
36565 0
36566 8
36567 0
36568 0
36569 10
36570 0
36571 0
36572 0
36573 0
36574 4
36575 1854
36576 0
36577 0
36578 0
36579 96
36580 0
36581 2
36582 0
36583 64
36584 4
36585 0
36586 0
36587 6
36588 0
36589 8
36590 0
36591 0
36592 0
36593 74
36594 28
36595 0
36596 20
36597 0
36598 0
36599 46
36600 8
36601 0
36602 24
36603 0
36604 4
36605 2
36606 0
36607 0
36608 0
36609 8
36610 20
36611 6
36612 0
36613 0
36614 4
36615 0
36616 0
36617 18
36618 0
36619 16
36620 0
36621 0
36622 0
36623 30
36624 4
36625 0
36626 0
36627 0
36628 0
36629 50
36630 0
36631 0
36632 0
36633 0
36634 12
36635 230
36636 0
36637 0
36638 0
36639 128
36640 0
36641 42
36642 0
36643 0
36644 4
36645 0
36646 0
36647 14
36648 0
36649 8
36650 0
36651 32
36652 0
36653 2
36654 4
36655 0
36656 0
36657 0
36658 0
36659 118
36660 0
36661 0
36662 20
36663 0
36664 4
36665 50
36666 0
36667 0
36668 8
36669 8
36670 0
36671 126
36672 20
36673 0
36674 4
36675 0
36676 0
36677 2
36678 0
36679 32
36680 0
36681 0
36682 0
36683 6
36684 4
36685 16
36686 0
36687 0
36688 0
36689 10
36690 0
36691 0
36692 0
36693 0
36694 24
36695 174
36696 0
36697 0
36698 0
36699 16
36700 0
36701 2
36702 64
36703 640
36704 4
36705 0
36706 0
36707 6
36708 0
36709 8
36710 0
36711 0
36712 0
36713 2
36714 4
36715 0
36716 0
36717 0
36718 0
36719 2270
36720 0
36721 0
36722 0
36723 0
36724 28
36725 2
36726 0
36727 0
36728 44
36729 8
36730 0
36731 6
36732 0
36733 0
36734 24
36735 0
36736 8
36737 2
36738 0
36739 16
36740 0
36741 0
36742 0
36743 14
36744 4
36745 0
36746 0
36747 0
36748 0
36749 10
36750 144
36751 0
36752 0
36753 16
36754 4
36755 6
36756 0
36757 0
36758 0
36759 32
36760 0
36761 42
36762 0
36763 0
36764 96
36765 40
36766 0
36767 62
36768 0
36769 8
36770 8
36771 0
36772 0
36773 2
36774 4
36775 0
36776 0
36777 0
36778 0
36779 22
36780 0
36781 0
36782 0
36783 0
36784 4
36785 2
36786 0
36787 32
36788 0
36789 56
36790 0
36791 2222
36792 0
36793 0
36794 24
36795 0
36796 20
36797 2
36798 0
36799 256
36800 0
36801 0
36802 0
36803 6
36804 12
36805 0
36806 0
36807 0
36808 0
36809 10
36810 0
36811 0
36812 0
36813 0
36814 4
36815 30
36816 0
36817 0
36818 0
36819 16
36820 0
36821 18
36822 0
36823 0
36824 4
36825 0
36826 0
36827 1926
36828 0
36829 120
36830 0
36831 0
36832 0
36833 2
36834 4
36835 0
36836 0
36837 0
36838 8
36839 46
36840 0
36841 0
36842 0
36843 0
36844 4
36845 2114
36846 0
36847 0
36848 0
36849 8
36850 0
36851 6
36852 0
36853 0
36854 2068
36855 64
36856 0
36857 2
36858 20
36859 16
36860 20
36861 0
36862 0
36863 8190
36864 4
36865 0
36866 0
36867 0
36868 0
36869 10
36870 0
36871 0
36872 2072
36873 0
36874 4
36875 6
36876 0
36877 0
36878 0
36879 64
36880 0
36881 2114
36882 0
36883 0
36884 4
36885 0
36886 0
36887 14
36888 0
36889 64
36890 0
36891 0
36892 0
36893 154
36894 4
36895 0
36896 0
36897 0
36898 0
36899 1942
36900 0
36901 0
36902 0
36903 0
36904 4
36905 2
36906 8
36907 0
36908 0
36909 8
36910 0
36911 30
36912 0
36913 0
36914 4
36915 0
36916 0
36917 50
36918 0
36919 224
36920 20
36921 0
36922 0
36923 38
36924 4
36925 0
36926 20
36927 0
36928 0
36929 10
36930 0
36931 0
36932 0
36933 0
36934 4
36935 2030
36936 0
36937 0
36938 0
36939 16
36940 8
36941 2
36942 0
36943 0
36944 4
36945 0
36946 0
36947 6
36948 0
36949 8
36950 0
36951 160
36952 0
36953 2
36954 4
36955 0
36956 56
36957 16
36958 0
36959 830
36960 0
36961 0
36962 0
36963 0
36964 4
36965 2
36966 0
36967 0
36968 0
36969 8
36970 0
36971 6
36972 0
36973 0
36974 140
36975 0
36976 0
36977 2
36978 0
36979 16
36980 24
36981 0
36982 20
36983 14
36984 28
36985 0
36986 0
36987 0
36988 0
36989 10
36990 0
36991 1024
36992 20
36993 0
36994 4
36995 6
36996 0
36997 0
36998 0
36999 32
37000 0
37001 2
37002 0
37003 0
37004 4
37005 0
37006 0
37007 2334
37008 8
37009 8
37010 0
37011 0
37012 0
37013 42
37014 4
37015 0
37016 0
37017 0
37018 0
37019 22
37020 0
37021 0
37022 56
37023 0
37024 4
37025 58
37026 0
37027 0
37028 0
37029 8
37030 0
37031 14
37032 0
37033 0
37034 4
37035 0
37036 0
37037 2
37038 0
37039 64
37040 0
37041 0
37042 8
37043 102
37044 24
37045 0
37046 0
37047 0
37048 0
37049 58
37050 0
37051 0
37052 0
37053 0
37054 4
37055 126
37056 0
37057 0
37058 20
37059 48
37060 0
37061 2
37062 0
37063 0
37064 4
37065 0
37066 0
37067 6
37068 0
37069 8
37070 0
37071 0
37072 0
37073 2
37074 4
37075 80
37076 8
37077 0
37078 0
37079 46
37080 0
37081 0
37082 0
37083 224
37084 4
37085 2
37086 0
37087 0
37088 0
37089 8
37090 0
37091 86
37092 0
37093 16
37094 4
37095 0
37096 0
37097 2
37098 0
37099 16
37100 0
37101 0
37102 0
37103 30
37104 24
37105 0
37106 80
37107 0
37108 0
37109 10
37110 8
37111 0
37112 0
37113 0
37114 28
37115 6
37116 0
37117 0
37118 0
37119 1024
37120 0
37121 2
37122 0
37123 0
37124 24
37125 0
37126 0
37127 78
37128 0
37129 8
37130 0
37131 0
37132 0
37133 2
37134 4
37135 0
37136 0
37137 40
37138 0
37139 22
37140 0
37141 0
37142 0
37143 0
37144 12
37145 2
37146 0
37147 0
37148 0
37149 8
37150 0
37151 1854
37152 0
37153 0
37154 4
37155 0
37156 0
37157 42
37158 0
37159 32
37160 0
37161 16
37162 0
37163 6
37164 4
37165 0
37166 0
37167 0
37168 40
37169 58
37170 0
37171 0
37172 0
37173 0
37174 4
37175 14
37176 0
37177 0
37178 8
37179 112
37180 0
37181 2
37182 0
37183 0
37184 4
37185 0
37186 0
37187 6
37188 0
37189 8
37190 20
37191 0
37192 0
37193 2
37194 4
37195 32
37196 0
37197 0
37198 0
37199 414
37200 0
37201 0
37202 0
37203 0
37204 4
37205 2
37206 0
37207 0
37208 0
37209 8
37210 56
37211 6
37212 8
37213 0
37214 4
37215 0
37216 0
37217 2
37218 0
37219 16
37220 0
37221 0
37222 0
37223 174
37224 4
37225 0
37226 0
37227 0
37228 0
37229 282
37230 20
37231 0
37232 24
37233 0
37234 4
37235 6
37236 0
37237 0
37238 0
37239 32
37240 0
37241 2
37242 0
37243 0
37244 28
37245 0
37246 8
37247 254
37248 0
37249 8
37250 0
37251 0
37252 0
37253 2
37254 4
37255 0
37256 20
37257 0
37258 0
37259 22
37260 0
37261 40
37262 0
37263 128
37264 148
37265 2
37266 0
37267 0
37268 0
37269 8
37270 0
37271 14
37272 0
37273 0
37274 4
37275 0
37276 0
37277 74
37278 0
37279 128
37280 64
37281 0
37282 0
37283 6
37284 4
37285 0
37286 0
37287 0
37288 0
37289 50
37290 0
37291 0
37292 20
37293 0
37294 4
37295 414
37296 0
37297 16
37298 0
37299 16
37300 0
37301 2
37302 252
37303 0
37304 4
37305 0
37306 0
37307 6
37308 0
37309 192
37310 0
37311 0
37312 0
37313 2
37314 12
37315 0
37316 0
37317 0
37318 0
37319 46
37320 0
37321 0
37322 20
37323 80
37324 4
37325 2
37326 0
37327 0
37328 0
37329 8
37330 0
37331 38
37332 0
37333 0
37334 4
37335 0
37336 0
37337 114
37338 0
37339 16
37340 0
37341 0
37342 0
37343 62
37344 4
37345 0
37346 0
37347 0
37348 8
37349 10
37350 0
37351 0
37352 0
37353 0
37354 24
37355 86
37356 0
37357 0
37358 24
37359 64
37360 0
37361 2
37362 0
37363 0
37364 4
37365 16
37366 0
37367 14
37368 0
37369 8
37370 0
37371 0
37372 0
37373 2
37374 28
37375 0
37376 0
37377 0
37378 0
37379 22
37380 0
37381 0
37382 8
37383 0
37384 4
37385 42
37386 0
37387 0
37388 20
37389 8
37390 0
37391 30
37392 0
37393 0
37394 4
37395 0
37396 0
37397 2
37398 0
37399 96
37400 0
37401 0
37402 0
37403 6
37404 4
37405 0
37406 0
37407 0
37408 0
37409 122
37410 0
37411 0
37412 0
37413 0
37414 4
37415 14
37416 28
37417 0
37418 0
37419 16
37420 0
37421 90
37422 0
37423 0
37424 4
37425 0
37426 0
37427 6
37428 0
37429 8
37430 0
37431 0
37432 0
37433 18
37434 4
37435 0
37436 0
37437 0
37438 0
37439 8062
37440 0
37441 0
37442 0
37443 0
37444 4
37445 2
37446 0
37447 3040
37448 2592
37449 8
37450 8
37451 6
37452 0
37453 0
37454 24
37455 0
37456 0
37457 2
37458 0
37459 16
37460 0
37461 0
37462 0
37463 14
37464 60
37465 0
37466 0
37467 32
37468 0
37469 10
37470 0
37471 0
37472 0
37473 0
37474 4
37475 6
37476 0
37477 0
37478 20
37479 32
37480 0
37481 2
37482 0
37483 0
37484 164
37485 0
37486 0
37487 350
37488 0
37489 8
37490 0
37491 0
37492 0
37493 2
37494 4
37495 0
37496 0
37497 0
37498 0
37499 22
37500 0
37501 16
37502 0
37503 0
37504 28
37505 2
37506 0
37507 0
37508 0
37509 88
37510 0
37511 14
37512 0
37513 0
37514 24
37515 0
37516 0
37517 2
37518 8
37519 64
37520 20
37521 288
37522 0
37523 6
37524 4
37525 0
37526 0
37527 0
37528 0
37529 10
37530 0
37531 0
37532 0
37533 0
37534 4
37535 318
37536 0
37537 0
37538 56
37539 16
37540 20
37541 2
37542 0
37543 0
37544 4
37545 0
37546 0
37547 102
37548 0
37549 8
37550 0
37551 0
37552 8
37553 42
37554 4
37555 0
37556 0
37557 0
37558 0
37559 46
37560 0
37561 0
37562 0
37563 0
37564 136
37565 2
37566 0
37567 0
37568 0
37569 72
37570 0
37571 86
37572 0
37573 0
37574 4
37575 0
37576 0
37577 2
37578 0
37579 16
37580 0
37581 0
37582 0
37583 30
37584 4
37585 0
37586 28
37587 0
37588 0
37589 10
37590 0
37591 448
37592 0
37593 0
37594 4
37595 6
37596 0
37597 0
37598 0
37599 128
37600 0
37601 2
37602 20
37603 32
37604 4
37605 0
37606 0
37607 14
37608 0
37609 8
37610 24
37611 0
37612 0
37613 2
37614 4
37615 0
37616 0
37617 0
37618 0
37619 246
37620 8
37621 0
37622 0
37623 0
37624 4
37625 2
37626 0
37627 0
37628 0
37629 8
37630 0
37631 510
37632 0
37633 40
37634 28
37635 0
37636 0
37637 18
37638 0
37639 32
37640 0
37641 0
37642 0
37643 6
37644 4
37645 0
37646 0
37647 0
37648 0
37649 10
37650 0
37651 0
37652 20
37653 0
37654 12
37655 14
37656 0
37657 0
37658 0
37659 16
37660 0
37661 2
37662 0
37663 0
37664 24
37665 0
37666 0
37667 230
37668 0
37669 8
37670 0
37671 64
37672 0
37673 194
37674 4
37675 0
37676 0
37677 0
37678 0
37679 94
37680 0
37681 0
37682 0
37683 0
37684 4
37685 42
37686 0
37687 0
37688 8
37689 8
37690 0
37691 6
37692 0
37693 0
37694 4
37695 1280
37696 0
37697 2
37698 0
37699 112
37700 0
37701 0
37702 0
37703 14
37704 4
37705 16
37706 0
37707 0
37708 0
37709 10
37710 0
37711 0
37712 0
37713 0
37714 4
37715 6
37716 0
37717 0
37718 76
37719 192
37720 0
37721 2
37722 8
37723 0
37724 4
37725 0
37726 20
37727 62
37728 0
37729 8
37730 0
37731 0
37732 0
37733 2
37734 4
37735 0
37736 24
37737 0
37738 0
37739 566
37740 0
37741 0
37742 0
37743 0
37744 4
37745 2
37746 0
37747 0
37748 0
37749 8
37750 0
37751 174
37752 0
37753 0
37754 4
37755 0
37756 8
37757 42
37758 0
37759 512
37760 0
37761 0
37762 0
37763 6
37764 76
37765 0
37766 0
37767 0
37768 0
37769 10
37770 0
37771 0
37772 0
37773 16
37774 4
37775 30
37776 0
37777 0
37778 144
37779 16
37780 0
37781 2
37782 0
37783 0
37784 24
37785 0
37786 0
37787 6
37788 20
37789 8
37790 44
37791 0
37792 0
37793 2
37794 4
37795 0
37796 56
37797 0
37798 0
37799 238
37800 0
37801 0
37802 0
37803 0
37804 4
37805 2
37806 0
37807 128
37808 0
37809 8
37810 0
37811 6
37812 0
37813 504
37814 4
37815 0
37816 0
37817 42
37818 0
37819 96
37820 0
37821 0
37822 0
37823 126
37824 12
37825 0
37826 0
37827 0
37828 0
37829 58
37830 0
37831 0
37832 0
37833 0
37834 4
37835 6
37836 0
37837 0
37838 0
37839 64
37840 0
37841 18
37842 0
37843 0
37844 4
37845 112
37846 0
37847 14
37848 0
37849 8
37850 480
37851 0
37852 0
37853 2
37854 4
37855 0
37856 0
37857 0
37858 8
37859 22
37860 0
37861 0
37862 24
37863 0
37864 4
37865 2
37866 0
37867 0
37868 0
37869 8
37870 0
37871 30
37872 0
37873 0
37874 4
37875 32
37876 0
37877 2
37878 0
37879 32
37880 0
37881 40
37882 0
37883 86
37884 4
37885 0
37886 0
37887 0
37888 0
37889 10
37890 0
37891 0
37892 8
37893 0
37894 28
37895 14
37896 0
37897 0
37898 0
37899 16
37900 0
37901 2
37902 0
37903 0
37904 4
37905 0
37906 0
37907 6
37908 0
37909 24
37910 0
37911 0
37912 20
37913 2
37914 4
37915 0
37916 20
37917 0
37918 0
37919 190
37920 0
37921 0
37922 0
37923 0
37924 484
37925 162
37926 8
37927 0
37928 0
37929 8
37930 0
37931 6
37932 0
37933 0
37934 4
37935 0
37936 0
37937 2
37938 0
37939 16
37940 0
37941 0
37942 0
37943 238
37944 4
37945 0
37946 0
37947 0
37948 0
37949 50
37950 0
37951 0
37952 0
37953 0
37954 4
37955 6
37956 0
37957 0
37958 0
37959 224
37960 8
37961 506
37962 0
37963 0
37964 4
37965 0
37966 0
37967 30
37968 0
37969 8
37970 0
37971 0
37972 56
37973 2
37974 24
37975 0
37976 0
37977 16
37978 0
37979 22
37980 0
37981 0
37982 20
37983 0
37984 4
37985 2
37986 0
37987 0
37988 24
37989 8
37990 0
37991 14
37992 0
37993 0
37994 140
37995 0
37996 0
37997 2
37998 0
37999 64
38000 0
38001 0
38002 0
38003 6
38004 4
38005 40
38006 0
38007 0
38008 0
38009 10
38010 0
38011 32
38012 0
38013 0
38014 4
38015 2814
38016 0
38017 0
38018 0
38019 16
38020 0
38021 2
38022 0
38023 0
38024 124
38025 0
38026 0
38027 6
38028 8
38029 8
38030 0
38031 0
38032 0
38033 2
38034 4
38035 576
38036 20
38037 0
38038 0
38039 46
38040 0
38041 0
38042 0
38043 0
38044 4
38045 18
38046 0
38047 0
38048 20
38049 8
38050 0
38051 102
38052 0
38053 0
38054 60
38055 0
38056 0
38057 2
38058 0
38059 16
38060 0
38061 0
38062 8
38063 30
38064 4
38065 0
38066 0
38067 80
38068 0
38069 10
38070 0
38071 0
38072 0
38073 0
38074 4
38075 6
38076 0
38077 0
38078 0
38079 768
38080 0
38081 42
38082 0
38083 0
38084 4
38085 0
38086 0
38087 14
38088 0
38089 56
38090 0
38091 0
38092 0
38093 2
38094 4
38095 0
38096 8
38097 0
38098 20
38099 246
38100 0
38101 0
38102 0
38103 0
38104 4
38105 2
38106 0
38107 0
38108 0
38109 8
38110 0
38111 62
38112 0
38113 16
38114 48
38115 0
38116 0
38117 2
38118 0
38119 32
38120 0
38121 0
38122 0
38123 6
38124 4
38125 0
38126 0
38127 0
38128 0
38129 570
38130 8
38131 0
38132 36
38133 0
38134 4
38135 14
38136 0
38137 0
38138 0
38139 16
38140 0
38141 2
38142 0
38143 0
38144 4
38145 0
38146 0
38147 118
38148 0
38149 8
38150 0
38151 0
38152 0
38153 2
38154 28
38155 0
38156 0
38157 0
38158 0
38159 94
38160 20
38161 0
38162 0
38163 0
38164 12
38165 2
38166 0
38167 0
38168 0
38169 8
38170 0
38171 6
38172 0
38173 0
38174 4
38175 0
38176 0
38177 50
38178 0
38179 16
38180 20
38181 16
38182 0
38183 462
38184 4
38185 0
38186 0
38187 0
38188 0
38189 10
38190 0
38191 640
38192 0
38193 0
38194 4
38195 6
38196 0
38197 0
38198 8
38199 32
38200 0
38201 2
38202 0
38203 0
38204 4
38205 0
38206 0
38207 126
38208 0
38209 8
38210 0
38211 0
38212 0
38213 42
38214 4
38215 64
38216 0
38217 0
38218 0
38219 886
38220 0
38221 0
38222 20
38223 0
38224 4
38225 2
38226 1008
38227 0
38228 0
38229 8
38230 0
38231 14
38232 8
38233 936
38234 4
38235 0
38236 0
38237 2
38238 0
38239 128
38240 24
38241 0
38242 0
38243 6
38244 4
38245 0
38246 20
38247 1056
38248 0
38249 282
38250 0
38251 0
38252 0
38253 40
38254 4
38255 30
38256 0
38257 0
38258 0
38259 16
38260 0
38261 2
38262 0
38263 0
38264 4
38265 0
38266 8
38267 6
38268 0
38269 8
38270 0
38271 0
38272 0
38273 2
38274 4
38275 0
38276 0
38277 0
38278 0
38279 206
38280 0
38281 0
38282 0
38283 32
38284 48
38285 2
38286 0
38287 0
38288 0
38289 8
38290 0
38291 6
38292 144
38293 0
38294 4
38295 0
38296 0
38297 2
38298 0
38299 16
38300 8
38301 0
38302 0
38303 1982
38304 4
38305 0
38306 0
38307 0
38308 0
38309 10
38310 0
38311 0
38312 76
38313 0
38314 4
38315 86
38316 0
38317 16
38318 0
38319 64
38320 0
38321 2
38322 0
38323 0
38324 256
38325 0
38326 0
38327 14
38328 0
38329 8
38330 0
38331 0
38332 0
38333 2
38334 32
38335 0
38336 0
38337 0
38338 0
38339 22
38340 0
38341 0
38342 0
38343 0
38344 4
38345 42
38346 20
38347 0
38348 0
38349 56
38350 0
38351 158
38352 0
38353 112
38354 4
38355 0
38356 0
38357 2
38358 0
38359 32
38360 0
38361 0
38362 0
38363 6
38364 4
38365 0
38366 24
38367 0
38368 8
38369 10
38370 0
38371 0
38372 0
38373 0
38374 4
38375 14
38376 0
38377 40
38378 20
38379 16
38380 0
38381 2
38382 0
38383 0
38384 4
38385 16
38386 0
38387 6
38388 0
38389 8
38390 0
38391 0
38392 0
38393 2
38394 4
38395 0
38396 0
38397 0
38398 0
38399 3070
38400 0
38401 0
38402 8
38403 0
38404 4
38405 2
38406 0
38407 0
38408 20
38409 8
38410 0
38411 86
38412 0
38413 0
38414 28
38415 0
38416 0
38417 2
38418 0
38419 48
38420 0
38421 0
38422 0
38423 14
38424 4
38425 0
38426 0
38427 0
38428 0
38429 58
38430 0
38431 0
38432 0
38433 0
38434 4
38435 6
38436 8
38437 0
38438 0
38439 192
38440 0
38441 114
38442 0
38443 0
38444 24
38445 0
38446 0
38447 30
38448 0
38449 8
38450 0
38451 0
38452 0
38453 18
38454 4
38455 0
38456 0
38457 0
38458 0
38459 22
38460 0
38461 0
38462 0
38463 0
38464 4
38465 2
38466 0
38467 0
38468 0
38469 8
38470 28
38471 14
38472 0
38473 0
38474 256
38475 0
38476 0
38477 42
38478 0
38479 448
38480 56
38481 0
38482 0
38483 6
38484 4
38485 0
38486 0
38487 64
38488 0
38489 10
38490 0
38491 0
38492 96
38493 0
38494 4
38495 62
38496 0
38497 0
38498 0
38499 16
38500 0
38501 42
38502 0
38503 0
38504 140
38505 0
38506 0
38507 6
38508 0
38509 8
38510 20
38511 0
38512 0
38513 2
38514 4
38515 0
38516 0
38517 0
38518 0
38519 46
38520 0
38521 16
38522 0
38523 0
38524 4
38525 2
38526 0
38527 0
38528 0
38529 8
38530 0
38531 6
38532 40
38533 0
38534 4
38535 0
38536 0
38537 2
38538 8
38539 96
38540 0
38541 0
38542 0
38543 350
38544 28
38545 0
38546 0
38547 0
38548 0
38549 426
38550 0
38551 0
38552 0
38553 0
38554 4
38555 134
38556 0
38557 0
38558 0
38559 128
38560 0
38561 2
38562 0
38563 80
38564 4
38565 0
38566 0
38567 14
38568 0
38569 8
38570 56
38571 0
38572 8
38573 2
38574 4
38575 0
38576 20
38577 0
38578 0
38579 22
38580 0
38581 0
38582 0
38583 0
38584 4
38585 2
38586 0
38587 0
38588 0
38589 24
38590 0
38591 126
38592 0
38593 0
38594 24
38595 0
38596 0
38597 2
38598 0
38599 32
38600 0
38601 0
38602 0
38603 6
38604 4
38605 0
38606 8
38607 896
38608 0
38609 290
38610 0
38611 0
38612 0
38613 0
38614 4
38615 14
38616 0
38617 0
38618 24
38619 16
38620 0
38621 2
38622 0
38623 256
38624 4
38625 40
38626 0
38627 6
38628 0
38629 8
38630 0
38631 0
38632 0
38633 2
38634 4
38635 0
38636 0
38637 0
38638 0
38639 94
38640 8
38641 0
38642 20
38643 0
38644 4
38645 74
38646 0
38647 0
38648 0
38649 8
38650 0
38651 6
38652 0
38653 0
38654 4
38655 0
38656 20
38657 18
38658 0
38659 16
38660 0
38661 0
38662 0
38663 14
38664 4
38665 0
38666 0
38667 0
38668 0
38669 10
38670 0
38671 0
38672 0
38673 0
38674 84
38675 86
38676 0
38677 0
38678 0
38679 32
38680 0
38681 50
38682 0
38683 0
38684 4
38685 0
38686 0
38687 702
38688 0
38689 8
38690 0
38691 32
38692 0
38693 2
38694 4
38695 0
38696 0
38697 0
38698 0
38699 246
38700 0
38701 0
38702 0
38703 0
38704 4
38705 2
38706 0
38707 0
38708 28
38709 8
38710 0
38711 14
38712 0
38713 0
38714 4
38715 0
38716 0
38717 2
38718 20
38719 256
38720 0
38721 0
38722 0
38723 6
38724 4
38725 16
38726 180
38727 0
38728 0
38729 10
38730 0
38731 0
38732 0
38733 0
38734 60
38735 30
38736 0
38737 0
38738 0
38739 112
38740 0
38741 42
38742 8
38743 0
38744 48
38745 0
38746 0
38747 6
38748 0
38749 48
38750 0
38751 0
38752 0
38753 2
38754 4
38755 0
38756 0
38757 0
38758 0
38759 1134
38760 0
38761 0
38762 0
38763 0
38764 4
38765 2
38766 0
38767 0
38768 0
38769 8
38770 0
38771 6
38772 0
38773 0
38774 24
38775 0
38776 8
38777 2
38778 0
38779 16
38780 20
38781 0
38782 0
38783 254
38784 4
38785 0
38786 0
38787 0
38788 0
38789 10
38790 0
38791 0
38792 0
38793 16
38794 4
38795 6
38796 0
38797 0
38798 0
38799 64
38800 0
38801 2
38802 0
38803 0
38804 28
38805 0
38806 144
38807 366
38808 0
38809 8
38810 8
38811 80
38812 0
38813 2
38814 4
38815 0
38816 36
38817 0
38818 0
38819 22
38820 0
38821 0
38822 0
38823 0
38824 4
38825 2
38826 0
38827 32
38828 56
38829 8
38830 0
38831 30
38832 0
38833 0
38834 4
38835 1872
38836 0
38837 2
38838 0
38839 32
38840 20
38841 0
38842 20
38843 6
38844 12
38845 0
38846 0
38847 0
38848 0
38849 10
38850 0
38851 0
38852 0
38853 0
38854 4
38855 14
38856 0
38857 0
38858 0
38859 16
38860 0
38861 130
38862 0
38863 0
38864 4
38865 0
38866 0
38867 6
38868 0
38869 56
38870 24
38871 0
38872 0
38873 962
38874 4
38875 0
38876 0
38877 0
38878 8
38879 190
38880 0
38881 0
38882 0
38883 0
38884 4
38885 2
38886 0
38887 0
38888 0
38889 8
38890 0
38891 6
38892 1056
38893 0
38894 4
38895 128
38896 0
38897 2
38898 0
38899 16
38900 0
38901 0
38902 0
38903 14
38904 24
38905 0
38906 20
38907 0
38908 0
38909 10
38910 0
38911 0
38912 8
38913 0
38914 4
38915 6
38916 0
38917 0
38918 0
38919 32
38920 0
38921 2
38922 0
38923 0
38924 4
38925 0
38926 0
38927 30
38928 0
38929 24
38930 1056
38931 0
38932 0
38933 50
38934 28
38935 160
38936 0
38937 0
38938 0
38939 102
38940 0
38941 0
38942 0
38943 0
38944 4
38945 2
38946 8
38947 0
38948 0
38949 968
38950 0
38951 14
38952 0
38953 0
38954 4
38955 0
38956 0
38957 114
38958 0
38959 64
38960 0
38961 0
38962 0
38963 38
38964 4
38965 0
38966 20
38967 0
38968 0
38969 10
38970 0
38971 0
38972 20
38973 0
38974 4
38975 126
38976 0
38977 0
38978 0
38979 16
38980 8
38981 2
38982 0
38983 0
38984 4
38985 0
38986 0
38987 1014
38988 56
38989 8
38990 0
38991 0
38992 0
38993 2
38994 4
38995 0
38996 24
38997 56
38998 0
38999 238
39000 0
39001 0
39002 0
39003 0
39004 4
39005 42
39006 0
39007 0
39008 0
39009 8
39010 0
39011 6
39012 0
39013 0
39014 140
39015 0
39016 0
39017 2
39018 0
39019 16
39020 0
39021 0
39022 0
39023 30
39024 4
39025 0
39026 0
39027 0
39028 20
39029 10
39030 0
39031 64
39032 0
39033 0
39034 4
39035 6
39036 0
39037 0
39038 20
39039 512
39040 0
39041 2
39042 0
39043 0
39044 4
39045 0
39046 0
39047 14
39048 8
39049 8
39050 0
39051 0
39052 0
39053 2
39054 4
39055 0
39056 0
39057 0
39058 0
39059 198
39060 0
39061 0
39062 0
39063 1152
39064 28
39065 18
39066 0
39067 0
39068 0
39069 8
39070 0
39071 702
39072 0
39073 0
39074 4
39075 0
39076 0
39077 2
39078 0
39079 32
39080 0
39081 0
39082 8
39083 6
39084 4
39085 0
39086 56
39087 0
39088 0
39089 10
39090 20
39091 0
39092 0
39093 0
39094 4
39095 14
39096 0
39097 0
39098 0
39099 48
39100 0
39101 2
39102 0
39103 0
39104 24
39105 0
39106 0
39107 6
39108 0
39109 8
39110 0
39111 0
39112 0
39113 2
39114 4
39115 224
39116 8
39117 0
39118 0
39119 94
39120 0
39121 40
39122 24
39123 0
39124 4
39125 2
39126 0
39127 0
39128 0
39129 152
39130 0
39131 6
39132 0
39133 16
39134 4
39135 0
39136 0
39137 42
39138 0
39139 16
39140 0
39141 0
39142 0
39143 14
39144 4
39145 0
39146 0
39147 0
39148 0
39149 10
39150 8
39151 0
39152 20
39153 0
39154 24
39155 6
39156 0
39157 0
39158 36
39159 32
39160 0
39161 2
39162 0
39163 0
39164 4
39165 0
39166 0
39167 2558
39168 0
39169 8
39170 20
39171 0
39172 0
39173 2
39174 4
39175 0
39176 0
39177 0
39178 0
39179 22
39180 0
39181 0
39182 0
39183 320
39184 12
39185 50
39186 0
39187 0
39188 0
39189 8
39190 0
39191 14
39192 0
39193 0
39194 124
39195 0
39196 0
39197 2
39198 0
39199 128
39200 0
39201 16
39202 0
39203 86
39204 4
39205 0
39206 0
39207 0
39208 0
39209 10
39210 0
39211 0
39212 0
39213 0
39214 44
39215 926
39216 0
39217 0
39218 8
39219 16
39220 0
39221 2
39222 0
39223 0
39224 4
39225 0
39226 0
39227 6
39228 0
39229 8
39230 0
39231 0
39232 0
39233 2
39234 4
39235 32
39236 20
39237 0
39238 0
39239 46
39240 0
39241 0
39242 56
39243 0
39244 4
39245 42
39246 0
39247 0
39248 24
39249 8
39250 0
39251 6
39252 8
39253 0
39254 4
39255 0
39256 0
39257 2
39258 0
39259 112
39260 0
39261 0
39262 0
39263 62
39264 4
39265 0
39266 0
39267 0
39268 0
39269 322
39270 0
39271 0
39272 0
39273 0
39274 4
39275 6
39276 20
39277 0
39278 0
39279 64
39280 0
39281 2
39282 0
39283 0
39284 4
39285 0
39286 8
39287 14
39288 0
39289 8
39290 0
39291 0
39292 0
39293 2
39294 4
39295 0
39296 0
39297 0
39298 0
39299 22
39300 0
39301 0
39302 20
39303 64
39304 4
39305 2
39306 0
39307 80
39308 0
39309 8
39310 0
39311 1566
39312 0
39313 0
39314 4
39315 0
39316 0
39317 2
39318 0
39319 32
39320 1304
39321 0
39322 0
39323 1350
39324 28
39325 0
39326 0
39327 0
39328 0
39329 82
39330 0
39331 0
39332 0
39333 0
39334 4
39335 174
39336 0
39337 16
39338 20
39339 16
39340 0
39341 2
39342 0
39343 0
39344 60
39345 0
39346 252
39347 6
39348 0
39349 8
39350 0
39351 0
39352 0
39353 2
39354 12
39355 0
39356 0
39357 0
39358 0
39359 1662
39360 0
39361 0
39362 0
39363 0
39364 4
39365 2
39366 0
39367 0
39368 20
39369 160
39370 0
39371 38
39372 0
39373 0
39374 28
39375 0
39376 0
39377 2
39378 0
39379 16
39380 0
39381 0
39382 0
39383 14
39384 4
39385 0
39386 0
39387 0
39388 8
39389 58
39390 0
39391 0
39392 0
39393 0
39394 4
39395 6
39396 0
39397 0
39398 0
39399 32
39400 20
39401 42
39402 0
39403 0
39404 4
39405 16
39406 0
39407 30
39408 0
39409 8
39410 0
39411 0
39412 0
39413 2
39414 4
39415 0
39416 0
39417 0
39418 0
39419 22
39420 0
39421 0
39422 8
39423 0
39424 4
39425 2
39426 0
39427 0
39428 0
39429 8
39430 0
39431 174
39432 0
39433 0
39434 24
39435 0
39436 0
39437 50
39438 0
39439 192
39440 0
39441 0
39442 0
39443 6
39444 4
39445 0
39446 0
39447 0
39448 0
39449 10
39450 0
39451 0
39452 0
39453 0
39454 28
39455 62
39456 8
39457 0
39458 0
39459 16
39460 0
39461 2
39462 20
39463 0
39464 4
39465 0
39466 0
39467 86
39468 0
39469 8
39470 0
39471 0
39472 0
39473 130
39474 4
39475 0
39476 0
39477 0
39478 0
39479 46
39480 0
39481 0
39482 0
39483 0
39484 4
39485 2
39486 0
39487 0
39488 0
39489 8
39490 8
39491 6
39492 0
39493 40
39494 4
39495 0
39496 56
39497 2
39498 0
39499 16
39500 296
39501 0
39502 0
39503 30
39504 4
39505 0
39506 0
39507 32
39508 0
39509 10
39510 0
39511 0
39512 0
39513 0
39514 4
39515 6
39516 0
39517 0
39518 0
39519 896
39520 0
39521 2
39522 0
39523 0
39524 160
39525 0
39526 0
39527 14
39528 0
39529 8
39530 0
39531 0
39532 0
39533 42
39534 4
39535 0
39536 0
39537 0
39538 0
39539 22
39540 0
39541 16
39542 0
39543 0
39544 4
39545 2
39546 0
39547 0
39548 0
39549 8
39550 0
39551 254
39552 0
39553 0
39554 4
39555 160
39556 0
39557 2
39558 8
39559 32
39560 0
39561 0
39562 0
39563 102
39564 24
39565 0
39566 20
39567 0
39568 0
39569 10
39570 0
39571 0
39572 0
39573 0
39574 4
39575 78
39576 0
39577 288
39578 0
39579 16
39580 0
39581 2
39582 0
39583 0
39584 220
39585 0
39586 20
39587 6
39588 0
39589 8
39590 0
39591 0
39592 8
39593 2
39594 4
39595 0
39596 0
39597 0
39598 0
39599 414
39600 0
39601 0
39602 56
39603 0
39604 4
39605 2
39606 0
39607 0
39608 0
39609 24
39610 0
39611 6
39612 0
39613 264
39614 4
39615 0
39616 0
39617 42
39618 0
39619 16
39620 0
39621 0
39622 0
39623 462
39624 4
39625 0
39626 32
39627 0
39628 0
39629 10
39630 0
39631 0
39632 20
39633 0
39634 4
39635 6
39636 0
39637 0
39638 0
39639 32
39640 0
39641 2
39642 0
39643 32
39644 4
39645 0
39646 0
39647 62
39648 20
39649 56
39650 0
39651 0
39652 0
39653 2
39654 4
39655 0
39656 0
39657 0
39658 0
39659 22
39660 8
39661 0
39662 0
39663 0
39664 4
39665 42
39666 0
39667 0
39668 0
39669 8
39670 0
39671 302
39672 0
39673 0
39674 4
39675 0
39676 0
39677 18
39678 0
39679 6144
39680 0
39681 0
39682 0
39683 6
39684 4
39685 0
39686 0
39687 0
39688 0
39689 58
39690 0
39691 0
39692 0
39693 0
39694 12
39695 30
39696 0
39697 0
39698 20
39699 16
39700 0
39701 2
39702 0
39703 0
39704 4
39705 0
39706 0
39707 6
39708 0
39709 8
39710 20
39711 256
39712 0
39713 2
39714 28
39715 0
39716 0
39717 0
39718 0
39719 46
39720 0
39721 0
39722 0
39723 0
39724 4
39725 2
39726 0
39727 0
39728 8
39729 8
39730 0
39731 310
39732 0
39733 0
39734 4
39735 0
39736 0
39737 2
39738 0
39739 16
39740 0
39741 40
39742 0
39743 126
39744 4
39745 16
39746 0
39747 0
39748 0
39749 10
39750 56
39751 0
39752 24
39753 0
39754 4
39755 6
39756 0
39757 0
39758 0
39759 64
39760 0
39761 2
39762 8
39763 0
39764 24
39765 0
39766 0
39767 14
39768 0
39769 48
39770 0
39771 0
39772 20
39773 2
39774 4
39775 0
39776 0
39777 0
39778 0
39779 1046
39780 0
39781 0
39782 0
39783 0
39784 4
39785 2
39786 0
39787 0
39788 0
39789 8
39790 0
39791 30
39792 0
39793 0
39794 4
39795 0
39796 8
39797 42
39798 0
39799 32
39800 0
39801 0
39802 0
39803 86
39804 4
39805 0
39806 0
39807 0
39808 0
39809 10
39810 0
39811 0
39812 0
39813 16
39814 4
39815 206
39816 0
39817 0
39818 0
39819 16
39820 0
39821 2
39822 0
39823 0
39824 4
39825 0
39826 0
39827 6
39828 0
39829 8
39830 28
39831 0
39832 0
39833 2
39834 168
39835 0
39836 0
39837 0
39838 0
39839 190
39840 0
39841 0
39842 36
39843 0
39844 28
39845 2
39846 0
39847 64
39848 0
39849 8
39850 0
39851 6
39852 0
39853 0
39854 4
39855 0
39856 0
39857 506
39858 0
39859 16
39860 56
39861 0
39862 0
39863 174
39864 12
39865 40
39866 0
39867 0
39868 0
39869 10
39870 0
39871 0
39872 0
39873 0
39874 4
39875 6
39876 0
39877 112
39878 24
39879 32
39880 0
39881 18
39882 0
39883 0
39884 4
39885 0
39886 0
39887 30
39888 0
39889 8
39890 0
39891 0
39892 0
39893 2
39894 4
39895 0
39896 480
39897 0
39898 8
39899 22
39900 0
39901 0
39902 0
39903 0
39904 4
39905 2
39906 0
39907 0
39908 0
39909 56
39910 0
39911 14
39912 0
39913 0
39914 4
39915 32
39916 0
39917 2
39918 0
39919 64
39920 0
39921 0
39922 0
39923 6
39924 4
39925 0
39926 0
39927 160
39928 0
39929 50
39930 0
39931 0
39932 8
39933 0
39934 4
39935 2046
39936 0
39937 0
39938 0
39939 16
39940 0
39941 50
39942 0
39943 0
39944 4
39945 0
39946 0
39947 6
39948 0
39949 24
39950 0
39951 0
39952 0
39953 2
39954 4
39955 0
39956 0
39957 0
39958 20
39959 46
39960 0
39961 0
39962 20
39963 0
39964 4
39965 2
39966 8
39967 0
39968 0
39969 8
39970 0
39971 6
39972 0
39973 0
39974 508
39975 0
39976 0
39977 2
39978 0
39979 16
39980 0
39981 0
39982 0
39983 158
39984 4
39985 0
39986 0
39987 0
39988 0
39989 162
39990 0
39991 0
39992 0
39993 0
39994 4
39995 86
39996 0
39997 0
39998 0
39999 256
40000 8
40001 2
40002 0
40003 0
40004 84
40005 0
40006 0
40007 14
40008 0
40009 8
40010 0
40011 0
40012 0
40013 506
40014 4
40015 0
40016 0
40017 16
40018 0
40019 22
40020 20
40021 0
40022 0
40023 0
40024 4
40025 2
40026 0
40027 0
40028 20
40029 8
40030 0
40031 62
40032 0
40033 0
40034 140
40035 0
40036 0
40037 2
40038 0
40039 608
40040 0
40041 0
40042 0
40043 6
40044 4
40045 0
40046 0
40047 0
40048 0
40049 10
40050 120
40051 112
40052 0
40053 0
40054 4
40055 14
40056 0
40057 0
40058 0
40059 16
40060 0
40061 42
40062 0
40063 0
40064 4
40065 0
40066 0
40067 102
40068 8
40069 8
40070 0
40071 0
40072 0
40073 2
40074 4
40075 0
40076 0
40077 0
40078 0
40079 94
40080 0
40081 0
40082 20
40083 0
40084 4
40085 18
40086 0
40087 0
40088 0
40089 8
40090 0
40091 582
40092 0
40093 0
40094 24
40095 0
40096 0
40097 2
40098 0
40099 16
40100 0
40101 0
40102 8
40103 14
40104 28
40105 0
40106 0
40107 0
40108 0
40109 10
40110 0
40111 0
40112 0
40113 40
40114 4
40115 6
40116 0
40117 0
40118 56
40119 96
40120 0
40121 2
40122 0
40123 0
40124 4
40125 0
40126 0
40127 1406
40128 0
40129 8
40130 96
40131 224
40132 0
40133 2
40134 4
40135 0
40136 8
40137 0
40138 0
40139 22
40140 0
40141 0
40142 0
40143 0
40144 24
40145 2
40146 0
40147 0
40148 0
40149 8
40150 0
40151 14
40152 0
40153 16
40154 4
40155 0
40156 0
40157 2
40158 0
40159 128
40160 20
40161 0
40162 0
40163 6
40164 4
40165 0
40166 0
40167 0
40168 0
40169 58
40170 8
40171 0
40172 0
40173 0
40174 4
40175 350
40176 0
40177 0
40178 0
40179 96
40180 0
40181 2
40182 0
40183 0
40184 40
40185 0
40186 0
40187 38
40188 0
40189 8
40190 0
40191 0
40192 0
40193 90
40194 4
40195 0
40196 0
40197 0
40198 0
40199 46
40200 0
40201 0
40202 0
40203 0
40204 12
40205 2
40206 20
40207 0
40208 0
40209 8
40210 0
40211 6
40212 0
40213 0
40214 4
40215 0
40216 0
40217 2
40218 0
40219 16
40220 0
40221 16
40222 0
40223 62
40224 4
40225 0
40226 20
40227 0
40228 0
40229 10
40230 0
40231 0
40232 0
40233 0
40234 28
40235 6
40236 0
40237 80
40238 8
40239 64
40240 0
40241 2
40242 0
40243 0
40244 4
40245 0
40246 0
40247 462
40248 0
40249 8
40250 0
40251 0
40252 0
40253 2
40254 4
40255 512
40256 24
40257 0
40258 56
40259 102
40260 0
40261 0
40262 0
40263 0
40264 4
40265 2
40266 0
40267 0
40268 20
40269 8
40270 0
40271 30
40272 8
40273 0
40274 4
40275 0
40276 0
40277 2
40278 0
40279 32
40280 0
40281 0
40282 0
40283 6
40284 4
40285 0
40286 0
40287 0
40288 0
40289 282
40290 0
40291 0
40292 20
40293 0
40294 4
40295 14
40296 132
40297 0
40298 0
40299 192
40300 0
40301 2
40302 0
40303 0
40304 4
40305 0
40306 8
40307 6
40308 0
40309 8
40310 0
40311 0
40312 0
40313 2
40314 4
40315 0
40316 0
40317 0
40318 0
40319 3838
40320 0
40321 0
40322 0
40323 32
40324 4
40325 42
40326 0
40327 0
40328 0
40329 1592
40330 20
40331 6
40332 0
40333 0
40334 4
40335 0
40336 0
40337 2
40338 0
40339 16
40340 8
40341 0
40342 0
40343 14
40344 4
40345 0
40346 0
40347 0
40348 144
40349 10
40350 0
40351 0
40352 0
40353 0
40354 4
40355 150
40356 0
40357 16
40358 20
40359 32
40360 0
40361 42
40362 0
40363 0
40364 124
40365 0
40366 0
40367 30
40368 252
40369 8
40370 0
40371 0
40372 0
40373 2
40374 12
40375 0
40376 56
40377 0
40378 0
40379 22
40380 0
40381 0
40382 24
40383 0
40384 24
40385 114
40386 0
40387 0
40388 0
40389 8
40390 0
40391 238
40392 20
40393 0
40394 4
40395 0
40396 0
40397 2
40398 0
40399 64
40400 0
40401 0
40402 0
40403 6
40404 4
40405 0
40406 0
40407 0
40408 8
40409 10
40410 0
40411 0
40412 0
40413 0
40414 4
40415 62
40416 0
40417 0
40418 0
40419 16
40420 0
40421 2
40422 0
40423 160
40424 24
40425 16
40426 0
40427 6
40428 0
40429 56
40430 0
40431 0
40432 0
40433 2
40434 4
40435 0
40436 0
40437 0
40438 0
40439 46
40440 0
40441 0
40442 8
40443 0
40444 4
40445 50
40446 0
40447 0
40448 0
40449 8
40450 0
40451 6
40452 0
40453 0
40454 24
40455 0
40456 0
40457 42
40458 0
40459 48
40460 0
40461 0
40462 0
40463 30
40464 4
40465 0
40466 0
40467 0
40468 0
40469 10
40470 0
40471 0
40472 0
40473 0
40474 4
40475 6
40476 8
40477 0
40478 0
40479 128
40480 0
40481 2
40482 0
40483 0
40484 4
40485 40
40486 0
40487 14
40488 0
40489 8
40490 20
40491 0
40492 0
40493 18
40494 76
40495 0
40496 0
40497 0
40498 0
40499 22
40500 0
40501 0
40502 0
40503 0
40504 4
40505 114
40506 0
40507 0
40508 24
40509 8
40510 8
40511 126
40512 56
40513 0
40514 4
40515 0
40516 20
40517 2
40518 0
40519 32
40520 0
40521 0
40522 0
40523 86
40524 4
40525 0
40526 252
40527 128
40528 0
40529 10
40530 0
40531 0
40532 0
40533 0
40534 4
40535 14
40536 0
40537 0
40538 0
40539 16
40540 0
40541 2
40542 0
40543 0
40544 140
40545 0
40546 0
40547 86
40548 0
40549 8
40550 0
40551 0
40552 0
40553 2
40554 4
40555 0
40556 20
40557 0
40558 0
40559 478
40560 0
40561 16
40562 0
40563 0
40564 4
40565 2
40566 0
40567 0
40568 0
40569 8
40570 0
40571 102
40572 0
40573 0
40574 4
40575 0
40576 0
40577 2
40578 48
40579 16
40580 0
40581 0
40582 0
40583 14
40584 4
40585 0
40586 0
40587 0
40588 0
40589 90
40590 0
40591 0
40592 0
40593 0
40594 4
40595 38
40596 0
40597 0
40598 0
40599 32
40600 0
40601 2
40602 0
40603 0
40604 4
40605 288
40606 0
40607 62
40608 0
40609 48
40610 0
40611 0
40612 8
40613 2
40614 4
40615 0
40616 0
40617 0
40618 0
40619 22
40620 0
40621 0
40622 20
40623 0
40624 28
40625 2
40626 0
40627 0
40628 0
40629 24
40630 0
40631 14
40632 0
40633 0
40634 84
40635 0
40636 0
40637 2
40638 0
40639 3840
40640 20
40641 0
40642 0
40643 6
40644 4
40645 0
40646 8
40647 0
40648 0
40649 10
40650 0
40651 0
40652 0
40653 0
40654 4
40655 350
40656 0
40657 0
40658 0
40659 16
40660 0
40661 2
40662 0
40663 64
40664 4
40665 0
40666 0
40667 6
40668 0
40669 8
40670 0
40671 640
40672 0
40673 2
40674 4
40675 0
40676 0
40677 0
40678 0
40679 46
40680 8
40681 0
40682 0
40683 0
40684 4
40685 2
40686 0
40687 0
40688 20
40689 56
40690 0
40691 6
40692 0
40693 0
40694 4
40695 0
40696 0
40697 138
40698 0
40699 16
40700 0
40701 0
40702 20
40703 510
40704 4
40705 0
40706 0
40707 0
40708 0
40709 10
40710 0
40711 0
40712 0
40713 0
40714 12
40715 6
40716 0
40717 0
40718 0
40719 64
40720 0
40721 42
40722 0
40723 0
40724 4
40725 0
40726 0
40727 14
40728 0
40729 8
40730 0
40731 32
40732 0
40733 42
40734 4
40735 0
40736 0
40737 0
40738 0
40739 22
40740 0
40741 0
40742 0
40743 0
40744 4
40745 2
40746 0
40747 0
40748 8
40749 8
40750 0
40751 30
40752 0
40753 0
40754 48
40755 0
40756 0
40757 2
40758 0
40759 32
40760 24
40761 0
40762 0
40763 230
40764 24
40765 16
40766 56
40767 0
40768 0
40769 10
40770 0
40771 0
40772 0
40773 0
40774 4
40775 14
40776 0
40777 0
40778 0
40779 16
40780 0
40781 2
40782 8
40783 0
40784 4
40785 0
40786 0
40787 86
40788 0
40789 8
40790 0
40791 0
40792 0
40793 2
40794 24
40795 80
40796 0
40797 0
40798 0
40799 4542
40800 0
40801 0
40802 0
40803 0
40804 4
40805 2
40806 0
40807 0
40808 0
40809 8
40810 0
40811 6
40812 0
40813 0
40814 4
40815 0
40816 8
40817 2
40818 0
40819 112
40820 20
40821 0
40822 0
40823 206
40824 4
40825 0
40826 20
40827 0
40828 0
40829 10
40830 0
40831 0
40832 0
40833 16
40834 4
40835 6
40836 0
40837 0
40838 0
40839 32
40840 0
40841 2
40842 0
40843 0
40844 4
40845 0
40846 0
40847 30
40848 0
40849 8
40850 8
40851 0
40852 0
40853 42
40854 4
40855 0
40856 0
40857 40
40858 0
40859 22
40860 0
40861 0
40862 144
40863 0
40864 4
40865 2
40866 0
40867 32
40868 36
40869 8
40870 0
40871 14
40872 0
40873 0
40874 4
40875 0
40876 0
40877 2
40878 0
40879 4096
40880 0
40881 0
40882 0
40883 6
40884 36
40885 0
40886 44
40887 0
40888 20
40889 10
40890 0
40891 0
40892 56
40893 112
40894 4
40895 126
40896 0
40897 0
40898 0
40899 16
40900 0
40901 18
40902 0
40903 0
40904 4
40905 0
40906 0
40907 6
40908 0
40909 8
40910 0
40911 0
40912 0
40913 2
40914 4
40915 0
40916 0
40917 0
40918 8
40919 3886
40920 0
40921 0
40922 0
40923 0
40924 4
40925 2
40926 0
40927 0
40928 0
40929 8
40930 0
40931 6
40932 0
40933 0
40934 4
40935 64
40936 0
40937 2
40938 0
40939 4240
40940 0
40941 0
40942 0
40943 30
40944 4
40945 0
40946 0
40947 0
40948 0
40949 4138
40950 20
40951 0
40952 28
40953 0
40954 4008
40955 6
40956 0
40957 0
40958 0
40959 32768
40960 0
40961 2
40962 0
40963 0
40964 4008
40965 0
40966 0
40967 14
40968 0
40969 4152
40970 0
40971 0
40972 0
40973 2
40974 4
40975 0
40976 0
40977 0
40978 0
40979 4246
40980 0
40981 40
40982 0
40983 0
40984 4
40985 42
40986 8
40987 0
40988 0
40989 8
40990 0
40991 62
40992 0
40993 0
40994 4
40995 0
40996 0
40997 2
40998 0
40999 3872
41000 0
41001 0
41002 0
41003 38
41004 4
41005 0
41006 0
41007 0
41008 0
41009 10
41010 0
41011 0
41012 44
41013 0
41014 28
41015 14
41016 0
41017 0
41018 20
41019 16
41020 64
41021 114
41022 0
41023 0
41024 4
41025 0
41026 0
41027 6
41028 0
41029 8
41030 0
41031 0
41032 0
41033 2
41034 4
41035 0
41036 0
41037 16
41038 0
41039 4126
41040 0
41041 0
41042 0
41043 80
41044 4
41045 2
41046 0
41047 0
41048 0
41049 8
41050 0
41051 86
41052 0
41053 0
41054 140
41055 0
41056 0
41057 2
41058 0
41059 16
41060 0
41061 0
41062 0
41063 14
41064 4
41065 0
41066 0
41067 0
41068 0
41069 10
41070 0
41071 128
41072 0
41073 0
41074 24
41075 102
41076 0
41077 0
41078 0
41079 224
41080 0
41081 2
41082 0
41083 0
41084 24
41085 0
41086 0
41087 254
41088 8
41089 8
41090 0
41091 0
41092 0
41093 2
41094 4
41095 0
41096 0
41097 0
41098 0
41099 22
41100 0
41101 0
41102 0
41103 0
41104 4
41105 58
41106 0
41107 0
41108 0
41109 8
41110 0
41111 14
41112 0
41113 0
41114 4
41115 0
41116 0
41117 42
41118 0
41119 4736
41120 0
41121 0
41122 8
41123 6
41124 4
41125 0
41126 0
41127 0
41128 0
41129 10
41130 0
41131 0
41132 0
41133 0
41134 4
41135 30
41136 20
41137 0
41138 24
41139 48
41140 0
41141 2
41142 0
41143 0
41144 28
41145 0
41146 0
41147 230
41148 0
41149 8
41150 76
41151 0
41152 0
41153 2
41154 4
41155 0
41156 8
41157 0
41158 0
41159 46
41160 0
41161 0
41162 0
41163 0
41164 4
41165 2
41166 0
41167 320
41168 0
41169 8
41170 0
41171 6
41172 0
41173 16
41174 4
41175 0
41176 0
41177 2
41178 0
41179 16
41180 0
41181 0
41182 0
41183 702
41184 4
41185 0
41186 0
41187 0
41188 0
41189 10
41190 8
41191 0
41192 0
41193 0
41194 4
41195 6
41196 0
41197 0
41198 20
41199 64
41200 0
41201 50
41202 0
41203 0
41204 24
41205 0
41206 0
41207 78
41208 0
41209 56
41210 36
41211 0
41212 0
41213 2
41214 4
41215 0
41216 20
41217 0
41218 0
41219 22
41220 0
41221 0
41222 0
41223 0
41224 12
41225 2
41226 0
41227 0
41228 0
41229 48
41230 0
41231 30
41232 0
41233 0
41234 4
41235 0
41236 0
41237 2
41238 0
41239 32
41240 0
41241 16
41242 0
41243 6
41244 4
41245 0
41246 0
41247 0
41248 0
41249 50
41250 0
41251 0
41252 0
41253 0
41254 4
41255 14
41256 0
41257 0
41258 8
41259 16
41260 40
41261 2
41262 0
41263 0
41264 28
41265 0
41266 0
41267 6
41268 0
41269 8
41270 0
41271 0
41272 0
41273 2
41274 84
41275 32
41276 0
41277 0
41278 0
41279 3966
41280 0
41281 0
41282 20
41283 0
41284 4
41285 2
41286 0
41287 0
41288 0
41289 8
41290 0
41291 86
41292 8
41293 0
41294 4
41295 0
41296 0
41297 2
41298 0
41299 16
41300 0
41301 0
41302 0
41303 14
41304 4
41305 0
41306 0
41307 0
41308 0
41309 282
41310 0
41311 0
41312 0
41313 0
41314 4
41315 86
41316 0
41317 0
41318 0
41319 32
41320 0
41321 2
41322 20
41323 0
41324 4
41325 0
41326 8
41327 414
41328 0
41329 8
41330 0
41331 0
41332 0
41333 2
41334 4
41335 0
41336 0
41337 0
41338 0
41339 118
41340 0
41341 0
41342 0
41343 1024
41344 4
41345 2
41346 0
41347 0
41348 20
41349 8
41350 0
41351 14
41352 0
41353 40
41354 4
41355 0
41356 0
41357 2
41358 0
41359 64
41360 8
41361 0
41362 0
41363 6
41364 4
41365 0
41366 0
41367 0
41368 0
41369 10
41370 0
41371 0
41372 0
41373 0
41374 4
41375 62
41376 144
41377 16
41378 0
41379 16
41380 0
41381 114
41382 0
41383 0
41384 24
41385 0
41386 0
41387 6
41388 0
41389 8
41390 420
41391 0
41392 0
41393 2
41394 12
41395 0
41396 0
41397 0
41398 0
41399 46
41400 0
41401 112
41402 0
41403 0
41404 76
41405 2
41406 0
41407 0
41408 56
41409 48
41410 0
41411 38
41412 0
41413 0
41414 24
41415 160
41416 0
41417 2
41418 0
41419 16
41420 0
41421 0
41422 0
41423 30
41424 4
41425 0
41426 0
41427 0
41428 8
41429 10
41430 0
41431 0
41432 0
41433 0
41434 4
41435 6
41436 0
41437 0
41438 0
41439 128
41440 0
41441 2
41442 0
41443 0
41444 4
41445 16
41446 20
41447 174
41448 0
41449 8
41450 0
41451 0
41452 0
41453 50
41454 4
41455 0
41456 0
41457 0
41458 0
41459 22
41460 0
41461 0
41462 8
41463 0
41464 4
41465 2
41466 0
41467 0
41468 0
41469 56
41470 0
41471 1022
41472 0
41473 0
41474 4
41475 0
41476 0
41477 42
41478 0
41479 96
41480 20
41481 0
41482 0
41483 6
41484 4
41485 0
41486 0
41487 0
41488 0
41489 10
41490 0
41491 0
41492 0
41493 0
41494 4
41495 14
41496 8
41497 0
41498 0
41499 16
41500 0
41501 2
41502 0
41503 0
41504 4
41505 0
41506 0
41507 6
41508 20
41509 8
41510 0
41511 0
41512 0
41513 58
41514 4
41515 0
41516 24
41517 0
41518 0
41519 94
41520 0
41521 0
41522 0
41523 0
41524 4
41525 2
41526 0
41527 0
41528 56
41529 8
41530 8
41531 6
41532 0
41533 0
41534 124
41535 0
41536 0
41537 114
41538 0
41539 96
41540 0
41541 0
41542 0
41543 14
41544 4
41545 0
41546 20
41547 32
41548 0
41549 10
41550 0
41551 0
41552 252
41553 0
41554 4
41555 6
41556 0
41557 0
41558 0
41559 32
41560 0
41561 2
41562 0
41563 0
41564 140
41565 0
41566 0
41567 62
41568 0
41569 8
41570 20
41571 0
41572 0
41573 2
41574 4
41575 0
41576 0
41577 0
41578 0
41579 198
41580 0
41581 16
41582 0
41583 0
41584 4
41585 2
41586 0
41587 0
41588 0
41589 8
41590 0
41591 14
41592 0
41593 0
41594 4
41595 0
41596 0
41597 2
41598 8
41599 3584
41600 0
41601 80
41602 0
41603 6
41604 108
41605 0
41606 0
41607 0
41608 0
41609 10
41610 0
41611 0
41612 20
41613 0
41614 24
41615 158
41616 0
41617 0
41618 0
41619 16
41620 0
41621 2
41622 0
41623 0
41624 4
41625 0
41626 0
41627 6
41628 0
41629 8
41630 0
41631 0
41632 28
41633 290
41634 4
41635 0
41636 0
41637 0
41638 0
41639 46
41640 0
41641 0
41642 24
41643 0
41644 4
41645 42
41646 0
41647 0
41648 0
41649 24
41650 0
41651 6
41652 0
41653 0
41654 4
41655 448
41656 0
41657 2
41658 0
41659 16
41660 0
41661 0
41662 132
41663 1406
41664 28
41665 0
41666 64
41667 0
41668 0
41669 10
41670 0
41671 0
41672 0
41673 0
41674 4
41675 6
41676 0
41677 0
41678 20
41679 64
41680 0
41681 2
41682 0
41683 32
41684 4
41685 0
41686 0
41687 14
41688 0
41689 8
41690 0
41691 0
41692 0
41693 2
41694 24
41695 0
41696 0
41697 0
41698 0
41699 22
41700 8
41701 0
41702 0
41703 0
41704 4
41705 410
41706 0
41707 0
41708 0
41709 8
41710 0
41711 350
41712 0
41713 0
41714 4
41715 0
41716 0
41717 18
41718 0
41719 32
41720 0
41721 0
41722 0
41723 150
41724 4
41725 40
41726 0
41727 0
41728 0
41729 58
41730 0
41731 0
41732 0
41733 0
41734 12
41735 14
41736 0
41737 0
41738 0
41739 16
41740 0
41741 2
41742 0
41743 0
41744 24
41745 0
41746 0
41747 6
41748 0
41749 8
41750 0
41751 64
41752 0
41753 2
41754 4
41755 0
41756 20
41757 0
41758 0
41759 190
41760 0
41761 0
41762 0
41763 0
41764 4
41765 2
41766 0
41767 0
41768 104
41769 8
41770 0
41771 6
41772 0
41773 0
41774 4
41775 0
41776 0
41777 42
41778 0
41779 16
41780 0
41781 0
41782 56
41783 14
41784 4
41785 16
41786 0
41787 80
41788 0
41789 10
41790 0
41791 0
41792 0
41793 0
41794 28
41795 230
41796 0
41797 0
41798 0
41799 32
41800 0
41801 2
41802 8
41803 0
41804 4
41805 0
41806 0
41807 30
41808 0
41809 8
41810 20
41811 0
41812 0
41813 2
41814 4
41815 0
41816 0
41817 0
41818 20
41819 646
41820 0
41821 0
41822 0
41823 0
41824 4
41825 2
41826 0
41827 0
41828 0
41829 8
41830 0
41831 206
41832 0
41833 0
41834 4
41835 0
41836 8
41837 2
41838 0
41839 64
41840 0
41841 0
41842 0
41843 86
41844 4
41845 0
41846 0
41847 0
41848 0
41849 50
41850 0
41851 0
41852 0
41853 16
41854 4
41855 254
41856 0
41857 0
41858 0
41859 304
41860 0
41861 2
41862 0
41863 0
41864 4
41865 0
41866 0
41867 6
41868 0
41869 8
41870 8
41871 0
41872 0
41873 2
41874 4
41875 0
41876 20
41877 0
41878 0
41879 46
41880 20
41881 0
41882 0
41883 0
41884 4
41885 2
41886 0
41887 256
41888 0
41889 8
41890 144
41891 6
41892 0
41893 0
41894 64
41895 0
41896 0
41897 2
41898 0
41899 16
41900 0
41901 504
41902 0
41903 30
41904 12
41905 0
41906 0
41907 0
41908 0
41909 162
41910 0
41911 160
41912 0
41913 0
41914 4
41915 6
41916 0
41917 0
41918 0
41919 256
41920 0
41921 18
41922 0
41923 0
41924 84
41925 0
41926 0
41927 14
41928 0
41929 8
41930 0
41931 0
41932 0
41933 2
41934 4
41935 0
41936 0
41937 0
41938 8
41939 22
41940 0
41941 0
41942 1360
41943 0
41944 4
41945 2
41946 0
41947 0
41948 0
41949 8
41950 0
41951 62
41952 0
41953 0
41954 4
41955 32
41956 0
41957 50
41958 0
41959 32
41960 0
41961 0
41962 0
41963 6
41964 4
41965 0
41966 0
41967 0
41968 0
41969 10
41970 0
41971 0
41972 8
41973 40
41974 4
41975 174
41976 0
41977 0
41978 0
41979 16
41980 0
41981 2
41982 0
41983 0
41984 4
41985 0
41986 0
41987 6
41988 0
41989 72
41990 0
41991 0
41992 0
41993 2
41994 4
41995 0
41996 0
41997 0
41998 0
41999 94
42000 0
42001 0
42002 0
42003 0
42004 24
42005 2
42006 8
42007 0
42008 20
42009 8
42010 0
42011 6
42012 0
42013 0
42014 4
42015 0
42016 0
42017 2
42018 0
42019 16
42020 24
42021 0
42022 0
42023 78
42024 484
42025 0
42026 0
42027 0
42028 0
42029 10
42030 0
42031 0
42032 0
42033 0
42034 4
42035 86
42036 56
42037 0
42038 0
42039 32
42040 8
42041 42
42042 0
42043 0
42044 4
42045 0
42046 0
42047 126
42048 0
42049 8
42050 0
42051 0
42052 0
42053 114
42054 28
42055 0
42056 0
42057 16
42058 0
42059 22
42060 0
42061 0
42062 0
42063 0
42064 4
42065 506
42066 20
42067 0
42068 0
42069 8
42070 0
42071 14
42072 0
42073 0
42074 160
42075 0
42076 0
42077 2
42078 0
42079 128
42080 0
42081 0
42082 0
42083 102
42084 4
42085 0
42086 0
42087 0
42088 0
42089 10
42090 0
42091 32
42092 0
42093 0
42094 4
42095 30
42096 0
42097 40
42098 0
42099 16
42100 0
42101 2
42102 0
42103 0
42104 4
42105 0
42106 0
42107 86
42108 8
42109 8
42110 0
42111 0
42112 0
42113 2
42114 4
42115 0
42116 0
42117 0
42118 0
42119 1006
42120 0
42121 0
42122 0
42123 0
42124 4
42125 18
42126 0
42127 0
42128 380
42129 8
42130 0
42131 6
42132 0
42133 0
42134 4
42135 0
42136 0
42137 2
42138 0
42139 16
42140 20
42141 0
42142 8
42143 62
42144 4
42145 0
42146 24
42147 576
42148 0
42149 10
42150 0
42151 0
42152 0
42153 0
42154 4
42155 6
42156 0
42157 0
42158 0
42159 512
42160 0
42161 2
42162 0
42163 224
42164 4
42165 0
42166 0
42167 14
42168 0
42169 8
42170 0
42171 0
42172 0
42173 42
42174 52
42175 0
42176 8
42177 0
42178 0
42179 22
42180 0
42181 0
42182 56
42183 0
42184 28
42185 2
42186 0
42187 0
42188 0
42189 8
42190 20
42191 30
42192 0
42193 16
42194 4
42195 0
42196 0
42197 2
42198 0
42199 32
42200 0
42201 0
42202 0
42203 6
42204 4
42205 0
42206 20
42207 0
42208 0
42209 58
42210 8
42211 0
42212 0
42213 0
42214 4
42215 14
42216 0
42217 0
42218 0
42219 16
42220 0
42221 42
42222 0
42223 0
42224 4
42225 0
42226 0
42227 38
42228 0
42229 48
42230 0
42231 0
42232 0
42233 2
42234 4
42235 0
42236 36
42237 0
42238 0
42239 6654
42240 0
42241 0
42242 0
42243 0
42244 12
42245 2
42246 0
42247 0
42248 0
42249 56
42250 0
42251 6
42252 20
42253 0
42254 4
42255 0
42256 0
42257 2
42258 0
42259 16
42260 0
42261 16
42262 0
42263 14
42264 4
42265 0
42266 0
42267 0
42268 0
42269 10
42270 0
42271 0
42272 44
42273 0
42274 4
42275 6
42276 0
42277 0
42278 8
42279 32
42280 0
42281 2
42282 0
42283 160
42284 4
42285 0
42286 0
42287 30
42288 0
42289 8
42290 56
42291 0
42292 0
42293 2
42294 4
42295 64
42296 0
42297 0
42298 0
42299 22
42300 0
42301 0
42302 0
42303 0
42304 4
42305 42
42306 0
42307 0
42308 0
42309 8
42310 0
42311 462
42312 8
42313 0
42314 240
42315 0
42316 0
42317 2
42318 0
42319 64
42320 0
42321 0
42322 0
42323 6
42324 4
42325 0
42326 0
42327 0
42328 0
42329 282
42330 0
42331 0
42332 0
42333 0
42334 4
42335 830
42336 0
42337 0
42338 20
42339 16
42340 0
42341 2
42342 0
42343 0
42344 4
42345 304
42346 8
42347 6
42348 0
42349 8
42350 0
42351 0
42352 0
42353 2
42354 4
42355 0
42356 0
42357 0
42358 0
42359 46
42360 0
42361 0
42362 0
42363 32
42364 4
42365 2
42366 0
42367 0
42368 0
42369 8
42370 0
42371 86
42372 0
42373 0
42374 4
42375 0
42376 20
42377 2
42378 0
42379 112
42380 8
42381 0
42382 0
42383 30
42384 4
42385 0
42386 0
42387 0
42388 0
42389 10
42390 0
42391 0
42392 0
42393 0
42394 4
42395 6
42396 0
42397 16
42398 24
42399 128
42400 0
42401 2
42402 0
42403 0
42404 232
42405 0
42406 0
42407 462
42408 0
42409 8
42410 0
42411 0
42412 252
42413 2
42414 12
42415 0
42416 0
42417 112
42418 0
42419 22
42420 0
42421 0
42422 0
42423 0
42424 4
42425 2
42426 0
42427 0
42428 0
42429 8
42430 0
42431 638
42432 0
42433 0
42434 24
42435 0
42436 0
42437 42
42438 20
42439 32
42440 56
42441 0
42442 0
42443 6
42444 28
42445 0
42446 0
42447 0
42448 8
42449 10
42450 0
42451 0
42452 0
42453 0
42454 4
42455 14
42456 0
42457 0
42458 0
42459 16
42460 0
42461 50
42462 0
42463 0
42464 4
42465 16
42466 0
42467 6
42468 0
42469 48
42470 20
42471 0
42472 0
42473 2
42474 4
42475 0
42476 0
42477 0
42478 0
42479 94
42480 0
42481 0
42482 8
42483 0
42484 4
42485 2
42486 0
42487 0
42488 0
42489 8
42490 0
42491 6
42492 0
42493 0
42494 4
42495 0
42496 0
42497 2
42498 0
42499 48
42500 20
42501 0
42502 0
42503 174
42504 4
42505 0
42506 0
42507 0
42508 0
42509 418
42510 0
42511 0
42512 0
42513 0
42514 4
42515 6
42516 8
42517 0
42518 0
42519 32
42520 0
42521 2
42522 0
42523 0
42524 28
42525 0
42526 0
42527 62
42528 0
42529 8
42530 0
42531 80
42532 0
42533 18
42534 4
42535 0
42536 20
42537 0
42538 0
42539 22
42540 0
42541 0
42542 0
42543 0
42544 60
42545 2
42546 0
42547 0
42548 0
42549 8
42550 8
42551 14
42552 0
42553 0
42554 4
42555 0
42556 0
42557 2
42558 0
42559 256
42560 0
42561 0
42562 20
42563 6
42564 4
42565 0
42566 0
42567 64
42568 0
42569 162
42570 0
42571 0
42572 0
42573 0
42574 28
42575 30
42576 0
42577 0
42578 252
42579 16
42580 0
42581 2
42582 0
42583 0
42584 140
42585 0
42586 0
42587 390
42588 0
42589 8
42590 0
42591 0
42592 0
42593 42
42594 4
42595 0
42596 0
42597 0
42598 0
42599 46
42600 336
42601 16
42602 20
42603 0
42604 4
42605 2
42606 0
42607 0
42608 0
42609 8
42610 0
42611 6
42612 0
42613 0
42614 4
42615 0
42616 0
42617 2
42618 8
42619 16
42620 0
42621 0
42622 0
42623 254
42624 44
42625 0
42626 0
42627 0
42628 0
42629 10
42630 0
42631 0
42632 0
42633 0
42634 4
42635 118
42636 0
42637 0
42638 0
42639 768
42640 0
42641 2
42642 0
42643 0
42644 4
42645 0
42646 0
42647 14
42648 0
42649 8
42650 24
42651 0
42652 8
42653 2
42654 4
42655 640
42656 0
42657 0
42658 0
42659 22
42660 0
42661 288
42662 0
42663 0
42664 4
42665 2
42666 0
42667 0
42668 20
42669 24
42670 0
42671 926
42672 0
42673 0
42674 4
42675 0
42676 0
42677 2
42678 0
42679 32
42680 0
42681 0
42682 0
42683 6
42684 4
42685 0
42686 28
42687 0
42688 0
42689 10
42690 0
42691 0
42692 0
42693 0
42694 4
42695 14
42696 0
42697 0
42698 56
42699 16
42700 0
42701 42
42702 0
42703 128
42704 124
42705 0
42706 0
42707 6
42708 0
42709 8
42710 0
42711 0
42712 0
42713 50
42714 4
42715 0
42716 0
42717 40
42718 0
42719 190
42720 8
42721 0
42722 0
42723 0
42724 4
42725 2
42726 0
42727 0
42728 0
42729 8
42730 0
42731 6
42732 0
42733 0
42734 24
42735 0
42736 0
42737 18
42738 0
42739 16
42740 0
42741 0
42742 0
42743 14
42744 4
42745 0
42746 0
42747 0
42748 20
42749 82
42750 0
42751 0
42752 0
42753 0
42754 12
42755 6
42756 0
42757 0
42758 0
42759 32
42760 0
42761 2
42762 0
42763 0
42764 4
42765 0
42766 0
42767 350
42768 0
42769 152
42770 0
42771 32
42772 0
42773 2
42774 4
42775 0
42776 24
42777 0
42778 0
42779 102
42780 0
42781 0
42782 0
42783 0
42784 4
42785 2
42786 0
42787 0
42788 8
42789 8
42790 0
42791 14
42792 0
42793 0
42794 4
42795 0
42796 0
42797 2
42798 560
42799 64
42800 20
42801 0
42802 0
42803 6
42804 4
42805 16
42806 0
42807 0
42808 0
42809 10
42810 20
42811 0
42812 0
42813 0
42814 4
42815 126
42816 0
42817 0
42818 0
42819 16
42820 0
42821 2
42822 8
42823 0
42824 4
42825 0
42826 0
42827 230
42828 0
42829 8
42830 0
42831 0
42832 0
42833 42
42834 28
42835 0
42836 0
42837 0
42838 0
42839 1326
42840 0
42841 40
42842 0
42843 0
42844 24
42845 2
42846 0
42847 0
42848 0
42849 8
42850 0
42851 6
42852 0
42853 0
42854 4
42855 0
42856 8
42857 2
42858 0
42859 16
42860 0
42861 0
42862 0
42863 30
42864 4
42865 0
42866 20
42867 0
42868 0
42869 10
42870 0
42871 0
42872 20
42873 16
42874 4
42875 6
42876 0
42877 0
42878 0
42879 512
42880 0
42881 2
42882 0
42883 0
42884 4
42885 0
42886 0
42887 14
42888 0
42889 8
42890 8
42891 0
42892 0
42893 2
42894 4
42895 0
42896 0
42897 0
42898 0
42899 198
42900 0
42901 0
42902 24
42903 160
42904 4
42905 2
42906 0
42907 32
42908 0
42909 8
42910 0
42911 62
42912 0
42913 0
42914 4
42915 0
42916 0
42917 2
42918 144
42919 32
42920 36
42921 0
42922 0
42923 1014
42924 12
42925 112
42926 0
42927 0
42928 0
42929 10
42930 0
42931 0
42932 20
42933 0
42934 24
42935 14
42936 0
42937 0
42938 0
42939 16
42940 0
42941 18
42942 0
42943 0
42944 4
42945 0
42946 0
42947 6
42948 0
42949 8
42950 0
42951 0
42952 0
42953 2
42954 4
42955 0
42956 56
42957 0
42958 8
42959 94
42960 0
42961 0
42962 0
42963 0
42964 28
42965 1010
42966 0
42967 0
42968 0
42969 8
42970 0
42971 6
42972 0
42973 0
42974 4
42975 256
42976 0
42977 2
42978 0
42979 16
42980 0
42981 0
42982 0
42983 14
42984 4
42985 0
42986 1056
42987 0
42988 0
42989 10
42990 0
42991 0
42992 8
42993 0
42994 4
42995 6
42996 20
42997 0
42998 20
42999 32
43000 0
43001 2
43002 0
43003 0
43004 4
43005 0
43006 0
43007 4094
43008 0
43009 24
43010 0
43011 0
43012 0
43013 2
43014 4
43015 0
43016 0
43017 0
43018 0
43019 22
43020 0
43021 0
43022 0
43023 0
43024 4
43025 2
43026 8
43027 80
43028 1080
43029 56
43030 0
43031 174
43032 0
43033 0
43034 4
43035 0
43036 0
43037 2
43038 0
43039 128
43040 0
43041 0
43042 0
43043 38
43044 4
43045 0
43046 0
43047 0
43048 0
43049 970
43050 0
43051 0
43052 56
43053 0
43054 4
43055 30
43056 0
43057 0
43058 20
43059 16
43060 8
43061 2
43062 0
43063 0
43064 24
43065 0
43066 0
43067 6
43068 0
43069 8
43070 0
43071 0
43072 0
43073 2
43074 4
43075 0
43076 0
43077 16
43078 0
43079 46
43080 0
43081 0
43082 0
43083 0
43084 4
43085 114
43086 0
43087 0
43088 0
43089 48
43090 0
43091 1110
43092 0
43093 0
43094 164
43095 0
43096 0
43097 42
43098 0
43099 16
43100 0
43101 0
43102 0
43103 62
43104 4
43105 0
43106 0
43107 0
43108 0
43109 10
43110 0
43111 64
43112 0
43113 0
43114 4
43115 6
43116 0
43117 0
43118 0
43119 64
43120 20
43121 2
43122 0
43123 0
43124 4
43125 0
43126 0
43127 14
43128 8
43129 8
43130 20
43131 0
43132 0
43133 2
43134 4
43135 0
43136 0
43137 0
43138 0
43139 22
43140 0
43141 0
43142 0
43143 0
43144 4
43145 18
43146 0
43147 0
43148 0
43149 8
43150 0
43151 350
43152 0
43153 0
43154 28
43155 0
43156 0
43157 2
43158 0
43159 224
43160 0
43161 0
43162 8
43163 86
43164 4
43165 0
43166 0
43167 0
43168 0
43169 10
43170 0
43171 0
43172 0
43173 0
43174 4
43175 1166
43176 0
43177 0
43178 0
43179 272
43180 0
43181 2
43182 20
43183 0
43184 4
43185 0
43186 0
43187 6
43188 0
43189 8
43190 0
43191 0
43192 0
43193 2
43194 4
43195 0
43196 28
43197 0
43198 0
43199 382
43200 0
43201 0
43202 0
43203 0
43204 4
43205 2
43206 0
43207 0
43208 0
43209 8
43210 0
43211 6
43212 0
43213 56
43214 60
43215 0
43216 0
43217 50
43218 0
43219 16
43220 0
43221 0
43222 0
43223 14
43224 76
43225 0
43226 0
43227 0
43228 0
43229 50
43230 8
43231 0
43232 0
43233 0
43234 4
43235 6
43236 0
43237 0
43238 0
43239 32
43240 0
43241 2
43242 0
43243 0
43244 24
43245 0
43246 0
43247 158
43248 0
43249 8
43250 0
43251 0
43252 0
43253 2
43254 24
43255 0
43256 0
43257 0
43258 0
43259 22
43260 0
43261 0
43262 56
43263 0
43264 12
43265 2
43266 0
43267 0
43268 0
43269 8
43270 0
43271 14
43272 0
43273 0
43274 4
43275 80
43276 0
43277 2
43278 0
43279 64
43280 24
43281 16
43282 0
43283 6
43284 4
43285 0
43286 0
43287 0
43288 0
43289 250
43290 0
43291 0
43292 0
43293 0
43294 4
43295 702
43296 0
43297 0
43298 8
43299 16
43300 0
43301 2
43302 0
43303 0
43304 4
43305 0
43306 96
43307 6
43308 0
43309 8
43310 0
43311 0
43312 0
43313 2
43314 4
43315 32
43316 0
43317 0
43318 0
43319 46
43320 0
43321 0
43322 0
43323 0
43324 4
43325 2
43326 0
43327 0
43328 20
43329 8
43330 0
43331 6
43332 8
43333 0
43334 4
43335 0
43336 0
43337 42
43338 0
43339 16
43340 0
43341 0
43342 0
43343 1310
43344 4
43345 0
43346 0
43347 0
43348 0
43349 282
43350 0
43351 0
43352 0
43353 0
43354 28
43355 6
43356 0
43357 0
43358 0
43359 128
43360 0
43361 42
43362 0
43363 0
43364 4
43365 0
43366 8
43367 14
43368 20
43369 8
43370 0
43371 0
43372 0
43373 2
43374 4
43375 0
43376 0
43377 0
43378 0
43379 22
43380 0
43381 0
43382 0
43383 64
43384 4
43385 2
43386 0
43387 0
43388 0
43389 8
43390 0
43391 254
43392 0
43393 0
43394 24
43395 0
43396 0
43397 2
43398 0
43399 192
43400 8
43401 0
43402 0
43403 6
43404 4
43405 0
43406 96
43407 0
43408 0
43409 10
43410 0
43411 0
43412 0
43413 0
43414 4
43415 14
43416 0
43417 16
43418 0
43419 112
43420 0
43421 2
43422 0
43423 0
43424 4
43425 0
43426 0
43427 86
43428 0
43429 8
43430 20
43431 0
43432 144
43433 186
43434 264
43435 0
43436 0
43437 0
43438 0
43439 94
43440 0
43441 0
43442 0
43443 0
43444 4
43445 2
43446 0
43447 0
43448 0
43449 8
43450 0
43451 38
43452 0
43453 0
43454 4
43455 0
43456 0
43457 2
43458 0
43459 96
43460 20
43461 40
43462 0
43463 14
43464 4
43465 0
43466 0
43467 0
43468 8
43469 58
43470 0
43471 0
43472 56
43473 0
43474 4
43475 6
43476 0
43477 0
43478 0
43479 32
43480 0
43481 2
43482 0
43483 0
43484 28
43485 16
43486 0
43487 62
43488 0
43489 8
43490 0
43491 0
43492 20
43493 42
43494 4
43495 0
43496 0
43497 0
43498 0
43499 22
43500 0
43501 0
43502 8
43503 0
43504 4
43505 2
43506 0
43507 0
43508 0
43509 8
43510 0
43511 14
43512 0
43513 0
43514 4
43515 0
43516 0
43517 2
43518 0
43519 6144
43520 0
43521 0
43522 0
43523 86
43524 4
43525 0
43526 20
43527 0
43528 0
43529 10
43530 0
43531 0
43532 24
43533 0
43534 4
43535 30
43536 8
43537 0
43538 0
43539 16
43540 0
43541 2
43542 0
43543 0
43544 4
43545 0
43546 0
43547 6
43548 0
43549 56
43550 0
43551 0
43552 0
43553 18
43554 24
43555 0
43556 0
43557 0
43558 0
43559 206
43560 56
43561 0
43562 0
43563 0
43564 4
43565 2
43566 0
43567 0
43568 0
43569 8
43570 8
43571 6
43572 0
43573 0
43574 4
43575 0
43576 0
43577 2
43578 0
43579 16
43580 0
43581 0
43582 0
43583 126
43584 4
43585 40
43586 0
43587 32
43588 0
43589 10
43590 0
43591 0
43592 20
43593 0
43594 4
43595 102
43596 0
43597 0
43598 0
43599 64
43600 0
43601 114
43602 0
43603 0
43604 392
43605 0
43606 0
43607 14
43608 0
43609 8
43610 0
43611 0
43612 0
43613 2
43614 28
43615 0
43616 20
43617 0
43618 0
43619 22
43620 0
43621 16
43622 0
43623 0
43624 4
43625 42
43626 0
43627 0
43628 0
43629 8
43630 0
43631 30
43632 0
43633 0
43634 4
43635 0
43636 0
43637 2
43638 8
43639 32
43640 0
43641 0
43642 0
43643 6
43644 4
43645 0
43646 0
43647 5120
43648 0
43649 10
43650 0
43651 0
43652 0
43653 0
43654 4
43655 78
43656 0
43657 0
43658 44
43659 16
43660 0
43661 2
43662 0
43663 0
43664 24
43665 0
43666 0
43667 6
43668 0
43669 8
43670 0
43671 0
43672 8
43673 2
43674 4
43675 0
43676 0
43677 0
43678 20
43679 7102
43680 0
43681 0
43682 0
43683 0
43684 4
43685 2
43686 0
43687 8064
43688 0
43689 7160
43690 6936
43691 7046
43692 0
43693 0
43694 4
43695 7488
43696 0
43697 2
43698 0
43699 16
43700 0
43701 0
43702 0
43703 14
43704 4
43705 0
43706 8
43707 0
43708 0
43709 50
43710 0
43711 8448
43712 0
43713 0
43714 4
43715 6
43716 0
43717 0
43718 0
43719 32
43720 0
43721 50
43722 0
43723 32
43724 24
43725 0
43726 0
43727 30
43728 0
43729 8
43730 56
43731 0
43732 0
43733 2
43734 4
43735 0
43736 0
43737 0
43738 0
43739 22
43740 28
43741 0
43742 0
43743 0
43744 28
43745 2
43746 0
43747 0
43748 0
43749 8
43750 0
43751 14
43752 0
43753 0
43754 4
43755 0
43756 0
43757 58
43758 0
43759 64
43760 0
43761 0
43762 0
43763 6
43764 4
43765 0
43766 0
43767 0
43768 0
43769 10
43770 0
43771 80
43772 0
43773 0
43774 12
43775 9726
43776 0
43777 0
43778 0
43779 16
43780 0
43781 2
43782 0
43783 0
43784 28
43785 0
43786 0
43787 6
43788 0
43789 8
43790 20
43791 128
43792 0
43793 2
43794 4
43795 0
43796 0
43797 0
43798 0
43799 46
43800 0
43801 0
43802 20
43803 0
43804 4
43805 2
43806 0
43807 0
43808 8
43809 56
43810 0
43811 6
43812 0
43813 0
43814 60
43815 0
43816 0
43817 2
43818 0
43819 16
43820 0
43821 0
43822 0
43823 350
43824 4
43825 16
43826 0
43827 0
43828 0
43829 10
43830 0
43831 0
43832 0
43833 40
43834 4
43835 6
43836 0
43837 0
43838 0
43839 256
43840 0
43841 2
43842 8
43843 0
43844 4
43845 0
43846 0
43847 206
43848 0
43849 8
43850 0
43851 0
43852 0
43853 2
43854 4
43855 0
43856 20
43857 0
43858 0
43859 790
43860 0
43861 0
43862 0
43863 0
43864 24
43865 2
43866 0
43867 0
43868 0
43869 48
43870 0
43871 62
43872 0
43873 0
43874 124
43875 0
43876 8
43877 2
43878 0
43879 32
43880 0
43881 0
43882 0
43883 6
43884 4
43885 0
43886 0
43887 0
43888 0
43889 50
43890 0
43891 0
43892 0
43893 16
43894 4
43895 174
43896 0
43897 0
43898 0
43899 16
43900 0
43901 2
43902 0
43903 0
43904 4
43905 0
43906 0
43907 6
43908 0
43909 8
43910 32
43911 0
43912 0
43913 2
43914 4
43915 0
43916 0
43917 0
43918 0
43919 94
43920 0
43921 0
43922 20
43923 0
43924 4
43925 2
43926 20
43927 64
43928 0
43929 8
43930 0
43931 6
43932 0
43933 0
43934 4
43935 0
43936 0
43937 2
43938 0
43939 112
43940 0
43941 112
43942 0
43943 14
43944 12
43945 504
43946 180
43947 0
43948 0
43949 10
43950 0
43951 0
43952 0
43953 0
43954 4
43955 86
43956 0
43957 40
43958 0
43959 32
43960 0
43961 18
43962 0
43963 0
43964 4
43965 0
43966 0
43967 126
43968 0
43969 8
43970 0
43971 0
43972 0
43973 50
43974 4
43975 0
43976 0
43977 0
43978 8
43979 22
43980 0
43981 0
43982 0
43983 0
43984 4
43985 2
43986 0
43987 0
43988 536
43989 8
43990 0
43991 14
43992 0
43993 0
43994 4
43995 32
43996 0
43997 2
43998 0
43999 128
44000 0
44001 0
44002 0
44003 6
44004 28
44005 0
44006 0
44007 0
44008 0
44009 10
44010 0
44011 0
44012 8
44013 0
44014 4
44015 30
44016 0
44017 0
44018 0
44019 96
44020 0
44021 42
44022 0
44023 0
44024 4
44025 0
44026 0
44027 6
44028 0
44029 24
44030 0
44031 0
44032 0
44033 2
44034 4
44035 0
44036 24
44037 0
44038 0
44039 46
44040 0
44041 0
44042 0
44043 0
44044 4
44045 2
44046 8
44047 0
44048 0
44049 8
44050 20
44051 6
44052 0
44053 0
44054 24
44055 0
44056 0
44057 2
44058 0
44059 16
44060 0
44061 0
44062 0
44063 318
44064 4
44065 0
44066 0
44067 0
44068 56
44069 58
44070 0
44071 0
44072 0
44073 0
44074 484
44075 6
44076 0
44077 0
44078 0
44079 64
44080 8
44081 42
44082 0
44083 0
44084 4
44085 0
44086 0
44087 174
44088 0
44089 8
44090 0
44091 0
44092 0
44093 2
44094 4
44095 0
44096 0
44097 16
44098 0
44099 118
44100 0
44101 0
44102 0
44103 0
44104 4
44105 2
44106 0
44107 0
44108 0
44109 8
44110 0
44111 30
44112 20
44113 0
44114 140
44115 0
44116 0
44117 618
44118 0
44119 32
44120 20
44121 0
44122 0
44123 6
44124 4
44125 0
44126 0
44127 0
44128 0
44129 10
44130 0
44131 32
44132 0
44133 0
44134 76
44135 14
44136 0
44137 0
44138 0
44139 16
44140 0
44141 2
44142 0
44143 320
44144 4
44145 0
44146 0
44147 6
44148 8
44149 8
44150 0
44151 0
44152 0
44153 42
44154 4
44155 0
44156 0
44157 0
44158 0
44159 766
44160 0
44161 0
44162 24
44163 0
44164 4
44165 18
44166 0
44167 0
44168 0
44169 8
44170 0
44171 6
44172 0
44173 0
44174 24
44175 0
44176 0
44177 2
44178 0
44179 16
44180 0
44181 0
44182 8
44183 14
44184 4
44185 0
44186 20
44187 0
44188 0
44189 10
44190 0
44191 0
44192 0
44193 0
44194 4
44195 230
44196 0
44197 0
44198 0
44199 288
44200 0
44201 2
44202 0
44203 576
44204 4
44205 40
44206 0
44207 30
44208 0
44209 8
44210 0
44211 0
44212 0
44213 2
44214 4
44215 0
44216 8
44217 0
44218 0
44219 102
44220 0
44221 0
44222 0
44223 0
44224 4
44225 194
44226 0
44227 0
44228 0
44229 8
44230 0
44231 14
44232 0
44233 16
44234 4
44235 0
44236 20
44237 2
44238 0
44239 64
44240 0
44241 0
44242 0
44243 6
44244 4
44245 0
44246 56
44247 0
44248 0
44249 10
44250 8
44251 0
44252 20
44253 0
44254 4
44255 62
44256 0
44257 0
44258 0
44259 16
44260 0
44261 2
44262 0
44263 0
44264 28
44265 0
44266 0
44267 118
44268 0
44269 8
44270 0
44271 0
44272 0
44273 2
44274 4
44275 0
44276 0
44277 0
44278 0
44279 206
44280 0
44281 0
44282 0
44283 0
44284 12
44285 42
44286 0
44287 0
44288 60
44289 8
44290 0
44291 6
44292 0
44293 0
44294 4
44295 0
44296 0
44297 2
44298 20
44299 16
44300 0
44301 16
44302 0
44303 30
44304 4
44305 0
44306 0
44307 0
44308 0
44309 10
44310 0
44311 0
44312 0
44313 0
44314 4
44315 6
44316 0
44317 0
44318 28
44319 128
44320 0
44321 2
44322 56
44323 0
44324 4
44325 0
44326 0
44327 14
44328 0
44329 136
44330 0
44331 0
44332 0
44333 2
44334 4
44335 128
44336 0
44337 0
44338 0
44339 22
44340 0
44341 0
44342 0
44343 0
44344 4
44345 2
44346 0
44347 0
44348 0
44349 8
44350 0
44351 2942
44352 8
44353 0
44354 4
44355 0
44356 0
44357 2
44358 0
44359 32
44360 20
44361 0
44362 0
44363 6
44364 4
44365 0
44366 0
44367 0
44368 0
44369 282
44370 0
44371 0
44372 0
44373 0
44374 4
44375 462
44376 0
44377 0
44378 0
44379 16
44380 0
44381 2
44382 0
44383 0
44384 24
44385 0
44386 8
44387 6
44388 0
44389 8
44390 0
44391 160
44392 0
44393 2
44394 160
44395 0
44396 0
44397 0
44398 0
44399 94
44400 0
44401 0
44402 0
44403 32
44404 4
44405 2
44406 0
44407 0
44408 0
44409 8
44410 0
44411 6
44412 0
44413 0
44414 28
44415 0
44416 0
44417 42
44418 0
44419 16
44420 8
44421 0
44422 20
44423 14
44424 4
44425 0
44426 0
44427 0
44428 0
44429 10
44430 0
44431 0
44432 0
44433 0
44434 4
44435 6
44436 0
44437 16
44438 0
44439 32
44440 0
44441 2
44442 0
44443 0
44444 4
44445 0
44446 0
44447 62
44448 0
44449 120
44450 20
44451 0
44452 0
44453 42
44454 12
44455 0
44456 252
44457 0
44458 0
44459 646
44460 144
44461 0
44462 0
44463 0
44464 4
44465 2
44466 0
44467 0
44468 0
44469 8
44470 0
44471 78
44472 0
44473 0
44474 4
44475 0
44476 0
44477 50
44478 0
44479 256
44480 0
44481 0
44482 0
44483 86
44484 44
44485 0
44486 0
44487 0
44488 8
44489 10
44490 0
44491 0
44492 0
44493 0
44494 4
44495 30
44496 0
44497 0
44498 0
44499 16
44500 0
44501 2
44502 0
44503 0
44504 60
44505 16
44506 0
44507 6
44508 0
44509 8
44510 0
44511 0
44512 0
44513 2
44514 4
44515 80
44516 20
44517 0
44518 0
44519 46
44520 0
44521 0
44522 8
44523 0
44524 28
44525 2
44526 0
44527 0
44528 0
44529 8
44530 0
44531 6
44532 0
44533 0
44534 4
44535 0
44536 0
44537 2
44538 0
44539 48
44540 24
44541 0
44542 0
44543 1022
44544 4
44545 0
44546 20
44547 0
44548 0
44549 50
44550 0
44551 0
44552 0
44553 0
44554 4
44555 6
44556 8
44557 0
44558 0
44559 64
44560 0
44561 2
44562 0
44563 0
44564 4
44565 0
44566 0
44567 14
44568 0
44569 8
44570 0
44571 0
44572 0
44573 18
44574 4
44575 0
44576 56
44577 40
44578 0
44579 22
44580 0
44581 0
44582 20
44583 0
44584 4
44585 2
44586 0
44587 0
44588 0
44589 152
44590 8
44591 30
44592 0
44593 0
44594 4
44595 0
44596 0
44597 2
44598 0
44599 32
44600 0
44601 0
44602 0
44603 102
44604 4
44605 0
44606 0
44607 512
44608 20
44609 10
44610 0
44611 0
44612 0
44613 0
44614 4
44615 174
44616 0
44617 0
44618 0
44619 16
44620 0
44621 2
44622 0
44623 0
44624 140
44625 0
44626 0
44627 6
44628 0
44629 8
44630 252
44631 0
44632 0
44633 114
44634 4
44635 0
44636 0
44637 0
44638 0
44639 830
44640 0
44641 16
44642 0
44643 0
44644 4
44645 2
44646 0
44647 0
44648 20
44649 8
44650 0
44651 6
44652 0
44653 0
44654 28
44655 0
44656 0
44657 2
44658 8
44659 16
44660 0
44661 0
44662 0
44663 14
44664 4
44665 0
44666 24
44667 0
44668 0
44669 10
44670 40
44671 0
44672 0
44673 0
44674 4
44675 38
44676 0
44677 0
44678 0
44679 32
44680 0
44681 42
44682 0
44683 0
44684 184
44685 0
44686 0
44687 30
44688 0
44689 48
44690 0
44691 0
44692 8
44693 2
44694 4
44695 0
44696 0
44697 0
44698 0
44699 22
44700 0
44701 40
44702 0
44703 1792
44704 4
44705 2
44706 0
44707 0
44708 0
44709 24
44710 0
44711 14
44712 0
44713 0
44714 24
44715 0
44716 0
44717 290
44718 0
44719 448
44720 0
44721 0
44722 0
44723 6
44724 4
44725 0
44726 8
44727 0
44728 0
44729 58
44730 0
44731 0
44732 20
44733 0
44734 4
44735 126
44736 0
44737 0
44738 0
44739 16
44740 0
44741 2
44742 0
44743 64
44744 4
44745 0
44746 0
44747 86
44748 0
44749 8
44750 0
44751 0
44752 0
44753 2
44754 4
44755 0
44756 0
44757 0
44758 0
44759 46
44760 8
44761 0
44762 56
44763 80
44764 4
44765 2
44766 0
44767 0
44768 0
44769 8
44770 0
44771 6
44772 0
44773 0
44774 4
44775 0
44776 0
44777 18
44778 0
44779 16
44780 20
44781 0
44782 0
44783 30
44784 28
44785 0
44786 0
44787 0
44788 0
44789 10
44790 0
44791 0
44792 24
44793 0
44794 32
44795 6
44796 0
44797 0
44798 0
44799 1024
44800 0
44801 74
44802 0
44803 0
44804 4
44805 0
44806 0
44807 14
44808 0
44809 8
44810 0
44811 32
44812 0
44813 42
44814 4
44815 0
44816 0
44817 0
44818 0
44819 22
44820 0
44821 0
44822 0
44823 0
44824 4
44825 42
44826 0
44827 0
44828 8
44829 8
44830 56
44831 62
44832 0
44833 0
44834 4
44835 0
44836 0
44837 2
44838 0
44839 32
44840 0
44841 0
44842 0
44843 6
44844 4
44845 16
44846 20
44847 0
44848 0
44849 58
44850 0
44851 0
44852 0
44853 0
44854 4
44855 206
44856 20
44857 0
44858 0
44859 16
44860 0
44861 2
44862 8
44863 0
44864 4
44865 0
44866 0
44867 6
44868 0
44869 8
44870 0
44871 0
44872 0
44873 2
44874 4
44875 0
44876 0
44877 0
44878 0
44879 2590
44880 0
44881 0
44882 0
44883 0
44884 4
44885 2
44886 0
44887 160
44888 0
44889 8
44890 0
44891 230
44892 0
44893 0
44894 24
44895 0
44896 8
44897 2
44898 0
44899 16
44900 0
44901 0
44902 0
44903 14
44904 4
44905 0
44906 0
44907 0
44908 0
44909 10
44910 0
44911 0
44912 20
44913 16
44914 28
44915 6
44916 0
44917 0
44918 44
44919 32
44920 0
44921 2
44922 0
44923 0
44924 4
44925 0
44926 0
44927 254
44928 0
44929 8
44930 8
44931 0
44932 0
44933 2
44934 4
44935 0
44936 0
44937 0
44938 0
44939 22
44940 0
44941 0
44942 0
44943 0
44944 4
44945 42
44946 0
44947 32
44948 0
44949 48
44950 0
44951 14
44952 0
44953 0
44954 4
44955 0
44956 0
44957 114
44958 0
44959 128
44960 0
44961 0
44962 0
44963 6
44964 12
44965 0
44966 0
44967 2016
44968 0
44969 10
44970 0
44971 0
44972 36
44973 0
44974 148
44975 30
44976 0
44977 0
44978 20
44979 112
44980 20
44981 66
44982 0
44983 0
44984 4
44985 0
44986 0
44987 6
44988 0
44989 8
44990 0
44991 0
44992 0
44993 2
44994 4
44995 0
44996 0
44997 0
44998 8
44999 46
45000 0
45001 0
45002 0
45003 0
45004 4
45005 2
45006 0
45007 0
45008 0
45009 8
45010 0
45011 1926
45012 0
45013 0
45014 4
45015 64
45016 0
45017 2
45018 0
45019 16
45020 56
45021 0
45022 0
45023 62
45024 4
45025 0
45026 0
45027 0
45028 0
45029 10
45030 0
45031 0
45032 8
45033 2112
45034 4
45035 6
45036 0
45037 0
45038 0
45039 64
45040 0
45041 2
45042 20
45043 0
45044 2088
45045 0
45046 0
45047 14
45048 0
45049 24
45050 0
45051 0
45052 0
45053 2
45054 4
45055 0
45056 0
45057 0
45058 0
45059 22
45060 0
45061 0
45062 0
45063 0
45064 4
45065 2
45066 2072
45067 0
45068 0
45069 8
45070 0
45071 30
45072 0
45073 40
45074 4
45075 0
45076 0
45077 2154
45078 0
45079 32
45080 0
45081 0
45082 0
45083 38
45084 60
45085 0
45086 0
45087 0
45088 0
45089 10
45090 0
45091 0
45092 0
45093 0
45094 4
45095 14
45096 0
45097 0
45098 0
45099 1936
45100 8
45101 2
45102 0
45103 0
45104 24
45105 0
45106 0
45107 102
45108 0
45109 56
45110 20
45111 0
45112 0
45113 2
45114 4
45115 0
45116 0
45117 16
45118 0
45119 382
45120 0
45121 0
45122 0
45123 0
45124 4
45125 2
45126 0
45127 0
45128 0
45129 8
45130 0
45131 6
45132 0
45133 0
45134 140
45135 320
45136 0
45137 2
45138 0
45139 16
45140 0
45141 0
45142 0
45143 2190
45144 4
45145 0
45146 0
45147 0
45148 0
45149 122
45150 0
45151 256
45152 0
45153 0
45154 4
45155 6
45156 0
45157 0
45158 0
45159 32
45160 0
45161 2
45162 0
45163 0
45164 4
45165 0
45166 20
45167 30
45168 8
45169 8
45170 24
45171 0
45172 0
45173 2
45174 28
45175 0
45176 20
45177 0
45178 0
45179 22
45180 0
45181 0
45182 0
45183 0
45184 4
45185 18
45186 0
45187 0
45188 0
45189 8
45190 0
45191 14
45192 0
45193 0
45194 4
45195 0
45196 0
45197 42
45198 0
45199 64
45200 0
45201 0
45202 8
45203 6
45204 4
45205 0
45206 0
45207 0
45208 0
45209 50
45210 0
45211 224
45212 0
45213 0
45214 4
45215 62
45216 0
45217 0
45218 0
45219 48
45220 0
45221 2
45222 0
45223 0
45224 4
45225 0
45226 0
45227 6
45228 20
45229 8
45230 0
45231 2304
45232 0
45233 50
45234 4
45235 0
45236 8
45237 0
45238 0
45239 238
45240 0
45241 0
45242 20
45243 0
45244 4
45245 2
45246 0
45247 0
45248 0
45249 8
45250 0
45251 6
45252 0
45253 16
45254 4
45255 0
45256 0
45257 2
45258 0
45259 96
45260 0
45261 0
45262 0
45263 30
45264 4
45265 0
45266 0
45267 0
45268 0
45269 10
45270 8
45271 0
45272 0
45273 0
45274 4
45275 86
45276 0
45277 0
45278 56
45279 128
45280 0
45281 2
45282 0
45283 0
45284 4
45285 0
45286 0
45287 78
45288 0
45289 8
45290 20
45291 0
45292 0
45293 2
45294 4
45295 0
45296 24
45297 0
45298 0
45299 22
45300 0
45301 0
45302 0
45303 0
45304 56
45305 2
45306 0
45307 0
45308 20
45309 8
45310 0
45311 510
45312 0
45313 0
45314 40
45315 0
45316 0
45317 2
45318 0
45319 32
45320 0
45321 56
45322 0
45323 6
45324 4
45325 0
45326 0
45327 0
45328 0
45329 10
45330 0
45331 0
45332 0
45333 0
45334 4
45335 14
45336 0
45337 0
45338 64
45339 16
45340 0
45341 42
45342 0
45343 0
45344 4
45345 0
45346 0
45347 6
45348 0
45349 8
45350 0
45351 0
45352 40
45353 2
45354 4
45355 32
45356 0
45357 0
45358 0
45359 478
45360 0
45361 0
45362 0
45363 0
45364 4
45365 2
45366 0
45367 0
45368 0
45369 56
45370 0
45371 6
45372 8
45373 0
45374 24
45375 0
45376 0
45377 2
45378 0
45379 16
45380 0
45381 0
45382 0
45383 174
45384 4
45385 0
45386 0
45387 0
45388 0
45389 282
45390 0
45391 0
45392 0
45393 0
45394 4
45395 6
45396 0
45397 0
45398 0
45399 32
45400 0
45401 2
45402 0
45403 0
45404 4
45405 0
45406 8
45407 2494
45408 0
45409 8
45410 0
45411 0
45412 0
45413 2
45414 24
45415 0
45416 0
45417 0
45418 0
45419 22
45420 0
45421 0
45422 24
45423 128
45424 4
45425 2
45426 0
45427 0
45428 0
45429 8
45430 0
45431 14
45432 0
45433 0
45434 28
45435 0
45436 0
45437 2
45438 0
45439 512
45440 28
45441 0
45442 0
45443 6
45444 4
45445 40
45446 0
45447 0
45448 0
45449 10
45450 0
45451 0
45452 0
45453 0
45454 4
45455 30
45456 0
45457 16
45458 0
45459 16
45460 0
45461 2
45462 0
45463 0
45464 4
45465 112
45466 0
45467 6
45468 0
45469 8
45470 0
45471 0
45472 0
45473 42
45474 12
45475 0
45476 20
45477 0
45478 252
45479 46
45480 0
45481 0
45482 0
45483 0
45484 4
45485 122
45486 0
45487 0
45488 144
45489 8
45490 0
45491 38
45492 0
45493 0
45494 4
45495 0
45496 0
45497 2
45498 0
45499 304
45500 0
45501 0
45502 0
45503 126
45504 4
45505 0
45506 20
45507 80
45508 8
45509 50
45510 0
45511 0
45512 0
45513 0
45514 4
45515 6
45516 0
45517 0
45518 0
45519 64
45520 0
45521 2
45522 0
45523 0
45524 4
45525 16
45526 0
45527 14
45528 0
45529 8
45530 0
45531 0
45532 0
45533 2
45534 4
45535 0
45536 56
45537 0
45538 20
45539 102
45540 0
45541 0
45542 8
45543 0
45544 4
45545 2
45546 0
45547 0
45548 120
45549 8
45550 0
45551 30
45552 0
45553 0
45554 4
45555 0
45556 0
45557 2
45558 0
45559 96
45560 0
45561 0
45562 0
45563 6
45564 28
45565 0
45566 0
45567 0
45568 0
45569 50
45570 0
45571 0
45572 20
45573 0
45574 4
45575 14
45576 8
45577 0
45578 0
45579 16
45580 0
45581 2
45582 0
45583 0
45584 4
45585 0
45586 0
45587 6
45588 0
45589 8
45590 0
45591 0
45592 56
45593 18
45594 4
45595 0
45596 0
45597 0
45598 0
45599 190
45600 20
45601 0
45602 0
45603 0
45604 4
45605 42
45606 0
45607 0
45608 0
45609 8
45610 8
45611 102
45612 0
45613 0
45614 4
45615 0
45616 0
45617 2
45618 0
45619 16
45620 0
45621 0
45622 0
45623 14
45624 4
45625 0
45626 0
45627 32
45628 0
45629 250
45630 0
45631 1280
45632 0
45633 0
45634 4
45635 6
45636 0
45637 0
45638 20
45639 32
45640 0
45641 2
45642 0
45643 0
45644 140
45645 0
45646 0
45647 30
45648 0
45649 8
45650 0
45651 0
45652 0
45653 2
45654 4
45655 0
45656 252
45657 0
45658 0
45659 22
45660 0
45661 16
45662 20
45663 0
45664 4
45665 114
45666 0
45667 0
45668 0
45669 8
45670 0
45671 174
45672 0
45673 0
45674 28
45675 0
45676 0
45677 2
45678 8
45679 64
45680 0
45681 0
45682 0
45683 6
45684 4
45685 0
45686 0
45687 0
45688 0
45689 10
45690 0
45691 0
45692 0
45693 80
45694 28
45695 1278
45696 0
45697 0
45698 0
45699 16
45700 0
45701 2
45702 0
45703 0
45704 24
45705 0
45706 0
45707 6
45708 0
45709 8
45710 0
45711 0
45712 8
45713 2
45714 24
45715 0
45716 0
45717 0
45718 0
45719 494
45720 0
45721 0
45722 0
45723 0
45724 24
45725 2
45726 0
45727 0
45728 0
45729 24
45730 0
45731 6
45732 0
45733 0
45734 4
45735 0
45736 0
45737 90
45738 0
45739 16
45740 0
45741 0
45742 0
45743 30
45744 4
45745 288
45746 8
45747 0
45748 0
45749 10
45750 0
45751 0
45752 0
45753 0
45754 4
45755 86
45756 0
45757 0
45758 0
45759 1792
45760 132
45761 2
45762 0
45763 32
45764 4
45765 0
45766 0
45767 14
45768 0
45769 8
45770 20
45771 0
45772 0
45773 2
45774 4
45775 0
45776 0
45777 0
45778 0
45779 22
45780 8
45781 0
45782 0
45783 0
45784 4
45785 2
45786 20
45787 0
45788 0
45789 8
45790 0
45791 62
45792 0
45793 0
45794 60
45795 0
45796 0
45797 18
45798 0
45799 32
45800 24
45801 0
45802 0
45803 86
45804 4
45805 0
45806 0
45807 0
45808 0
45809 10
45810 0
45811 0
45812 0
45813 0
45814 12
45815 14
45816 0
45817 40
45818 0
45819 16
45820 0
45821 2
45822 0
45823 0
45824 28
45825 0
45826 0
45827 150
45828 0
45829 8
45830 0
45831 64
45832 0
45833 2
45834 4
45835 0
45836 20
45837 0
45838 0
45839 94
45840 0
45841 0
45842 0
45843 0
45844 4
45845 2
45846 56
45847 0
45848 28
45849 8
45850 0
45851 6
45852 0
45853 0
45854 4
45855 0
45856 0
45857 2
45858 0
45859 16
45860 0
45861 0
45862 0
45863 782
45864 4
45865 16
45866 0
45867 0
45868 0
45869 50
45870 0
45871 0
45872 0
45873 0
45874 4
45875 6
45876 0
45877 672
45878 0
45879 192
45880 0
45881 2
45882 8
45883 0
45884 4
45885 0
45886 0
45887 126
45888 0
45889 56
45890 0
45891 0
45892 0
45893 2
45894 4
45895 0
45896 0
45897 0
45898 0
45899 566
45900 0
45901 0
45902 20
45903 0
45904 4
45905 2
45906 0
45907 0
45908 0
45909 8
45910 20
45911 14
45912 0
45913 0
45914 4
45915 0
45916 8
45917 2
45918 0
45919 768
45920 0
45921 0
45922 0
45923 230
45924 4
45925 0
45926 24
45927 0
45928 0
45929 10
45930 0
45931 0
45932 0
45933 16
45934 4
45935 350
45936 0
45937 0
45938 0
45939 16
45940 0
45941 42
45942 0
45943 0
45944 4
45945 0
45946 0
45947 6
45948 0
45949 8
45950 8
45951 0
45952 0
45953 2
45954 76
45955 0
45956 0
45957 0
45958 0
45959 46
45960 0
45961 0
45962 0
45963 0
45964 4
45965 2
45966 0
45967 128
45968 20
45969 8
45970 0
45971 6
45972 20
45973 112
45974 4
45975 0
45976 0
45977 2
45978 0
45979 16
45980 0
45981 0
45982 0
45983 62
45984 12
45985 0
45986 0
45987 0
45988 0
45989 562
45990 0
45991 0
45992 0
45993 0
45994 4
45995 6
45996 0
45997 0
45998 36
45999 64
46000 0
46001 58
46002 144
46003 80
46004 4
46005 0
46006 0
46007 14
46008 0
46009 8
46010 0
46011 0
46012 0
46013 2
46014 4
46015 0
46016 0
46017 0
46018 8
46019 118
46020 0
46021 0
46022 0
46023 0
46024 4
46025 2
46026 0
46027 0
46028 0
46029 8
46030 0
46031 30
46032 0
46033 0
46034 484
46035 32
46036 0
46037 2
46038 0
46039 32
46040 0
46041 0
46042 0
46043 6
46044 4
46045 0
46046 0
46047 0
46048 0
46049 10
46050 0
46051 0
46052 88
46053 0
46054 4
46055 14
46056 0
46057 0
46058 0
46059 16
46060 0
46061 2
46062 0
46063 0
46064 4
46065 40
46066 0
46067 86
46068 0
46069 24
46070 0
46071 0
46072 0
46073 2
46074 4
46075 0
46076 0
46077 0
46078 0
46079 6142
46080 0
46081 0
46082 0
46083 0
46084 28
46085 2
46086 8
46087 0
46088 0
46089 8
46090 0
46091 6
46092 0
46093 0
46094 4
46095 0
46096 20
46097 2
46098 0
46099 16
46100 76
46101 0
46102 0
46103 78
46104 4
46105 0
46106 0
46107 0
46108 0
46109 10
46110 0
46111 0
46112 0
46113 0
46114 4
46115 102
46116 0
46117 0
46118 0
46119 32
46120 8
46121 2
46122 0
46123 0
46124 484
46125 0
46126 0
46127 350
46128 0
46129 8
46130 0
46131 0
46132 0
46133 42
46134 4
46135 0
46136 0
46137 16
46138 0
46139 22
46140 0
46141 0
46142 0
46143 0
46144 4
46145 2
46146 0
46147 0
46148 0
46149 56
46150 0
46151 14
46152 0
46153 0
46154 140
46155 0
46156 0
46157 2
46158 20
46159 64
46160 0
46161 0
46162 0
46163 6
46164 4
46165 0
46166 20
46167 0
46168 0
46169 514
46170 0
46171 32
46172 0
46173 0
46174 4
46175 62
46176 0
46177 0
46178 24
46179 16
46180 0
46181 114
46182 0
46183 0
46184 4
46185 0
46186 0
46187 6
46188 8
46189 48
46190 0
46191 0
46192 0
46193 2
46194 4
46195 0
46196 0
46197 0
46198 0
46199 206
46200 0
46201 0
46202 0
46203 0
46204 4
46205 18
46206 0
46207 0
46208 0
46209 8
46210 0
46211 6
46212 0
46213 0
46214 124
46215 0
46216 0
46217 2
46218 0
46219 16
46220 20
46221 0
46222 8
46223 30
46224 4
46225 0
46226 0
46227 224
46228 0
46229 10
46230 0
46231 0
46232 20
46233 0
46234 4
46235 6
46236 0
46237 0
46238 0
46239 384
46240 0
46241 50
46242 0
46243 0
46244 4
46245 0
46246 0
46247 14
46248 0
46249 8
46250 0
46251 80
46252 0
46253 2
46254 4
46255 0
46256 8
46257 0
46258 0
46259 854
46260 0
46261 0
46262 0
46263 0
46264 4
46265 42
46266 0
46267 0
46268 0
46269 8
46270 0
46271 126
46272 0
46273 16
46274 4
46275 0
46276 0
46277 2
46278 0
46279 224
46280 0
46281 0
46282 20
46283 6
46284 4
46285 0
46286 0
46287 0
46288 0
46289 10
46290 8
46291 0
46292 0
46293 0
46294 4
46295 14
46296 0
46297 0
46298 20
46299 16
46300 0
46301 2
46302 0
46303 0
46304 28
46305 0
46306 0
46307 38
46308 0
46309 8
46310 56
46311 0
46312 0
46313 42
46314 4
46315 0
46316 0
46317 0
46318 0
46319 94
46320 0
46321 0
46322 0
46323 0
46324 12
46325 2
46326 0
46327 0
46328 0
46329 48
46330 0
46331 86
46332 0
46333 0
46334 4
46335 0
46336 0
46337 2
46338 0
46339 16
46340 36
46341 16
46342 0
46343 14
46344 48
46345 0
46346 0
46347 0
46348 0
46349 10
46350 0
46351 0
46352 0
46353 0
46354 60
46355 6
46356 0
46357 0
46358 8
46359 32
46360 0
46361 2
46362 0
46363 0
46364 24
46365 0
46366 0
46367 830
46368 0
46369 8
46370 0
46371 0
46372 0
46373 2
46374 4
46375 384
46376 0
46377 0
46378 0
46379 22
46380 0
46381 0
46382 0
46383 0
46384 4
46385 2
46386 0
46387 0
46388 0
46389 8
46390 0
46391 14
46392 8
46393 0
46394 4
46395 0
46396 0
46397 42
46398 0
46399 256
46400 0
46401 0
46402 0
46403 6
46404 4
46405 0
46406 20
46407 0
46408 0
46409 714
46410 0
46411 0
46412 0
46413 0
46414 4
46415 30
46416 0
46417 0
46418 0
46419 16
46420 0
46421 2
46422 0
46423 0
46424 4
46425 0
46426 476
46427 6
46428 0
46429 8
46430 44
46431 0
46432 0
46433 2
46434 4
46435 0
46436 0
46437 40
46438 0
46439 494
46440 0
46441 0
46442 0
46443 560
46444 4
46445 2
46446 0
46447 0
46448 0
46449 8
46450 0
46451 6
46452 0
46453 0
46454 4
46455 0
46456 0
46457 2
46458 0
46459 16
46460 8
46461 0
46462 0
46463 2814
46464 4
46465 0
46466 0
46467 0
46468 20
46469 10
46470 0
46471 0
46472 0
46473 0
46474 28
46475 6
46476 0
46477 16
46478 0
46479 64
46480 0
46481 114
46482 0
46483 0
46484 4
46485 0
46486 0
46487 14
46488 0
46489 8
46490 0
46491 0
46492 0
46493 50
46494 12
46495 0
46496 20
46497 0
46498 0
46499 102
46500 252
46501 0
46502 0
46503 0
46504 4
46505 2
46506 0
46507 0
46508 0
46509 8
46510 0
46511 734
46512 0
46513 0
46514 4
46515 0
46516 144
46517 2
46518 0
46519 32
46520 0
46521 0
46522 0
46523 6
46524 4
46525 0
46526 0
46527 0
46528 8
46529 50
46530 20
46531 0
46532 0
46533 0
46534 24
46535 14
46536 0
46537 0
46538 0
46539 112
46540 0
46541 2
46542 0
46543 0
46544 4
46545 16
46546 0
46547 6
46548 0
46549 8
46550 0
46551 0
46552 0
46553 2
46554 4
46555 0
46556 24
46557 0
46558 0
46559 190
46560 0
46561 40
46562 28
46563 0
46564 4
46565 2
46566 0
46567 0
46568 56
46569 8
46570 0
46571 6
46572 0
46573 0
46574 4
46575 0
46576 0
46577 2
46578 0
46579 48
46580 0
46581 0
46582 0
46583 14
46584 4
46585 0
46586 0
46587 0
46588 0
46589 10
46590 0
46591 0
46592 20
46593 0
46594 4
46595 86
46596 8
46597 0
46598 0
46599 32
46600 0
46601 2
46602 0
46603 0
46604 28
46605 0
46606 0
46607 30
46608 56
46609 8
46610 0
46611 0
46612 0
46613 18
46614 4
46615 0
46616 0
46617 0
46618 0
46619 118
46620 0
46621 0
46622 0
46623 640
46624 4
46625 2
46626 0
46627 0
46628 20
46629 8
46630 8
46631 14
46632 0
46633 0
46634 4
46635 0
46636 0
46637 2
46638 0
46639 64
46640 0
46641 0
46642 0
46643 6
46644 4
46645 0
46646 0
46647 64
46648 0
46649 10
46650 0
46651 0
46652 0
46653 0
46654 24
46655 126
46656 0
46657 0
46658 0
46659 16
46660 0
46661 42
46662 0
46663 0
46664 140
46665 0
46666 0
46667 6
46668 0
46669 56
46670 0
46671 0
46672 0
46673 2
46674 4
46675 0
46676 0
46677 0
46678 0
46679 46
46680 0
46681 16
46682 348
46683 0
46684 4
46685 42
46686 0
46687 0
46688 0
46689 8
46690 0
46691 6
46692 0
46693 0
46694 24
46695 0
46696 0
46697 114
46698 8
46699 16
46700 0
46701 0
46702 0
46703 30
46704 4
46705 0
46706 0
46707 0
46708 0
46709 10
46710 0
46711 0
46712 0
46713 0
46714 4
46715 38
46716 40
46717 0
46718 0
46719 512
46720 0
46721 2
46722 0
46723 0
46724 4
46725 0
46726 0
46727 174
46728 0
46729 8
46730 0
46731 0
46732 8
46733 2
46734 28
46735 896
46736 0
46737 0
46738 0
46739 102
46740 0
46741 0
46742 0
46743 0
46744 4
46745 50
46746 0
46747 80
46748 0
46749 24
46750 0
46751 62
46752 0
46753 0
46754 4
46755 0
46756 0
46757 2
46758 0
46759 32
46760 20
46761 0
46762 0
46763 6
46764 4
46765 0
46766 8
46767 0
46768 0
46769 10
46770 0
46771 0
46772 0
46773 288
46774 4
46775 14
46776 0
46777 0
46778 20
46779 16
46780 0
46781 2
46782 0
46783 512
46784 4
46785 0
46786 0
46787 6
46788 0
46789 8
46790 0
46791 0
46792 0
46793 42
46794 4
46795 0
46796 0
46797 0
46798 0
46799 2014
46800 8
46801 0
46802 0
46803 0
46804 4
46805 2
46806 0
46807 0
46808 24
46809 768
46810 0
46811 6
46812 0
46813 0
46814 4
46815 0
46816 0
46817 18
46818 0
46819 16
46820 0
46821 0
46822 0
46823 14
46824 4
46825 0
46826 76
46827 0
46828 0
46829 10
46830 0
46831 0
46832 0
46833 0
46834 12
46835 6
46836 0
46837 0
46838 0
46839 32
46840 20
46841 2
46842 0
46843 0
46844 4
46845 0
46846 0
46847 510
46848 0
46849 8
46850 0
46851 32
46852 0
46853 74
46854 4
46855 0
46856 0
46857 0
46858 0
46859 102
46860 0
46861 0
46862 56
46863 0
46864 76
46865 2
46866 0
46867 0
46868 8
46869 8
46870 0
46871 366
46872 0
46873 0
46874 4
46875 0
46876 0
46877 2
46878 0
46879 128
46880 0
46881 0
46882 0
46883 6
46884 4
46885 16
46886 0
46887 0
46888 0
46889 10
46890 0
46891 0
46892 20
46893 0
46894 4
46895 30
46896 0
46897 0
46898 0
46899 16
46900 0
46901 2
46902 28
46903 0
46904 4
46905 0
46906 0
46907 6
46908 0
46909 8
46910 0
46911 0
46912 0
46913 2
46914 4
46915 0
46916 0
46917 0
46918 0
46919 1134
46920 0
46921 0
46922 0
46923 0
46924 4
46925 42
46926 0
46927 0
46928 0
46929 56
46930 0
46931 6
46932 0
46933 40
46934 28
46935 0
46936 8
46937 2
46938 0
46939 16
46940 0
46941 0
46942 0
46943 62
46944 24
46945 0
46946 0
46947 0
46948 0
46949 10
46950 0
46951 0
46952 0
46953 16
46954 4
46955 230
46956 0
46957 0
46958 20
46959 64
46960 0
46961 2
46962 0
46963 0
46964 24
46965 0
46966 0
46967 14
46968 0
46969 8
46970 8
46971 0
46972 0
46973 2
46974 4
46975 0
46976 0
46977 0
46978 0
46979 22
46980 0
46981 0
46982 0
46983 0
46984 4
46985 2
46986 0
46987 32
46988 0
46989 120
46990 0
46991 350
46992 0
46993 0
46994 220
46995 80
46996 0
46997 50
46998 0
46999 32
47000 0
47001 0
47002 0
47003 6
47004 12
47005 0
47006 0
47007 0
47008 0
47009 10
47010 0
47011 1008
47012 0
47013 0
47014 4
47015 14
47016 0
47017 0
47018 0
47019 16
47020 0
47021 18
47022 0
47023 0
47024 60
47025 0
47026 20
47027 6
47028 0
47029 8
47030 144
47031 0
47032 0
47033 2
47034 4
47035 0
47036 0
47037 0
47038 8
47039 382
47040 0
47041 0
47042 0
47043 0
47044 4
47045 2
47046 0
47047 0
47048 0
47049 8
47050 0
47051 6
47052 0
47053 0
47054 4
47055 128
47056 0
47057 962
47058 0
47059 112
47060 24
47061 0
47062 0
47063 14
47064 4
47065 0
47066 0
47067 0
47068 0
47069 10
47070 0
47071 0
47072 8
47073 0
47074 4
47075 6
47076 0
47077 0
47078 0
47079 32
47080 1056
47081 2
47082 0
47083 0
47084 60
47085 0
47086 0
47087 30
47088 20
47089 24
47090 20
47091 0
47092 0
47093 2
47094 4
47095 0
47096 0
47097 0
47098 0
47099 22
47100 0
47101 0
47102 0
47103 0
47104 4
47105 2
47106 8
47107 0
47108 0
47109 8
47110 0
47111 14
47112 0
47113 0
47114 4
47115 0
47116 56
47117 2
47118 0
47119 384
47120 0
47121 0
47122 0
47123 214
47124 28
47125 0
47126 1276
47127 0
47128 0
47129 10
47130 0
47131 0
47132 0
47133 0
47134 4
47135 62
47136 0
47137 0
47138 0
47139 16
47140 8
47141 2
47142 0
47143 0
47144 4
47145 0
47146 0
47147 6
47148 0
47149 968
47150 20
47151 0
47152 0
47153 2
47154 4
47155 0
47156 20
47157 16
47158 0
47159 46
47160 0
47161 0
47162 0
47163 0
47164 4
47165 2
47166 0
47167 0
47168 0
47169 8
47170 0
47171 6
47172 0
47173 0
47174 140
47175 0
47176 0
47177 2
47178 0
47179 16
47180 0
47181 40
47182 0
47183 30
47184 4
47185 0
47186 24
47187 0
47188 0
47189 98
47190 0
47191 64
47192 0
47193 0
47194 4
47195 1014
47196 0
47197 0
47198 0
47199 128
47200 0
47201 2
47202 0
47203 0
47204 4
47205 0
47206 0
47207 14
47208 8
47209 8
47210 0
47211 0
47212 20
47213 114
47214 4
47215 0
47216 0
47217 0
47218 0
47219 22
47220 0
47221 0
47222 20
47223 0
47224 4
47225 18
47226 0
47227 0
47228 0
47229 8
47230 0
47231 254
47232 0
47233 0
47234 4
47235 0
47236 0
47237 2
47238 0
47239 32
47240 0
47241 0
47242 8
47243 310
47244 4
47245 0
47246 0
47247 0
47248 0
47249 58
47250 0
47251 0
47252 0
47253 0
47254 28
47255 174
47256 0
47257 0
47258 0
47259 48
47260 0
47261 2
47262 0
47263 0
47264 4
47265 0
47266 0
47267 6
47268 0
47269 8
47270 0
47271 0
47272 0
47273 2
47274 24
47275 0
47276 8
47277 0
47278 0
47279 94
47280 0
47281 0
47282 0
47283 0
47284 4
47285 2
47286 0
47287 1152
47288 20
47289 8
47290 0
47291 6
47292 0
47293 16
47294 4
47295 0
47296 0
47297 2
47298 0
47299 16
47300 0
47301 0
47302 0
47303 14
47304 4
47305 40
47306 0
47307 0
47308 0
47309 10
47310 8
47311 0
47312 24
47313 0
47314 4
47315 6
47316 0
47317 0
47318 0
47319 608
47320 0
47321 42
47322 0
47323 0
47324 4
47325 0
47326 0
47327 318
47328 0
47329 8
47330 0
47331 0
47332 120
47333 2
47334 4
47335 0
47336 20
47337 0
47338 0
47339 22
47340 0
47341 0
47342 56
47343 0
47344 12
47345 2
47346 0
47347 0
47348 0
47349 8
47350 0
47351 14
47352 0
47353 0
47354 44
47355 0
47356 0
47357 2
47358 0
47359 1024
47360 0
47361 16
47362 0
47363 6
47364 4
47365 0
47366 36
47367 160
47368 0
47369 10
47370 56
47371 0
47372 0
47373 0
47374 4
47375 414
47376 0
47377 0
47378 8
47379 16
47380 0
47381 2
47382 0
47383 0
47384 124
47385 0
47386 0
47387 86
47388 0
47389 8
47390 0
47391 0
47392 0
47393 2
47394 4
47395 32
47396 0
47397 0
47398 40
47399 46
47400 0
47401 0
47402 0
47403 0
47404 4
47405 2
47406 0
47407 0
47408 0
47409 8
47410 0
47411 6
47412 8
47413 0
47414 4
47415 0
47416 0
47417 2
47418 0
47419 16
47420 20
47421 0
47422 0
47423 126
47424 4
47425 0
47426 0
47427 0
47428 0
47429 322
47430 0
47431 0
47432 0
47433 0
47434 4
47435 6
47436 0
47437 0
47438 24
47439 64
47440 0
47441 2
47442 0
47443 0
47444 4
47445 0
47446 8
47447 14
47448 0
47449 56
47450 0
47451 0
47452 0
47453 42
47454 4
47455 0
47456 0
47457 0
47458 0
47459 22
47460 20
47461 0
47462 0
47463 64
47464 4
47465 2
47466 0
47467 0
47468 0
47469 8
47470 0
47471 926
47472 0
47473 0
47474 4
47475 0
47476 0
47477 2
47478 0
47479 32
47480 8
47481 0
47482 0
47483 6
47484 4
47485 0
47486 20
47487 0
47488 0
47489 10
47490 0
47491 80
47492 0
47493 0
47494 4
47495 14
47496 0
47497 128
47498 0
47499 16
47500 0
47501 194
47502 0
47503 0
47504 4
47505 0
47506 0
47507 6
47508 0
47509 8
47510 0
47511 0
47512 0
47513 2
47514 36
47515 0
47516 0
47517 0
47518 0
47519 830
47520 0
47521 0
47522 272
47523 0
47524 4
47525 2
47526 0
47527 0
47528 0
47529 8
47530 0
47531 38
47532 0
47533 0
47534 4
47535 0
47536 0
47537 74
47538 0
47539 16
47540 0
47541 0
47542 0
47543 14
47544 148
47545 0
47546 0
47547 0
47548 8
47549 10
47550 0
47551 0
47552 20
47553 40
47554 4
47555 6
47556 0
47557 0
47558 0
47559 192
47560 0
47561 2
47562 0
47563 0
47564 28
47565 16
47566 0
47567 30
47568 0
47569 8
47570 0
47571 0
47572 0
47573 2
47574 4
47575 0
47576 0
47577 0
47578 0
47579 118
47580 0
47581 0
47582 8
47583 0
47584 24
47585 42
47586 0
47587 0
47588 0
47589 8
47590 0
47591 14
47592 0
47593 0
47594 4
47595 0
47596 0
47597 2
47598 0
47599 192
47600 56
47601 0
47602 0
47603 6
47604 4
47605 0
47606 0
47607 0
47608 0
47609 10
47610 0
47611 0
47612 0
47613 0
47614 4
47615 11262
47616 8
47617 0
47618 20
47619 16
47620 0
47621 2
47622 0
47623 0
47624 60
47625 0
47626 0
47627 102
47628 0
47629 8
47630 0
47631 0
47632 0
47633 18
47634 4
47635 0
47636 0
47637 0
47638 0
47639 46
47640 0
47641 0
47642 0
47643 0
47644 28
47645 2
47646 20
47647 0
47648 0
47649 8
47650 8
47651 86
47652 0
47653 0
47654 4
47655 0
47656 0
47657 2
47658 0
47659 16
47660 0
47661 0
47662 0
47663 2910
47664 4
47665 0
47666 0
47667 32
47668 0
47669 10
47670 0
47671 0
47672 0
47673 0
47674 4
47675 6
47676 0
47677 40
47678 0
47679 256
47680 0
47681 2
47682 0
47683 0
47684 160
47685 0
47686 0
47687 14
47688 0
47689 8
47690 24
47691 0
47692 0
47693 2
47694 4
47695 0
47696 0
47697 0
47698 0
47699 22
47700 0
47701 16
47702 0
47703 0
47704 4
47705 2
47706 0
47707 0
47708 272
47709 56
47710 0
47711 62
47712 0
47713 0
47714 4
47715 0
47716 0
47717 42
47718 8
47719 32
47720 0
47721 0
47722 0
47723 6
47724 4
47725 0
47726 0
47727 0
47728 0
47729 122
47730 0
47731 0
47732 0
47733 0
47734 4
47735 78
47736 0
47737 0
47738 0
47739 176
47740 0
47741 2
47742 0
47743 0
47744 4
47745 0
47746 0
47747 6
47748 0
47749 8
47750 20
47751 448
47752 8
47753 50
47754 4
47755 0
47756 0
47757 0
47758 0
47759 94
47760 0
47761 0
47762 0
47763 0
47764 24
47765 2
47766 0
47767 0
47768 0
47769 24
47770 20
47771 6
47772 0
47773 0
47774 220
47775 0
47776 0
47777 2
47778 0
47779 16
47780 0
47781 0
47782 0
47783 174
47784 4
47785 0
47786 8
47787 0
47788 0
47789 10
47790 0
47791 0
47792 0
47793 0
47794 4
47795 6
47796 0
47797 0
47798 0
47799 32
47800 0
47801 330
47802 0
47803 32
47804 4
47805 0
47806 0
47807 126
47808 0
47809 272
47810 0
47811 0
47812 0
47813 2
47814 4
47815 0
47816 44
47817 0
47818 0
47819 22
47820 8
47821 0
47822 0
47823 0
47824 4
47825 2
47826 0
47827 0
47828 0
47829 8
47830 0
47831 14
47832 20
47833 0
47834 4
47835 0
47836 0
47837 18
47838 0
47839 896
47840 0
47841 0
47842 0
47843 6
47844 4
47845 0
47846 0
47847 0
47848 0
47849 50
47850 0
47851 0
47852 0
47853 0
47854 12
47855 30
47856 0
47857 0
47858 56
47859 16
47860 0
47861 2
47862 0
47863 160
47864 4
47865 0
47866 0
47867 6
47868 0
47869 8
47870 0
47871 2048
47872 0
47873 2
47874 4
47875 0
47876 0
47877 0
47878 56
47879 526
47880 0
47881 0
47882 20
47883 0
47884 4
47885 2
47886 0
47887 0
47888 8
47889 8
47890 0
47891 6
47892 0
47893 0
47894 24
47895 0
47896 0
47897 2
47898 0
47899 16
47900 0
47901 0
47902 0
47903 62
47904 28
47905 16
47906 0
47907 0
47908 0
47909 10
47910 0
47911 0
47912 0
47913 0
47914 4
47915 86
47916 0
47917 0
47918 0
47919 64
47920 0
47921 2
47922 8
47923 0
47924 4
47925 40
47926 0
47927 14
47928 0
47929 8
47930 0
47931 0
47932 0
47933 2
47934 4
47935 0
47936 0
47937 0
47938 0
47939 566
47940 0
47941 0
47942 24
47943 0
47944 4
47945 2
47946 0
47947 0
47948 20
47949 8
47950 0
47951 30
47952 0
47953 0
47954 4
47955 0
47956 28
47957 2
47958 0
47959 32
47960 0
47961 0
47962 0
47963 6
47964 4
47965 0
47966 0
47967 0
47968 0
47969 290
47970 0
47971 0
47972 0
47973 16
47974 4
47975 14
47976 0
47977 0
47978 0
47979 16
47980 0
47981 42
47982 0
47983 0
47984 4
47985 0
47986 0
47987 310
47988 0
47989 8
47990 8
47991 0
47992 0
47993 2
47994 4
47995 0
47996 0
47997 0
47998 0
47999 766
48000 0
48001 0
48002 0
48003 0
48004 4
48005 162
48006 0
48007 64
48008 0
48009 8
48010 0
48011 6
48012 0
48013 0
48014 24
48015 0
48016 0
48017 2
48018 20
48019 16
48020 0
48021 0
48022 0
48023 14
48024 12
48025 0
48026 0
48027 0
48028 0
48029 10
48030 0
48031 0
48032 0
48033 504
48034 28
48035 6
48036 0
48037 0
48038 0
48039 32
48040 0
48041 18
48042 0
48043 0
48044 4
48045 0
48046 0
48047 350
48048 0
48049 48
48050 36
48051 0
48052 0
48053 2
48054 4
48055 0
48056 0
48057 0
48058 280
48059 22
48060 0
48061 0
48062 0
48063 0
48064 4
48065 2
48066 0
48067 0
48068 24
48069 8
48070 0
48071 14
48072 0
48073 0
48074 4
48075 32
48076 0
48077 2
48078 0
48079 64
48080 480
48081 0
48082 0
48083 6
48084 4
48085 0
48086 0
48087 0
48088 0
48089 10
48090 0
48091 0
48092 8
48093 0
48094 4
48095 62
48096 0
48097 0
48098 0
48099 112
48100 0
48101 2
48102 0
48103 0
48104 4
48105 0
48106 0
48107 6
48108 0
48109 24
48110 0
48111 320
48112 0
48113 42
48114 4
48115 0
48116 56
48117 0
48118 0
48119 46
48120 0
48121 0
48122 0
48123 0
48124 4
48125 2
48126 8
48127 0
48128 0
48129 8
48130 0
48131 102
48132 56
48133 0
48134 4
48135 0
48136 0
48137 2
48138 0
48139 16
48140 0
48141 0
48142 20
48143 158
48144 4
48145 0
48146 20
48147 0
48148 0
48149 10
48150 0
48151 0
48152 0
48153 0
48154 4
48155 6
48156 0
48157 0
48158 0
48159 128
48160 8
48161 2
48162 0
48163 0
48164 28
48165 0
48166 0
48167 14
48168 0
48169 8
48170 0
48171 0
48172 0
48173 42
48174 484
48175 0
48176 0
48177 16
48178 0
48179 102
48180 0
48181 0
48182 0
48183 0
48184 4
48185 2
48186 0
48187 0
48188 0
48189 8
48190 0
48191 126
48192 0
48193 0
48194 164
48195 0
48196 0
48197 2
48198 0
48199 32
48200 0
48201 0
48202 0
48203 6
48204 24
48205 0
48206 0
48207 0
48208 0
48209 10
48210 0
48211 32
48212 20
48213 0
48214 4
48215 14
48216 0
48217 0
48218 0
48219 16
48220 0
48221 506
48222 0
48223 0
48224 4
48225 0
48226 0
48227 6
48228 8
48229 152
48230 0
48231 0
48232 0
48233 2
48234 4
48235 80
48236 0
48237 0
48238 0
48239 94
48240 0
48241 0
48242 0
48243 0
48244 4
48245 170
48246 0
48247 0
48248 0
48249 8
48250 0
48251 6
48252 0
48253 0
48254 4
48255 0
48256 0
48257 50
48258 0
48259 240
48260 0
48261 0
48262 8
48263 14
48264 4
48265 0
48266 20
48267 0
48268 0
48269 10
48270 0
48271 0
48272 0
48273 0
48274 4
48275 6
48276 0
48277 0
48278 20
48279 96
48280 0
48281 2
48282 0
48283 0
48284 4
48285 0
48286 0
48287 62
48288 0
48289 8
48290 0
48291 0
48292 0
48293 2
48294 28
48295 0
48296 8
48297 40
48298 0
48299 22
48300 0
48301 0
48302 0
48303 0
48304 4
48305 2
48306 0
48307 0
48308 0
48309 8
48310 0
48311 174
48312 0
48313 16
48314 4
48315 576
48316 0
48317 2
48318 0
48319 256
48320 96
48321 0
48322 0
48323 6
48324 4
48325 0
48326 0
48327 0
48328 20
48329 10
48330 8
48331 0
48332 0
48333 0
48334 4
48335 30
48336 0
48337 0
48338 0
48339 16
48340 0
48341 2
48342 0
48343 0
48344 24
48345 0
48346 0
48347 38
48348 0
48349 8
48350 0
48351 0
48352 0
48353 2
48354 4
48355 0
48356 0
48357 0
48358 0
48359 398
48360 0
48361 0
48362 0
48363 0
48364 12
48365 2
48366 0
48367 0
48368 0
48369 8
48370 0
48371 6
48372 0
48373 0
48374 60
48375 0
48376 0
48377 42
48378 0
48379 96
48380 0
48381 16
48382 0
48383 6654
48384 4
48385 0
48386 56
48387 0
48388 0
48389 10
48390 20
48391 0
48392 36
48393 0
48394 4
48395 6
48396 0
48397 0
48398 8
48399 64
48400 0
48401 2
48402 0
48403 0
48404 4
48405 0
48406 0
48407 14
48408 0
48409 8
48410 20
48411 0
48412 0
48413 2
48414 4
48415 256
48416 0
48417 0
48418 0
48419 22
48420 0
48421 80
48422 0
48423 0
48424 28
48425 2
48426 0
48427 0
48428 0
48429 8
48430 0
48431 30
48432 8
48433 0
48434 4
48435 0
48436 0
48437 2
48438 0
48439 32
48440 0
48441 0
48442 0
48443 86
48444 4
48445 0
48446 24
48447 0
48448 0
48449 282
48450 0
48451 0
48452 20
48453 0
48454 4
48455 14
48456 0
48457 0
48458 0
48459 16
48460 0
48461 2
48462 0
48463 0
48464 4
48465 0
48466 8
48467 6
48468 0
48469 8
48470 0
48471 0
48472 0
48473 2
48474 4
48475 0
48476 20
48477 0
48478 0
48479 190
48480 0
48481 0
48482 0
48483 112
48484 4
48485 2
48486 0
48487 0
48488 0
48489 56
48490 0
48491 6
48492 132
48493 0
48494 4
48495 0
48496 0
48497 2
48498 0
48499 16
48500 8
48501 0
48502 0
48503 462
48504 4
48505 0
48506 0
48507 0
48508 0
48509 98
48510 0
48511 0
48512 0
48513 112
48514 24
48515 6
48516 0
48517 16
48518 0
48519 32
48520 0
48521 2
48522 0
48523 0
48524 4
48525 0
48526 0
48527 30
48528 0
48529 8
48530 0
48531 0
48532 0
48533 2
48534 12
48535 0
48536 0
48537 0
48538 0
48539 22
48540 0
48541 0
48542 20
48543 0
48544 472
48545 42
48546 0
48547 0
48548 0
48549 8
48550 0
48551 78
48552 0
48553 0
48554 124
48555 0
48556 0
48557 2
48558 0
48559 64
48560 0
48561 0
48562 0
48563 150
48564 4
48565 0
48566 0
48567 0
48568 8
48569 10
48570 0
48571 0
48572 168
48573 0
48574 4
48575 1406
48576 20
48577 0
48578 0
48579 16
48580 0
48581 2
48582 0
48583 0
48584 24
48585 16
48586 0
48587 6
48588 0
48589 8
48590 0
48591 0
48592 0
48593 2
48594 4
48595 0
48596 0
48597 0
48598 0
48599 46
48600 0
48601 0
48602 8
48603 0
48604 4
48605 2
48606 0
48607 640
48608 20
48609 8
48610 0
48611 6
48612 0
48613 0
48614 4
48615 0
48616 0
48617 2
48618 0
48619 144
48620 0
48621 0
48622 0
48623 30
48624 4
48625 0
48626 0
48627 0
48628 0
48629 10
48630 0
48631 0
48632 56
48633 0
48634 4
48635 102
48636 8
48637 0
48638 20
48639 2048
48640 56
48641 42
48642 0
48643 0
48644 4
48645 0
48646 0
48647 14
48648 0
48649 8
48650 0
48651 0
48652 0
48653 18
48654 4
48655 0
48656 0
48657 0
48658 0
48659 22
48660 0
48661 0
48662 0
48663 0
48664 4
48665 2
48666 0
48667 0
48668 0
48669 48
48670 8
48671 62
48672 0
48673 0
48674 24
48675 0
48676 0
48677 2
48678 0
48679 32
48680 0
48681 0
48682 0
48683 6
48684 76
48685 0
48686 0
48687 128
48688 0
48689 10
48690 0
48691 0
48692 0
48693 0
48694 4
48695 14
48696 0
48697 0
48698 24
48699 16
48700 20
48701 2
48702 0
48703 0
48704 140
48705 0
48706 0
48707 86
48708 0
48709 8
48710 0
48711 0
48712 0
48713 2
48714 4
48715 0
48716 0
48717 0
48718 0
48719 94
48720 0
48721 16
48722 0
48723 0
48724 4
48725 2
48726 0
48727 0
48728 0
48729 8
48730 0
48731 86
48732 0
48733 0
48734 256
48735 0
48736 0
48737 2
48738 8
48739 16
48740 20
48741 0
48742 0
48743 14
48744 4
48745 0
48746 0
48747 0
48748 0
48749 58
48750 0
48751 0
48752 0
48753 0
48754 4
48755 38
48756 0
48757 0
48758 0
48759 32
48760 0
48761 162
48762 40
48763 0
48764 4
48765 0
48766 0
48767 7422
48768 0
48769 8
48770 588
48771 0
48772 8
48773 42
48774 4
48775 0
48776 0
48777 0
48778 0
48779 22
48780 0
48781 0
48782 0
48783 0
48784 4
48785 2
48786 0
48787 0
48788 0
48789 64
48790 0
48791 14
48792 0
48793 40
48794 4
48795 0
48796 0
48797 2
48798 0
48799 128
48800 0
48801 0
48802 0
48803 6
48804 4
48805 0
48806 28
48807 0
48808 0
48809 10
48810 0
48811 0
48812 0
48813 0
48814 28
48815 30
48816 0
48817 0
48818 0
48819 16
48820 0
48821 2
48822 0
48823 64
48824 48
48825 0
48826 0
48827 6
48828 0
48829 296
48830 0
48831 0
48832 0
48833 2
48834 4
48835 0
48836 0
48837 0
48838 0
48839 206
48840 8
48841 0
48842 0
48843 0
48844 4
48845 2
48846 0
48847 0
48848 0
48849 8
48850 0
48851 6
48852 0
48853 0
48854 4
48855 160
48856 0
48857 18
48858 0
48859 16
48860 0
48861 0
48862 0
48863 62
48864 4
48865 0
48866 0
48867 0
48868 0
48869 10
48870 0
48871 0
48872 20
48873 0
48874 12
48875 6
48876 0
48877 0
48878 0
48879 448
48880 0
48881 2
48882 0
48883 0
48884 4
48885 0
48886 20
48887 206
48888 0
48889 8
48890 56
48891 32
48892 0
48893 2
48894 60
48895 0
48896 0
48897 0
48898 0
48899 22
48900 0
48901 0
48902 0
48903 0
48904 4
48905 114
48906 0
48907 0
48908 8
48909 8
48910 0
48911 30
48912 0
48913 0
48914 4
48915 0
48916 0
48917 42
48918 0
48919 32
48920 0
48921 0
48922 0
48923 6
48924 4
48925 16
48926 0
48927 0
48928 0
48929 10
48930 0
48931 0
48932 0
48933 0
48934 4
48935 14
48936 0
48937 0
48938 20
48939 16
48940 0
48941 2
48942 8
48943 0
48944 28
48945 0
48946 0
48947 6
48948 20
48949 8
48950 24
48951 0
48952 0
48953 2
48954 4
48955 0
48956 0
48957 0
48958 0
48959 9086
48960 0
48961 0
48962 0
48963 0
48964 4
48965 2
48966 0
48967 0
48968 0
48969 8
48970 0
48971 86
48972 0
48973 0
48974 4
48975 0
48976 8
48977 2
48978 0
48979 96
48980 0
48981 0
48982 0
48983 14
48984 4
48985 0
48986 0
48987 0
48988 0
48989 10
48990 0
48991 0
48992 0
48993 16
48994 24
48995 6
48996 0
48997 0
48998 0
48999 32
49000 0
49001 2
49002 0
49003 0
49004 24
49005 0
49006 0
49007 30
49008 0
49009 56
49010 28
49011 0
49012 0
49013 50
49014 4
49015 0
49016 0
49017 0
49018 0
49019 246
49020 0
49021 112
49022 0
49023 0
49024 4
49025 2
49026 0
49027 32
49028 0
49029 8
49030 0
49031 14
49032 0
49033 0
49034 4
49035 0
49036 0
49037 42
49038 0
49039 64
49040 0
49041 40
49042 0
49043 6
49044 12
49045 0
49046 0
49047 0
49048 0
49049 10
49050 0
49051 0
49052 0
49053 0
49054 4
49055 8126
49056 0
49057 0
49058 0
49059 16
49060 0
49061 18
49062 0
49063 0
49064 4
49065 0
49066 0
49067 6
49068 0
49069 8
49070 20
49071 0
49072 20
49073 2
49074 28
49075 0
49076 60
49077 0
49078 8
49079 46
49080 0
49081 0
49082 0
49083 0
49084 4
49085 2
49086 144
49087 0
49088 0
49089 8
49090 0
49091 6
49092 0
49093 0
49094 4
49095 64
49096 0
49097 2
49098 0
49099 16
49100 0
49101 0
49102 0
49103 7710
49104 4
49105 0
49106 0
49107 0
49108 0
49109 10
49110 0
49111 0
49112 8
49113 0
49114 4
49115 6
49116 0
49117 0
49118 0
49119 128
49120 0
49121 2
49122 0
49123 0
49124 4
49125 0
49126 0
49127 8462
49128 0
49129 24
49130 0
49131 0
49132 0
49133 2
49134 24
49135 0
49136 20
49137 0
49138 0
49139 8278
49140 0
49141 0
49142 0
49143 0
49144 4
49145 8010
49146 8
49147 0
49148 8232
49149 8
49150 0
49151 32766
49152 0
49153 0
49154 8236
49155 0
49156 0
49157 8010
49158 0
49159 32
49160 0
49161 0
49162 0
49163 8294
49164 4
49165 40
49166 0
49167 0
49168 0
49169 50
49170 0
49171 0
49172 0
49173 0
49174 4
49175 8462
49176 0
49177 0
49178 0
49179 16
49180 8
49181 2
49182 0
49183 0
49184 4
49185 0
49186 0
49187 6
49188 0
49189 8
49190 0
49191 0
49192 0
49193 2
49194 4
49195 0
49196 20
49197 16
49198 0
49199 7774
49200 0
49201 0
49202 44
49203 0
49204 28
49205 2
49206 0
49207 0
49208 0
49209 8
49210 0
49211 6
49212 0
49213 0
49214 140
49215 0
49216 0
49217 2
49218 0
49219 16
49220 0
49221 0
49222 0
49223 14
49224 4
49225 0
49226 0
49227 80
49228 0
49229 10
49230 0
49231 128
49232 0
49233 0
49234 4
49235 86
49236 0
49237 0
49238 0
49239 32
49240 0
49241 2
49242 0
49243 0
49244 4
49245 0
49246 0
49247 8126
49248 8
49249 8
49250 0
49251 0
49252 0
49253 2
49254 4
49255 0
49256 0
49257 0
49258 20
49259 22
49260 0
49261 0
49262 0
49263 0
49264 4
49265 66
49266 0
49267 0
49268 20
49269 56
49270 0
49271 14
49272 0
49273 0
49274 4
49275 224
49276 0
49277 114
49278 0
49279 512
49280 0
49281 0
49282 8
49283 6
49284 4
49285 0
49286 0
49287 0
49288 0
49289 50
49290 0
49291 0
49292 0
49293 0
49294 4
49295 30
49296 0
49297 0
49298 0
49299 48
49300 0
49301 42
49302 0
49303 0
49304 4
49305 0
49306 0
49307 6
49308 0
49309 8
49310 0
49311 0
49312 0
49313 2
49314 4
49315 0
49316 8
49317 0
49318 0
49319 46
49320 20
49321 0
49322 0
49323 0
49324 4
49325 2
49326 0
49327 0
49328 24
49329 8
49330 0
49331 6
49332 0
49333 16
49334 48
49335 0
49336 0
49337 2
49338 0
49339 16
49340 0
49341 0
49342 0
49343 9342
49344 4
49345 0
49346 0
49347 0
49348 0
49349 10
49350 8
49351 160
49352 0
49353 0
49354 4
49355 6
49356 0
49357 0
49358 0
49359 64
49360 0
49361 2
49362 0
49363 0
49364 4
49365 0
49366 0
49367 238
49368 0
49369 8
49370 0
49371 0
49372 0
49373 2
49374 4
49375 0
49376 0
49377 0
49378 0
49379 22
49380 0
49381 0
49382 20
49383 0
49384 12
49385 2
49386 0
49387 0
49388 0
49389 8
49390 0
49391 414
49392 0
49393 0
49394 4
49395 0
49396 0
49397 2
49398 0
49399 224
49400 20
49401 16
49402 56
49403 6
49404 24
49405 0
49406 56
49407 0
49408 0
49409 10
49410 0
49411 0
49412 0
49413 40
49414 4
49415 14
49416 0
49417 0
49418 44
49419 16
49420 0
49421 2
49422 0
49423 0
49424 4
49425 0
49426 0
49427 6
49428 0
49429 8
49430 0
49431 0
49432 0
49433 42
49434 4
49435 32
49436 0
49437 0
49438 0
49439 190
49440 0
49441 0
49442 0
49443 0
49444 44
49445 2
49446 0
49447 0
49448 0
49449 8
49450 0
49451 6
49452 8
49453 0
49454 28
49455 0
49456 0
49457 2
49458 0
49459 16
49460 0
49461 0
49462 0
49463 14
49464 28
49465 0
49466 20
49467 0
49468 0
49469 282
49470 0
49471 0
49472 0
49473 0
49474 4
49475 86
49476 0
49477 0
49478 0
49479 32
49480 0
49481 2
49482 0
49483 0
49484 4
49485 0
49486 8
49487 30
49488 0
49489 8
49490 0
49491 0
49492 0
49493 2
49494 4
49495 0
49496 0
49497 0
49498 0
49499 102
49500 0
49501 0
49502 0
49503 256
49504 4
49505 2
49506 20
49507 0
49508 0
49509 8
49510 0
49511 14
49512 0
49513 0
49514 4
49515 0
49516 0
49517 50
49518 0
49519 64
49520 8
49521 0
49522 0
49523 6
49524 4
49525 0
49526 0
49527 0
49528 0
49529 170
49530 0
49531 0
49532 20
49533 0
49534 4
49535 7422
49536 0
49537 56
49538 0
49539 16
49540 0
49541 2
49542 0
49543 0
49544 4
49545 0
49546 0
49547 6
49548 0
49549 8
49550 0
49551 0
49552 0
49553 2
49554 12
49555 0
49556 0
49557 0
49558 0
49559 46
49560 0
49561 0
49562 0
49563 0
49564 4
49565 42
49566 252
49567 0
49568 20
49569 8
49570 0
49571 38
49572 0
49573 0
49574 4
49575 0
49576 0
49577 2
49578 0
49579 16
49580 24
49581 0
49582 0
49583 30
49584 4
49585 0
49586 0
49587 0
49588 8
49589 82
49590 0
49591 0
49592 0
49593 0
49594 256
49595 6
49596 0
49597 0
49598 20
49599 1536
49600 144
49601 2
49602 0
49603 0
49604 4
49605 16
49606 0
49607 14
49608 0
49609 48
49610 0
49611 0
49612 0
49613 2
49614 4
49615 0
49616 0
49617 0
49618 0
49619 22
49620 0
49621 0
49622 8
49623 0
49624 4
49625 2
49626 0
49627 0
49628 0
49629 8
49630 20
49631 702
49632 0
49633 0
49634 4
49635 0
49636 0
49637 2
49638 0
49639 96
49640 0
49641 0
49642 0
49643 102
49644 4
49645 0
49646 0
49647 0
49648 0
49649 10
49650 0
49651 0
49652 0
49653 0
49654 4
49655 14
49656 64
49657 0
49658 0
49659 112
49660 0
49661 42
49662 0
49663 0
49664 80
49665 0
49666 0
49667 6
49668 0
49669 8
49670 0
49671 0
49672 0
49673 18
49674 4
49675 0
49676 0
49677 0
49678 0
49679 94
49680 0
49681 0
49682 0
49683 0
49684 4
49685 2
49686 0
49687 0
49688 0
49689 8
49690 8
49691 6
49692 20
49693 0
49694 4
49695 0
49696 0
49697 42
49698 0
49699 16
49700 0
49701 0
49702 0
49703 14
49704 4
49705 0
49706 24
49707 32
49708 0
49709 10
49710 0
49711 0
49712 0
49713 0
49714 4
49715 6
49716 0
49717 0
49718 0
49719 32
49720 0
49721 2
49722 0
49723 80
49724 260
49725 0
49726 0
49727 126
49728 0
49729 8
49730 20
49731 0
49732 0
49733 2
49734 4
49735 0
49736 0
49737 0
49738 0
49739 22
49740 0
49741 16
49742 0
49743 0
49744 4
49745 2
49746 0
49747 0
49748 0
49749 8
49750 0
49751 14
49752 0
49753 0
49754 24
49755 0
49756 0
49757 2
49758 8
49759 128
49760 252
49761 0
49762 0
49763 86
49764 4
49765 0
49766 0
49767 0
49768 0
49769 58
49770 0
49771 0
49772 0
49773 0
49774 4
49775 158
49776 0
49777 0
49778 0
49779 16
49780 0
49781 2
49782 0
49783 448
49784 4
49785 80
49786 0
49787 6
49788 0
49789 56
49790 0
49791 0
49792 8
49793 114
49794 4
49795 0
49796 20
49797 0
49798 0
49799 46
49800 0
49801 0
49802 0
49803 0
49804 4
49805 2
49806 0
49807 0
49808 0
49809 24
49810 0
49811 6
49812 0
49813 0
49814 24
49815 0
49816 20
49817 2
49818 0
49819 16
49820 0
49821 0
49822 0
49823 62
49824 4
49825 0
49826 8
49827 0
49828 0
49829 50
49830 0
49831 0
49832 24
49833 0
49834 4
49835 6
49836 0
49837 0
49838 0
49839 64
49840 0
49841 2
49842 0
49843 32
49844 4
49845 0
49846 0
49847 174
49848 0
49849 8
49850 0
49851 0
49852 0
49853 2
49854 28
49855 0
49856 0
49857 288
49858 132
49859 22
49860 8
49861 0
49862 20
49863 0
49864 4
49865 2
49866 0
49867 0
49868 0
49869 8
49870 0
49871 30
49872 0
49873 0
49874 4
49875 0
49876 0
49877 18
49878 20
49879 32
49880 0
49881 0
49882 0
49883 6
49884 4
49885 0
49886 0
49887 0
49888 0
49889 10
49890 0
49891 0
49892 0
49893 0
49894 12
49895 366
49896 0
49897 0
49898 0
49899 16
49900 0
49901 2
49902 0
49903 0
49904 4
49905 0
49906 0
49907 6
49908 0
49909 48
49910 56
49911 64
49912 0
49913 2
49914 4
49915 0
49916 0
49917 0
49918 0
49919 7678
49920 0
49921 0
49922 56
49923 0
49924 4
49925 2
49926 0
49927 0
49928 28
49929 8
49930 0
49931 1158
49932 0
49933 0
49934 4
49935 0
49936 0
49937 2
49938 0
49939 16
49940 20
49941 0
49942 0
49943 14
49944 4
49945 16
49946 0
49947 0
49948 0
49949 10
49950 0
49951 0
49952 0
49953 0
49954 4
49955 6
49956 0
49957 0
49958 96
49959 32
49960 0
49961 42
49962 8
49963 0
49964 4
49965 0
49966 0
49967 30
49968 0
49969 8
49970 0
49971 80
49972 0
49973 2
49974 4
49975 0
49976 0
49977 0
49978 0
49979 566
49980 0
49981 0
49982 0
49983 0
49984 28
49985 2
49986 0
49987 0
49988 0
49989 8
49990 0
49991 14
49992 0
49993 0
49994 24
49995 0
49996 8
49997 2
49998 0
49999 64
50000 0
50001 0
50002 20
50003 6
50004 4
50005 0
50006 0
50007 0
50008 0
50009 10
50010 0
50011 0
50012 0
50013 16
50014 4
50015 62
50016 0
50017 0
50018 0
50019 96
50020 0
50021 50
50022 0
50023 0
50024 4
50025 0
50026 0
50027 86
50028 0
50029 8
50030 8
50031 0
50032 0
50033 42
50034 4
50035 0
50036 0
50037 112
50038 0
50039 46
50040 0
50041 0
50042 0
50043 0
50044 4
50045 2
50046 0
50047 1024
50048 0
50049 152
50050 0
50051 230
50052 0
50053 0
50054 4
50055 0
50056 0
50057 2
50058 0
50059 16
50060 20
50061 0
50062 0
50063 30
50064 32
50065 0
50066 0
50067 0
50068 0
50069 10
50070 0
50071 0
50072 0
50073 0
50074 4
50075 6
50076 0
50077 504
50078 0
50079 128
50080 0
50081 18
50082 0
50083 0
50084 28
50085 0
50086 0
50087 14
50088 0
50089 8
50090 0
50091 0
50092 0
50093 42
50094 4
50095 320
50096 0
50097 0
50098 8
50099 22
50100 0
50101 0
50102 36
50103 0
50104 4
50105 2
50106 0
50107 0
50108 0
50109 8
50110 0
50111 126
50112 0
50113 0
50114 236
50115 32
50116 0
50117 2
50118 0
50119 32
50120 0
50121 0
50122 0
50123 6
50124 4
50125 0
50126 480
50127 0
50128 0
50129 10
50130 0
50131 0
50132 8
50133 0
50134 4
50135 14
50136 0
50137 0
50138 0
50139 16
50140 0
50141 2
50142 0
50143 0
50144 4
50145 0
50146 0
50147 102
50148 0
50149 24
50150 0
50151 0
50152 0
50153 2
50154 4
50155 0
50156 0
50157 40
50158 0
50159 414
50160 0
50161 0
50162 0
50163 0
50164 60
50165 2
50166 8
50167 0
50168 0
50169 8
50170 0
50171 6
50172 0
50173 0
50174 4
50175 0
50176 0
50177 2
50178 0
50179 112
50180 56
50181 0
50182 0
50183 78
50184 4
50185 0
50186 0
50187 0
50188 20
50189 10
50190 0
50191 0
50192 20
50193 0
50194 4
50195 6
50196 0
50197 0
50198 0
50199 32
50200 8
50201 2
50202 0
50203 0
50204 4
50205 0
50206 0
50207 62
50208 0
50209 8
50210 24
50211 0
50212 0
50213 2
50214 4
50215 0
50216 0
50217 16
50218 0
50219 102
50220 0
50221 0
50222 0
50223 0
50224 484
50225 42
50226 0
50227 0
50228 0
50229 8
50230 0
50231 14
50232 0
50233 0
50234 140
50235 0
50236 0
50237 2
50238 0
50239 256
50240 0
50241 0
50242 0
50243 6
50244 28
50245 0
50246 0
50247 0
50248 0
50249 10
50250 20
50251 32
50252 0
50253 0
50254 4
50255 30
50256 0
50257 0
50258 20
50259 16
50260 0
50261 2
50262 0
50263 0
50264 4
50265 0
50266 0
50267 6
50268 8
50269 8
50270 0
50271 0
50272 0
50273 554
50274 4
50275 0
50276 0
50277 0
50278 0
50279 46
50280 0
50281 40
50282 0
50283 0
50284 4
50285 18
50286 0
50287 0
50288 0
50289 8
50290 0
50291 310
50292 0
50293 0
50294 4
50295 0
50296 0
50297 2
50298 0
50299 16
50300 0
50301 0
50302 8
50303 254
50304 4
50305 0
50306 0
50307 0
50308 0
50309 362
50310 0
50311 0
50312 20
50313 0
50314 4
50315 6
50316 0
50317 0
50318 0
50319 192
50320 0
50321 2
50322 0
50323 0
50324 24
50325 0
50326 0
50327 14
50328 0
50329 8
50330 0
50331 0
50332 0
50333 2
50334 4
50335 0
50336 32
50337 0
50338 0
50339 22
50340 0
50341 0
50342 0
50343 160
50344 4
50345 2
50346 0
50347 0
50348 0
50349 8
50350 0
50351 30
50352 0
50353 16
50354 4
50355 0
50356 0
50357 42
50358 0
50359 32
50360 0
50361 0
50362 0
50363 6
50364 4
50365 0
50366 0
50367 0
50368 0
50369 10
50370 8
50371 576
50372 0
50373 0
50374 48
50375 14
50376 0
50377 0
50378 0
50379 16
50380 0
50381 2
50382 0
50383 0
50384 4
50385 0
50386 0
50387 38
50388 0
50389 8
50390 20
50391 0
50392 0
50393 2
50394 4
50395 0
50396 0
50397 0
50398 0
50399 958
50400 0
50401 0
50402 0
50403 0
50404 12
50405 42
50406 0
50407 0
50408 0
50409 8
50410 0
50411 6
50412 0
50413 0
50414 4
50415 0
50416 0
50417 2
50418 56
50419 16
50420 0
50421 16
50422 0
50423 174
50424 4
50425 0
50426 0
50427 0
50428 0
50429 50
50430 0
50431 0
50432 0
50433 0
50434 4
50435 6
50436 20
50437 0
50438 64
50439 224
50440 0
50441 2
50442 0
50443 0
50444 40
50445 0
50446 0
50447 30
50448 0
50449 8
50450 0
50451 0
50452 0
50453 2
50454 4
50455 64
50456 20
50457 0
50458 0
50459 22
50460 0
50461 0
50462 24
50463 0
50464 4
50465 2
50466 0
50467 160
50468 0
50469 8
50470 0
50471 14
50472 8
50473 0
50474 4
50475 0
50476 0
50477 2
50478 0
50479 64
50480 0
50481 0
50482 0
50483 6
50484 4
50485 0
50486 0
50487 0
50488 0
50489 322
50490 0
50491 0
50492 0
50493 0
50494 4
50495 126
50496 0
50497 0
50498 20
50499 16
50500 0
50501 2
50502 0
50503 0
50504 220
50505 0
50506 8
50507 6
50508 0
50509 8
50510 0
50511 0
50512 0
50513 2
50514 4
50515 0
50516 0
50517 0
50518 0
50519 46
50520 0
50521 0
50522 20
50523 32
50524 4
50525 50
50526 0
50527 0
50528 0
50529 48
50530 0
50531 6
50532 0
50533 0
50534 4
50535 0
50536 0
50537 2
50538 0
50539 16
50540 8
50541 264
50542 0
50543 30
50544 4
50545 112
50546 0
50547 0
50548 0
50549 10
50550 0
50551 0
50552 0
50553 0
50554 4
50555 86
50556 0
50557 16
50558 0
50559 512
50560 20
50561 2
50562 0
50563 0
50564 4
50565 0
50566 0
50567 462
50568 0
50569 56
50570 0
50571 0
50572 0
50573 2
50574 12
50575 0
50576 0
50577 0
50578 0
50579 22
50580 0
50581 0
50582 0
50583 0
50584 4
50585 2
50586 0
50587 0
50588 296
50589 8
50590 0
50591 958
50592 0
50593 0
50594 4
50595 0
50596 0
50597 2
50598 0
50599 32
50600 0
50601 0
50602 0
50603 6
50604 4
50605 0
50606 0
50607 0
50608 8
50609 106
50610 0
50611 0
50612 0
50613 0
50614 4
50615 302
50616 0
50617 0
50618 0
50619 16
50620 0
50621 42
50622 20
50623 0
50624 4
50625 16
50626 0
50627 6
50628 144
50629 8
50630 0
50631 0
50632 0
50633 2
50634 48
50635 0
50636 0
50637 0
50638 0
50639 94
50640 0
50641 0
50642 188
50643 0
50644 4
50645 2
50646 0
50647 0
50648 0
50649 8
50650 0
50651 102
50652 0
50653 40
50654 24
50655 0
50656 0
50657 2
50658 0
50659 48
50660 0
50661 0
50662 0
50663 14
50664 4
50665 0
50666 0
50667 0
50668 0
50669 10
50670 0
50671 0
50672 56
50673 0
50674 4
50675 6
50676 8
50677 0
50678 0
50679 32
50680 0
50681 2
50682 0
50683 0
50684 24
50685 0
50686 0
50687 11262
50688 0
50689 8
50690 0
50691 0
50692 0
50693 18
50694 4
50695 0
50696 56
50697 0
50698 0
50699 118
50700 0
50701 0
50702 0
50703 0
50704 4
50705 2
50706 0
50707 0
50708 0
50709 8
50710 8
50711 14
50712 0
50713 0
50714 28
50715 80
50716 0
50717 2
50718 0
50719 128
50720 20
50721 0
50722 0
50723 6
50724 4
50725 0
50726 0
50727 64
50728 0
50729 10
50730 0
50731 0
50732 0
50733 0
50734 4
50735 30
50736 0
50737 0
50738 0
50739 16
50740 0
50741 2
50742 0
50743 0
50744 140
50745 0
50746 20
50747 6
50748 0
50749 8
50750 0
50751 0
50752 0
50753 42
50754 4
50755 0
50756 0
50757 0
50758 0
50759 46
50760 0
50761 16
50762 0
50763 0
50764 28
50765 2
50766 0
50767 0
50768 0
50769 8
50770 0
50771 6
50772 0
50773 0
50774 4
50775 0
50776 0
50777 234
50778 8
50779 16
50780 0
50781 0
50782 0
50783 62
50784 4
50785 0
50786 272
50787 0
50788 0
50789 10
50790 0
50791 0
50792 0
50793 0
50794 4
50795 38
50796 0
50797 0
50798 0
50799 960
50800 0
50801 2
50802 0
50803 0
50804 4
50805 0
50806 0
50807 14
50808 40
50809 8
50810 0
50811 0
50812 8
50813 2
50814 4
50815 0
50816 0
50817 0
50818 0
50819 102
50820 0
50821 0
50822 0
50823 0
50824 4
50825 114
50826 0
50827 0
50828 0
50829 72
50830 0
50831 30
50832 0
50833 0
50834 4
50835 0
50836 0
50837 2
50838 0
50839 352
50840 24
50841 0
50842 0
50843 6
50844 4
50845 0
50846 8
50847 0
50848 0
50849 10
50850 0
50851 0
50852 20
50853 0
50854 4
50855 14
50856 0
50857 0
50858 0
50859 16
50860 0
50861 2
50862 0
50863 128
50864 4
50865 0
50866 0
50867 6
50868 0
50869 8
50870 20
50871 0
50872 0
50873 2
50874 4
50875 0
50876 0
50877 0
50878 0
50879 382
50880 8
50881 0
50882 0
50883 0
50884 4
50885 330
50886 0
50887 0
50888 0
50889 8
50890 0
50891 6
50892 0
50893 0
50894 124
50895 0
50896 0
50897 18
50898 0
50899 16
50900 0
50901 40
50902 0
50903 206
50904 4
50905 0
50906 0
50907 0
50908 0
50909 10
50910 0
50911 0
50912 0
50913 0
50914 12
50915 6
50916 0
50917 0
50918 20
50919 32
50920 0
50921 2
50922 0
50923 0
50924 4
50925 0
50926 56
50927 30
50928 0
50929 8
50930 0
50931 32
50932 20
50933 2
50934 4
50935 0
50936 0
50937 0
50938 0
50939 22
50940 0
50941 0
50942 0
50943 0
50944 4
50945 2
50946 0
50947 0
50948 8
50949 8
50950 0
50951 174
50952 0
50953 0
50954 60
50955 0
50956 0
50957 74
50958 0
50959 1216
50960 0
50961 0
50962 0
50963 86
50964 4
50965 16
50966 24
50967 0
50968 0
50969 10
50970 0
50971 0
50972 0
50973 240
50974 4
50975 62
50976 0
50977 0
50978 0
50979 16
50980 0
50981 2
50982 8
50983 0
50984 24
50985 0
50986 0
50987 6
50988 0
50989 8
50990 0
50991 0
50992 0
50993 2
50994 24
50995 0
50996 0
50997 0
50998 0
50999 1134
51000 0
51001 0
51002 0
51003 0
51004 4
51005 2
51006 0
51007 0
51008 0
51009 8
51010 0
51011 6
51012 0
51013 0
51014 4
51015 0
51016 8
51017 42
51018 0
51019 16
51020 0
51021 0
51022 0
51023 30
51024 28
51025 40
51026 0
51027 0
51028 0
51029 58
51030 0
51031 0
51032 0
51033 16
51034 4
51035 6
51036 0
51037 0
51038 0
51039 128
51040 0
51041 2
51042 0
51043 0
51044 24
51045 0
51046 0
51047 14
51048 0
51049 8
51050 28
51051 0
51052 0
51053 114
51054 4
51055 0
51056 20
51057 0
51058 0
51059 22
51060 0
51061 0
51062 0
51063 0
51064 4
51065 2
51066 0
51067 32
51068 0
51069 8
51070 0
51071 254
51072 0
51073 0
51074 4
51075 0
51076 0
51077 2
51078 0
51079 32
51080 0
51081 0
51082 0
51083 310
51084 12
51085 0
51086 0
51087 320
51088 0
51089 58
51090 0
51091 0
51092 24
51093 0
51094 4
51095 14
51096 0
51097 0
51098 0
51099 1024
51100 0
51101 18
51102 0
51103 0
51104 4
51105 0
51106 0
51107 6
51108 0
51109 8
51110 0
51111 0
51112 0
51113 2
51114 4
51115 0
51116 20
51117 0
51118 28
51119 94
51120 0
51121 0
51122 0
51123 0
51124 4
51125 2
51126 0
51127 0
51128 36
51129 8
51130 0
51131 6
51132 0
51133 0
51134 4
51135 512
51136 0
51137 2
51138 0
51139 16
51140 0
51141 0
51142 144
51143 14
51144 4
51145 0
51146 0
51147 0
51148 0
51149 1370
51150 0
51151 0
51152 8
51153 0
51154 28
51155 102
51156 0
51157 0
51158 0
51159 32
51160 0
51161 2
51162 0
51163 0
51164 4
51165 0
51166 0
51167 62
51168 0
51169 24
51170 0
51171 0
51172 0
51173 2
51174 1060
51175 0
51176 0
51177 0
51178 0
51179 22
51180 76
51181 0
51182 20
51183 0
51184 4
51185 2
51186 8
51187 0
51188 0
51189 8
51190 0
51191 14
51192 0
51193 0
51194 4
51195 0
51196 0
51197 2
51198 0
51199 8192
51200 0
51201 0
51202 0
51203 38
51204 4
51205 0
51206 0
51207 0
51208 0
51209 10
51210 0
51211 80
51212 56
51213 0
51214 4
51215 350
51216 0
51217 0
51218 24
51219 112
51220 8
51221 2
51222 0
51223 0
51224 1060
51225 0
51226 0
51227 6
51228 0
51229 8
51230 0
51231 0
51232 0
51233 2
51234 4
51235 0
51236 0
51237 16
51238 0
51239 46
51240 0
51241 0
51242 20
51243 0
51244 4
51245 2
51246 0
51247 0
51248 20
51249 968
51250 0
51251 6
51252 0
51253 0
51254 140
51255 0
51256 0
51257 2
51258 0
51259 16
51260 0
51261 0
51262 0
51263 126
51264 4
51265 0
51266 0
51267 0
51268 0
51269 10
51270 0
51271 64
51272 0
51273 40
51274 4
51275 6
51276 0
51277 0
51278 0
51279 64
51280 0
51281 90
51282 0
51283 0
51284 28
51285 0
51286 0
51287 14
51288 8
51289 8
51290 0
51291 0
51292 0
51293 2
51294 4
51295 0
51296 0
51297 0
51298 0
51299 1030
51300 0
51301 0
51302 0
51303 0
51304 24
51305 18
51306 0
51307 224
51308 0
51309 8
51310 0
51311 30
51312 0
51313 0
51314 24
51315 0
51316 0
51317 2
51318 0
51319 32
51320 0
51321 0
51322 8
51323 6
51324 4
51325 0
51326 0
51327 0
51328 0
51329 10
51330 0
51331 0
51332 0
51333 0
51334 4
51335 174
51336 0
51337 0
51338 0
51339 48
51340 0
51341 114
51342 0
51343 0
51344 28
51345 0
51346 0
51347 86
51348 0
51349 56
51350 0
51351 0
51352 0
51353 2
51354 4
51355 0
51356 8
51357 0
51358 0
51359 190
51360 0
51361 0
51362 0
51363 0
51364 4
51365 2
51366 20
51367 0
51368 0
51369 8
51370 0
51371 6
51372 0
51373 16
51374 4
51375 0
51376 0
51377 2
51378 0
51379 16
51380 20
51381 0
51382 0
51383 14
51384 4
51385 0
51386 0
51387 0
51388 0
51389 10
51390 8
51391 0
51392 0
51393 0
51394 4
51395 6
51396 0
51397 40
51398 0
51399 1184
51400 0
51401 2
51402 0
51403 0
51404 4
51405 0
51406 0
51407 542
51408 0
51409 8
51410 0
51411 0
51412 0
51413 42
51414 76
51415 0
51416 0
51417 0
51418 0
51419 22
51420 0
51421 0
51422 0
51423 0
51424 12
51425 2
51426 0
51427 0
51428 20
51429 8
51430 0
51431 14
51432 0
51433 0
51434 60
51435 0
51436 0
51437 2
51438 0
51439 64
51440 0
51441 16
51442 0
51443 6
51444 4
51445 0
51446 20
51447 0
51448 0
51449 10
51450 0
51451 0
51452 0
51453 0
51454 24
51455 510
51456 0
51457 0
51458 8
51459 96
51460 0
51461 2
51462 0
51463 0
51464 4
51465 0
51466 0
51467 6
51468 0
51469 8
51470 116
51471 0
51472 0
51473 2
51474 4
51475 32
51476 0
51477 0
51478 0
51479 1166
51480 0
51481 0
51482 0
51483 0
51484 4
51485 2
51486 0
51487 0
51488 0
51489 8
51490 400
51491 6
51492 8
51493 0
51494 4
51495 0
51496 0
51497 2
51498 0
51499 16
51500 0
51501 0
51502 0
51503 30
51504 4
51505 0
51506 0
51507 0
51508 0
51509 282
51510 0
51511 0
51512 20
51513 0
51514 4
51515 6
51516 0
51517 0
51518 0
51519 256
51520 0
51521 42
51522 0
51523 0
51524 4
51525 0
51526 8
51527 14
51528 0
51529 8
51530 0
51531 0
51532 0
51533 50
51534 4
51535 0
51536 0
51537 0
51538 0
51539 22
51540 0
51541 0
51542 0
51543 64
51544 28
51545 42
51546 0
51547 0
51548 0
51549 8
51550 0
51551 62
51552 20
51553 0
51554 4
51555 0
51556 0
51557 2
51558 0
51559 32
51560 8
51561 112
51562 0
51563 6
51564 4
51565 0
51566 0
51567 0
51568 0
51569 10
51570 0
51571 0
51572 0
51573 0
51574 4
51575 14
51576 0
51577 16
51578 20
51579 16
51580 0
51581 2
51582 0
51583 2560
51584 4
51585 0
51586 0
51587 6
51588 0
51589 8
51590 0
51591 0
51592 0
51593 2
51594 12
51595 0
51596 96
51597 0
51598 0
51599 990
51600 0
51601 0
51602 0
51603 0
51604 4
51605 2
51606 0
51607 0
51608 0
51609 56
51610 252
51611 118
51612 0
51613 0
51614 24
51615 0
51616 0
51617 2
51618 0
51619 16
51620 0
51621 0
51622 0
51623 14
51624 4
51625 0
51626 0
51627 0
51628 8
51629 10
51630 0
51631 0
51632 0
51633 0
51634 4
51635 6
51636 0
51637 0
51638 0
51639 32
51640 0
51641 74
51642 0
51643 0
51644 24
51645 56
51646 0
51647 126
51648 0
51649 8
51650 0
51651 0
51652 0
51653 2
51654 4
51655 0
51656 144
51657 0
51658 0
51659 198
51660 0
51661 0
51662 8
51663 0
51664 4
51665 2
51666 0
51667 0
51668 0
51669 8
51670 0
51671 14
51672 0
51673 0
51674 28
51675 0
51676 20
51677 42
51678 0
51679 384
51680 0
51681 0
51682 0
51683 6
51684 4
51685 0
51686 0
51687 0
51688 56
51689 10
51690 0
51691 0
51692 0
51693 0
51694 4
51695 30
51696 8
51697 0
51698 0
51699 16
51700 0
51701 2
51702 0
51703 0
51704 4
51705 0
51706 0
51707 86
51708 0
51709 8
51710 20
51711 0
51712 0
51713 18
51714 4
51715 0
51716 0
51717 0
51718 0
51719 46
51720 0
51721 0
51722 24
51723 0
51724 4
51725 2
51726 0
51727 0
51728 56
51729 8
51730 8
51731 6
51732 0
51733 0
51734 4
51735 0
51736 0
51737 2
51738 20
51739 112
51740 0
51741 0
51742 0
51743 702
51744 4
51745 0
51746 0
51747 32
51748 0
51749 10
51750 0
51751 0
51752 0
51753 0
51754 4
51755 6
51756 0
51757 0
51758 0
51759 64
51760 0
51761 2
51762 0
51763 0
51764 140
51765 0
51766 0
51767 14
51768 0
51769 48
51770 0
51771 0
51772 0
51773 2
51774 4
51775 0
51776 20
51777 0
51778 0
51779 22
51780 0
51781 16
51782 0
51783 0
51784 4
51785 50
51786 0
51787 0
51788 0
51789 8
51790 0
51791 30
51792 0
51793 0
51794 4
51795 0
51796 0
51797 2
51798 8
51799 32
51800 20
51801 0
51802 0
51803 6
51804 28
51805 0
51806 0
51807 0
51808 0
51809 50
51810 0
51811 0
51812 252
51813 0
51814 4
51815 526
51816 0
51817 0
51818 0
51819 16
51820 0
51821 2
51822 0
51823 0
51824 4
51825 0
51826 0
51827 6
51828 0
51829 8
51830 0
51831 320
51832 8
51833 2
51834 4
51835 0
51836 0
51837 0
51838 0
51839 766
51840 0
51841 0
51842 20
51843 0
51844 4
51845 2
51846 0
51847 0
51848 24
51849 24
51850 0
51851 6
51852 0
51853 0
51854 4
51855 0
51856 0
51857 114
51858 0
51859 16
51860 0
51861 0
51862 20
51863 14
51864 24
51865 0
51866 8
51867 0
51868 0
51869 442
51870 0
51871 0
51872 0
51873 0
51874 4
51875 86
51876 0
51877 0
51878 0
51879 32
51880 0
51881 2
51882 0
51883 32
51884 4
51885 0
51886 0
51887 30
51888 468
51889 8
51890 0
51891 0
51892 0
51893 42
51894 4
51895 0
51896 0
51897 0
51898 0
51899 22
51900 8
51901 0
51902 0
51903 0
51904 4
51905 2
51906 0
51907 528
51908 20
51909 8
51910 0
51911 206
51912 0
51913 288
51914 4
51915 0
51916 0
51917 18
51918 0
51919 64
51920 0
51921 0
51922 0
51923 6
51924 24
51925 0
51926 0
51927 0
51928 0
51929 10
51930 0
51931 0
51932 0
51933 0
51934 36
51935 62
51936 0
51937 0
51938 0
51939 16
51940 0
51941 42
51942 56
51943 0
51944 4
51945 0
51946 0
51947 6
51948 0
51949 8
51950 0
51951 128
51952 0
51953 2
51954 4
51955 80
51956 0
51957 0
51958 0
51959 46
51960 0
51961 0
51962 0
51963 0
51964 4
51965 2
51966 0
51967 0
51968 8
51969 8
51970 0
51971 6
51972 0
51973 0
51974 48
51975 0
51976 0
51977 2
51978 0
51979 16
51980 0
51981 0
51982 0
51983 606
51984 4
51985 16
51986 76
51987 0
51988 0
51989 10
51990 0
51991 0
51992 0
51993 0
51994 4
51995 6
51996 0
51997 0
51998 0
51999 896
52000 0
52001 2
52002 8
52003 0
52004 4
52005 0
52006 0
52007 174
52008 0
52009 8
52010 0
52011 0
52012 0
52013 2
52014 4
52015 0
52016 0
52017 40
52018 0
52019 566
52020 0
52021 0
52022 0
52023 0
52024 4
52025 2
52026 0
52027 0
52028 0
52029 8
52030 0
52031 126
52032 0
52033 0
52034 4
52035 0
52036 8
52037 50
52038 0
52039 32
52040 20
52041 0
52042 0
52043 6
52044 4
52045 0
52046 0
52047 0
52048 20
52049 10
52050 0
52051 0
52052 0
52053 16
52054 4
52055 14
52056 0
52057 0
52058 0
52059 16
52060 0
52061 2
52062 0
52063 0
52064 124
52065 0
52066 0
52067 6
52068 0
52069 160
52070 8
52071 0
52072 0
52073 42
52074 4
52075 0
52076 0
52077 0
52078 0
52079 414
52080 0
52081 0
52082 0
52083 0
52084 4
52085 2
52086 0
52087 64
52088 0
52089 8
52090 0
52091 6
52092 0
52093 0
52094 4
52095 0
52096 0
52097 2
52098 0
52099 16
52100 24
52101 0
52102 0
52103 14
52104 12
52105 0
52106 20
52107 0
52108 0
52109 10
52110 20
52111 0
52112 0
52113 0
52114 4
52115 230
52116 0
52117 0
52118 0
52119 32
52120 0
52121 522
52122 0
52123 0
52124 4
52125 0
52126 0
52127 62
52128 0
52129 56
52130 0
52131 0
52132 0
52133 2
52134 4
52135 0
52136 0
52137 0
52138 8
52139 102
52140 0
52141 40
52142 0
52143 0
52144 4
52145 2
52146 0
52147 0
52148 0
52149 8
52150 0
52151 14
52152 0
52153 0
52154 40
52155 32
52156 0
52157 2
52158 0
52159 256
52160 0
52161 0
52162 0
52163 102
52164 4
52165 0
52166 0
52167 0
52168 0
52169 10
52170 144
52171 0
52172 488
52173 0
52174 4
52175 30
52176 0
52177 0
52178 0
52179 16
52180 0
52181 2
52182 0
52183 0
52184 4
52185 0
52186 0
52187 6
52188 0
52189 24
52190 0
52191 0
52192 0
52193 2
52194 28
52195 0
52196 56
52197 0
52198 0
52199 46
52200 0
52201 0
52202 0
52203 80
52204 4
52205 42
52206 8
52207 0
52208 0
52209 8
52210 0
52211 6
52212 0
52213 0
52214 4
52215 0
52216 0
52217 2
52218 0
52219 16
52220 0
52221 0
52222 0
52223 10238
52224 4
52225 0
52226 24
52227 0
52228 0
52229 10
52230 0
52231 0
52232 0
52233 0
52234 24
52235 6
52236 0
52237 0
52238 20
52239 64
52240 8
52241 2
52242 0
52243 0
52244 60
52245 0
52246 0
52247 14
52248 0
52249 8
52250 0
52251 0
52252 0
52253 2
52254 4
52255 0
52256 0
52257 16
52258 0
52259 118
52260 0
52261 0
52262 0
52263 0
52264 4
52265 42
52266 0
52267 0
52268 0
52269 8
52270 0
52271 350
52272 0
52273 0
52274 620
52275 0
52276 0
52277 2
52278 0
52279 32
52280 0
52281 0
52282 0
52283 6
52284 4
52285 0
52286 0
52287 0
52288 0
52289 58
52290 0
52291 32
52292 0
52293 0
52294 4
52295 14
52296 20
52297 0
52298 0
52299 16
52300 0
52301 2
52302 0
52303 0
52304 24
52305 0
52306 0
52307 6
52308 8
52309 8
52310 0
52311 0
52312 0
52313 2
52314 4
52315 0
52316 0
52317 0
52318 0
52319 190
52320 0
52321 0
52322 0
52323 224
52324 76
52325 522
52326 0
52327 160
52328 0
52329 8
52330 0
52331 6
52332 0
52333 0
52334 4
52335 0
52336 0
52337 42
52338 0
52339 16
52340 0
52341 0
52342 8
52343 14
52344 4
52345 0
52346 0
52347 0
52348 0
52349 10
52350 0
52351 0
52352 24
52353 0
52354 4
52355 6
52356 0
52357 0
52358 20
52359 96
52360 0
52361 2
52362 0
52363 0
52364 4
52365 0
52366 0
52367 30
52368 0
52369 8
52370 20
52371 0
52372 0
52373 114
52374 4
52375 0
52376 8
52377 0
52378 0
52379 22
52380 0
52381 0
52382 0
52383 0
52384 4
52385 2
52386 0
52387 0
52388 0
52389 96
52390 0
52391 14
52392 0
52393 16
52394 4
52395 0
52396 0
52397 2
52398 0
52399 64
52400 0
52401 0
52402 0
52403 86
52404 4
52405 0
52406 0
52407 0
52408 0
52409 10
52410 8
52411 0
52412 0
52413 0
52414 4
52415 6270
52416 0
52417 0
52418 0
52419 16
52420 20
52421 2
52422 0
52423 0
52424 4
52425 0
52426 0
52427 5222
52428 5544
52429 8
52430 0
52431 5376
52432 0
52433 2
52434 4
52435 0
52436 20
52437 0
52438 0
52439 46
52440 0
52441 0
52442 0
52443 0
52444 12
52445 2
52446 0
52447 0
52448 0
52449 8
52450 56
52451 86
52452 0
52453 0
52454 28
52455 0
52456 0
52457 2
52458 0
52459 16
52460 0
52461 16
52462 0
52463 30
52464 4
52465 0
52466 0
52467 0
52468 0
52469 50
52470 0
52471 0
52472 0
52473 0
52474 4
52475 6
52476 0
52477 0
52478 32
52479 6144
52480 0
52481 2
52482 20
52483 0
52484 4
52485 0
52486 0
52487 14
52488 0
52489 8
52490 0
52491 0
52492 0
52493 2
52494 4
52495 128
52496 36
52497 0
52498 0
52499 22
52500 0
52501 0
52502 76
52503 0
52504 4
52505 2
52506 0
52507 0
52508 0
52509 8
52510 0
52511 62
52512 8
52513 80
52514 4
52515 0
52516 0
52517 2
52518 0
52519 224
52520 0
52521 0
52522 0
52523 6
52524 4
52525 0
52526 0
52527 0
52528 0
52529 282
52530 0
52531 0
52532 0
52533 0
52534 4
52535 174
52536 0
52537 0
52538 0
52539 16
52540 0
52541 50
52542 0
52543 0
52544 24
52545 0
52546 8
52547 6
52548 0
52549 8
52550 0
52551 0
52552 0
52553 2
52554 4
52555 0
52556 0
52557 0
52558 0
52559 94
52560 0
52561 0
52562 0
52563 32
52564 4
52565 2
52566 0
52567 0
52568 20
52569 8
52570 0
52571 6
52572 0
52573 0
52574 4
52575 640
52576 0
52577 114
52578 0
52579 16
52580 8
52581 0
52582 0
52583 14
52584 28
52585 0
52586 0
52587 0
52588 0
52589 10
52590 132
52591 0
52592 0
52593 0
52594 4
52595 6
52596 0
52597 16
52598 0
52599 32
52600 0
52601 42
52602 0
52603 0
52604 28
52605 0
52606 20
52607 254
52608 0
52609 8
52610 0
52611 0
52612 0
52613 2
52614 12
52615 0
52616 0
52617 0
52618 0
52619 22
52620 0
52621 0
52622 0
52623 0
52624 4
52625 2
52626 0
52627 0
52628 0
52629 8
52630 0
52631 526
52632 252
52633 0
52634 24
52635 0
52636 0
52637 42
52638 0
52639 128
52640 0
52641 0
52642 0
52643 6
52644 4
52645 0
52646 0
52647 0
52648 8
52649 250
52650 0
52651 0
52652 0
52653 0
52654 4
52655 30
52656 0
52657 0
52658 0
52659 16
52660 0
52661 2
52662 0
52663 0
52664 4
52665 16
52666 0
52667 326
52668 20
52669 8
52670 0
52671 0
52672 0
52673 2
52674 4
52675 0
52676 0
52677 0
52678 0
52679 46
52680 0
52681 0
52682 8
52683 0
52684 168
52685 2
52686 0
52687 0
52688 0
52689 8
52690 0
52691 6
52692 0
52693 0
52694 4
52695 0
52696 0
52697 2
52698 0
52699 128
52700 20
52701 0
52702 0
52703 62
52704 60
52705 0
52706 0
52707 0
52708 0
52709 10
52710 0
52711 0
52712 0
52713 0
52714 28
52715 6
52716 8
52717 0
52718 0
52719 64
52720 0
52721 2
52722 0
52723 0
52724 4
52725 0
52726 0
52727 14
52728 0
52729 8
52730 44
52731 0
52732 0
52733 58
52734 4
52735 0
52736 0
52737 0
52738 0
52739 22
52740 0
52741 0
52742 0
52743 0
52744 4
52745 2
52746 0
52747 0
52748 0
52749 8
52750 8
52751 30
52752 0
52753 0
52754 4
52755 0
52756 0
52757 2
52758 0
52759 32
52760 56
52761 40
52762 0
52763 6
52764 4
52765 0
52766 20
52767 256
52768 0
52769 10
52770 0
52771 0
52772 0
52773 0
52774 4
52775 14
52776 0
52777 0
52778 0
52779 304
52780 0
52781 2
52782 0
52783 0
52784 140
52785 0
52786 0
52787 6
52788 0
52789 8
52790 0
52791 0
52792 20
52793 50
52794 4
52795 0
52796 0
52797 0
52798 0
52799 1662
52800 0
52801 16
52802 0
52803 0
52804 4
52805 2
52806 0
52807 0
52808 0
52809 8
52810 0
52811 6
52812 0
52813 0
52814 4
52815 0
52816 0
52817 2
52818 8
52819 16
52820 0
52821 0
52822 0
52823 174
52824 4
52825 0
52826 0
52827 0
52828 0
52829 10
52830 0
52831 1792
52832 20
52833 0
52834 4
52835 38
52836 0
52837 0
52838 252
52839 32
52840 0
52841 2
52842 0
52843 0
52844 28
52845 0
52846 0
52847 30
52848 0
52849 8
52850 0
52851 0
52852 8
52853 2
52854 44
52855 0
52856 24
52857 0
52858 0
52859 22
52860 0
52861 0
52862 0
52863 0
52864 4
52865 42
52866 0
52867 0
52868 0
52869 24
52870 0
52871 14
52872 0
52873 0
52874 4
52875 0
52876 0
52877 2
52878 0
52879 64
52880 0
52881 0
52882 0
52883 6
52884 4
52885 40
52886 8
52887 0
52888 0
52889 162
52890 0
52891 0
52892 0
52893 0
52894 4
52895 62
52896 0
52897 0
52898 20
52899 16
52900 0
52901 2
52902 0
52903 64
52904 4
52905 0
52906 0
52907 6
52908 0
52909 56
52910 0
52911 0
52912 0
52913 2
52914 4
52915 0
52916 20
52917 0
52918 0
52919 238
52920 8
52921 0
52922 0
52923 0
52924 4
52925 2
52926 0
52927 0
52928 0
52929 8
52930 0
52931 86
52932 0
52933 0
52934 4
52935 0
52936 0
52937 18
52938 0
52939 16
52940 0
52941 288
52942 0
52943 30
52944 4
52945 0
52946 0
52947 80
52948 0
52949 10
52950 0
52951 0
52952 0
52953 0
52954 12
52955 6
52956 0
52957 0
52958 56
52959 128
52960 0
52961 2
52962 0
52963 0
52964 24
52965 0
52966 0
52967 14
52968 0
52969 8
52970 0
52971 32
52972 0
52973 2
52974 28
52975 0
52976 0
52977 0
52978 20
52979 22
52980 0
52981 0
52982 24
52983 0
52984 4
52985 2
52986 0
52987 0
52988 8
52989 8
52990 0
52991 510
52992 0
52993 0
52994 4
52995 0
52996 0
52997 42
52998 0
52999 32
53000 0
53001 0
53002 0
53003 6
53004 4
53005 16
53006 0
53007 0
53008 0
53009 122
53010 0
53011 0
53012 0
53013 0
53014 4
53015 14
53016 0
53017 0
53018 56
53019 16
53020 0
53021 2
53022 8
53023 0
53024 4
53025 0
53026 0
53027 6
53028 0
53029 8
53030 20
53031 0
53032 0
53033 2
53034 4
53035 0
53036 0
53037 0
53038 0
53039 2654
53040 20
53041 0
53042 0
53043 0
53044 4
53045 50
53046 0
53047 0
53048 0
53049 8
53050 0
53051 6
53052 0
53053 0
53054 4
53055 0
53056 8
53057 2
53058 0
53059 16
53060 0
53061 0
53062 0
53063 174
53064 4
53065 0
53066 0
53067 0
53068 0
53069 10
53070 0
53071 320
53072 0
53073 16
53074 4
53075 6
53076 0
53077 0
53078 0
53079 32
53080 0
53081 2
53082 0
53083 0
53084 4
53085 112
53086 0
53087 62
53088 0
53089 8
53090 8
53091 0
53092 0
53093 2
53094 24
53095 0
53096 20
53097 0
53098 0
53099 22
53100 0
53101 0
53102 20
53103 0
53104 28
53105 2
53106 0
53107 32
53108 24
53109 8
53110 0
53111 14
53112 0
53113 0
53114 4
53115 0
53116 0
53117 2
53118 0
53119 512
53120 0
53121 0
53122 0
53123 6
53124 12
53125 0
53126 0
53127 0
53128 0
53129 50
53130 0
53131 0
53132 0
53133 40
53134 4
53135 30
53136 0
53137 0
53138 0
53139 16
53140 0
53141 18
53142 0
53143 2016
53144 4
53145 0
53146 0
53147 230
53148 0
53149 8
53150 0
53151 0
53152 0
53153 2
53154 4
53155 0
53156 0
53157 0
53158 8
53159 46
53160 0
53161 0
53162 20
53163 0
53164 24
53165 2
53166 0
53167 0
53168 0
53169 56
53170 0
53171 102
53172 0
53173 0
53174 4
53175 64
53176 0
53177 2
53178 0
53179 16
53180 36
53181 0
53182 0
53183 126
53184 4
53185 0
53186 0
53187 0
53188 0
53189 10
53190 0
53191 0
53192 8
53193 0
53194 4
53195 1926
53196 0
53197 0
53198 144
53199 64
53200 0
53201 2
53202 0
53203 0
53204 4
53205 0
53206 0
53207 14
53208 0
53209 24
53210 0
53211 0
53212 56
53213 2
53214 4
53215 0
53216 0
53217 0
53218 0
53219 22
53220 0
53221 2112
53222 0
53223 0
53224 4
53225 2
53226 28
53227 0
53228 20
53229 8
53230 0
53231 30
53232 0
53233 0
53234 2068
53235 0
53236 0
53237 2
53238 0
53239 32
53240 0
53241 0
53242 0
53243 38
53244 4
53245 0
53246 0
53247 0
53248 0
53249 10
53250 0
53251 0
53252 0
53253 0
53254 4
53255 14
53256 0
53257 40
53258 0
53259 16
53260 2168
53261 42
53262 0
53263 0
53264 4
53265 0
53266 0
53267 6
53268 0
53269 8
53270 0
53271 0
53272 0
53273 2114
53274 4
53275 0
53276 56
53277 16
53278 0
53279 190
53280 0
53281 0
53282 0
53283 0
53284 4
53285 2
53286 0
53287 0
53288 20
53289 8
53290 0
53291 6
53292 0
53293 0
53294 160
53295 0
53296 0
53297 50
53298 0
53299 2032
53300 0
53301 0
53302 0
53303 14
53304 4
53305 0
53306 0
53307 0
53308 0
53309 10
53310 0
53311 512
53312 0
53313 0
53314 4
53315 6
53316 0
53317 0
53318 0
53319 192
53320 0
53321 2
53322 0
53323 0
53324 4
53325 0
53326 0
53327 350
53328 8
53329 8
53330 0
53331 0
53332 0
53333 2
53334 4
53335 0
53336 0
53337 0
53338 0
53339 246
53340 0
53341 0
53342 0
53343 0
53344 4
53345 18
53346 0
53347 0
53348 0
53349 8
53350 20
53351 2030
53352 0
53353 0
53354 4
53355 0
53356 0
53357 2
53358 0
53359 64
53360 44
53361 0
53362 8
53363 6
53364 28
53365 0
53366 0
53367 0
53368 0
53369 10
53370 0
53371 0
53372 0
53373 0
53374 4
53375 254
53376 0
53377 0
53378 0
53379 48
53380 0
53381 42
53382 0
53383 0
53384 4
53385 0
53386 0
53387 6
53388 0
53389 8
53390 0
53391 0
53392 0
53393 42
53394 4
53395 0
53396 8
53397 0
53398 0
53399 46
53400 0
53401 0
53402 0
53403 0
53404 4
53405 114
53406 0
53407 0
53408 0
53409 8
53410 0
53411 6
53412 20
53413 16
53414 4
53415 0
53416 0
53417 2
53418 0
53419 16
53420 0
53421 0
53422 0
53423 414
53424 4
53425 0
53426 20
53427 0
53428 0
53429 58
53430 8
53431 0
53432 0
53433 0
53434 4
53435 6
53436 0
53437 0
53438 0
53439 256
53440 0
53441 2
53442 0
53443 80
53444 4
53445 0
53446 0
53447 78
53448 0
53449 8
53450 0
53451 0
53452 0
53453 2
53454 4
53455 2304
53456 0
53457 0
53458 0
53459 102
53460 0
53461 0
53462 0
53463 0
53464 12
53465 2
53466 56
53467 0
53468 0
53469 8
53470 0
53471 62
53472 0
53473 0
53474 24
53475 0
53476 0
53477 2
53478 0
53479 32
53480 0
53481 16
53482 0
53483 6
53484 4
53485 0
53486 24
53487 0
53488 0
53489 10
53490 0
53491 0
53492 20
53493 0
53494 28
53495 14
53496 0
53497 0
53498 8
53499 16
53500 0
53501 2
53502 0
53503 0
53504 24
53505 40
53506 0
53507 6
53508 0
53509 8
53510 0
53511 0
53512 0
53513 2
53514 4
53515 32
53516 0
53517 0
53518 0
53519 94
53520 0
53521 0
53522 36
53523 0
53524 4
53525 42
53526 0
53527 0
53528 0
53529 8
53530 0
53531 6
53532 8
53533 0
53534 60
53535 0
53536 40
53537 2
53538 0
53539 16
53540 0
53541 0
53542 0
53543 14
53544 4
53545 0
53546 0
53547 0
53548 0
53549 330
53550 0
53551 0
53552 0
53553 0
53554 4
53555 6
53556 0
53557 0
53558 20
53559 224
53560 0
53561 2
53562 0
53563 0
53564 4
53565 0
53566 8
53567 1406
53568 0
53569 8
53570 0
53571 0
53572 0
53573 2
53574 4
53575 0
53576 0
53577 0
53578 0
53579 22
53580 0
53581 0
53582 0
53583 128
53584 4
53585 2
53586 0
53587 0
53588 0
53589 8
53590 0
53591 174
53592 0
53593 112
53594 4
53595 0
53596 0
53597 2
53598 20
53599 128
53600 8
53601 0
53602 0
53603 6
53604 4
53605 0
53606 0
53607 0
53608 0
53609 10
53610 0
53611 0
53612 24
53613 0
53614 4
53615 30
53616 0
53617 16
53618 0
53619 16
53620 0
53621 362
53622 0
53623 0
53624 48
53625 0
53626 0
53627 6
53628 0
53629 48
53630 0
53631 0
53632 0
53633 2
53634 12
53635 0
53636 0
53637 0
53638 0
53639 46
53640 0
53641 0
53642 0
53643 0
53644 4
53645 2
53646 0
53647 0
53648 0
53649 8
53650 0
53651 38
53652 0
53653 0
53654 256
53655 0
53656 0
53657 42
53658 0
53659 16
53660 20
53661 0
53662 0
53663 1854
53664 4
53665 0
53666 0
53667 0
53668 8
53669 10
53670 0
53671 0
53672 0
53673 0
53674 4
53675 102
53676 0
53677 0
53678 0
53679 64
53680 0
53681 2
53682 0
53683 0
53684 4
53685 16
53686 0
53687 14
53688 0
53689 152
53690 20
53691 80
53692 0
53693 74
53694 4
53695 0
53696 0
53697 0
53698 0
53699 22
53700 0
53701 0
53702 8
53703 0
53704 4
53705 2
53706 0
53707 0
53708 0
53709 48
53710 0
53711 30
53712 144
53713 0
53714 4
53715 0
53716 0
53717 2
53718 0
53719 96
53720 56
53721 0
53722 20
53723 86
53724 4
53725 0
53726 0
53727 0
53728 0
53729 10
53730 0
53731 0
53732 0
53733 0
53734 4
53735 14
53736 8
53737 0
53738 24
53739 16
53740 0
53741 2
53742 0
53743 0
53744 4
53745 0
53746 0
53747 6
53748 0
53749 8
53750 0
53751 0
53752 0
53753 58
53754 28
53755 0
53756 20
53757 0
53758 0
53759 3070
53760 0
53761 0
53762 0
53763 0
53764 4
53765 2
53766 0
53767 0
53768 0
53769 8
53770 8
53771 6
53772 0
53773 0
53774 4
53775 0
53776 0
53777 2
53778 0
53779 16
53780 0
53781 0
53782 0
53783 14
53784 24
53785 0
53786 0
53787 32
53788 0
53789 50
53790 0
53791 0
53792 56
53793 0
53794 4
53795 6
53796 0
53797 0
53798 0
53799 32
53800 0
53801 50
53802 0
53803 0
53804 140
53805 0
53806 0
53807 30
53808 0
53809 8
53810 0
53811 0
53812 0
53813 2
53814 4
53815 160
53816 0
53817 0
53818 0
53819 502
53820 0
53821 16
53822 20
53823 0
53824 4
53825 2
53826 0
53827 0
53828 0
53829 8
53830 0
53831 14
53832 0
53833 0
53834 4
53835 0
53836 0
53837 2
53838 8
53839 64
53840 0
53841 0
53842 0
53843 6
53844 4
53845 0
53846 20
53847 448
53848 0
53849 10
53850 0
53851 0
53852 0
53853 0
53854 4
53855 958
53856 0
53857 0
53858 0
53859 16
53860 0
53861 2
53862 0
53863 0
53864 280
53865 0
53866 0
53867 6
53868 0
53869 8
53870 0
53871 0
53872 8
53873 2
53874 4
53875 0
53876 0
53877 80
53878 0
53879 46
53880 0
53881 0
53882 0
53883 0
53884 28
53885 2
53886 0
53887 0
53888 20
53889 24
53890 0
53891 6
53892 0
53893 0
53894 4
53895 0
53896 0
53897 2
53898 0
53899 16
53900 0
53901 0
53902 0
53903 30
53904 4
53905 0
53906 8
53907 0
53908 20
53909 10
53910 0
53911 0
53912 0
53913 0
53914 24
53915 6
53916 0
53917 0
53918 0
53919 128
53920 0
53921 154
53922 0
53923 32
53924 4
53925 0
53926 0
53927 206
53928 0
53929 8
53930 0
53931 0
53932 0
53933 2
53934 4
53935 0
53936 0
53937 0
53938 0
53939 102
53940 8
53941 0
53942 0
53943 0
53944 4
53945 2
53946 0
53947 0
53948 0
53949 56
53950 0
53951 126
53952 0
53953 0
53954 24
53955 0
53956 132
53957 18
53958 0
53959 32
53960 0
53961 0
53962 0
53963 6
53964 4
53965 0
53966 0
53967 0
53968 0
53969 426
53970 20
53971 0
53972 0
53973 0
53974 68
53975 14
53976 0
53977 0
53978 0
53979 16
53980 0
53981 2
53982 0
53983 0
53984 4
53985 0
53986 0
53987 86
53988 0
53989 8
53990 24
53991 64
53992 0
53993 2
53994 4
53995 0
53996 0
53997 0
53998 0
53999 94
54000 0
54001 40
54002 0
54003 0
54004 4
54005 2
54006 0
54007 0
54008 8
54009 8
54010 0
54011 6
54012 0
54013 0
54014 28
54015 0
54016 0
54017 2
54018 0
54019 16
54020 20
54021 0
54022 0
54023 14
54024 4
54025 16
54026 0
54027 0
54028 0
54029 10
54030 0
54031 0
54032 20
54033 0
54034 4
54035 150
54036 0
54037 0
54038 0
54039 32
54040 0
54041 2
54042 8
54043 0
54044 4
54045 0
54046 0
54047 62
54048 0
54049 8
54050 56
54051 0
54052 0
54053 234
54054 4
54055 0
54056 0
54057 0
54058 0
54059 566
54060 0
54061 0
54062 0
54063 320
54064 4
54065 2
54066 0
54067 0
54068 0
54069 8
54070 0
54071 14
54072 0
54073 0
54074 4
54075 0
54076 8
54077 2
54078 0
54079 1792
54080 0
54081 0
54082 0
54083 6
54084 4
54085 0
54086 20
54087 0
54088 0
54089 10
54090 0
54091 0
54092 0
54093 16
54094 24
54095 30
54096 0
54097 0
54098 0
54099 16
54100 0
54101 114
54102 0
54103 0
54104 4
54105 0
54106 0
54107 6
54108 0
54109 8
54110 8
54111 0
54112 0
54113 2
54114 4
54115 0
54116 24
54117 0
54118 0
54119 366
54120 0
54121 0
54122 0
54123 0
54124 4
54125 42
54126 0
54127 128
54128 0
54129 8
54130 0
54131 6
54132 0
54133 0
54134 4
54135 0
54136 0
54137 2
54138 0
54139 16
54140 0
54141 0
54142 0
54143 254
54144 84
54145 0
54146 0
54147 0
54148 0
54149 10
54150 0
54151 0
54152 20
54153 0
54154 4
54155 6
54156 20
54157 0
54158 0
54159 64
54160 0
54161 18
54162 0
54163 0
54164 4
54165 504
54166 0
54167 14
54168 0
54169 8
54170 0
54171 0
54172 0
54173 2
54174 4
54175 0
54176 0
54177 0
54178 8
54179 342
54180 0
54181 0
54182 0
54183 0
54184 4
54185 42
54186 0
54187 80
54188 0
54189 8
54190 0
54191 30
54192 0
54193 0
54194 4
54195 32
54196 0
54197 2
54198 0
54199 32
54200 0
54201 0
54202 0
54203 6
54204 4
54205 0
54206 36
54207 0
54208 0
54209 58
54210 0
54211 0
54212 8
54213 0
54214 4
54215 14
54216 0
54217 0
54218 480
54219 16
54220 0
54221 2
54222 0
54223 0
54224 4
54225 0
54226 144
54227 6
54228 56
54229 24
54230 0
54231 0
54232 0
54233 2
54234 4
54235 0
54236 0
54237 0
54238 0
54239 190
54240 0
54241 0
54242 24
54243 0
54244 4
54245 2
54246 8
54247 0
54248 0
54249 48
54250 0
54251 86
54252 0
54253 0
54254 4
54255 0
54256 0
54257 2
54258 0
54259 16
54260 0
54261 0
54262 0
54263 78
54264 4
54265 0
54266 0
54267 0
54268 0
54269 10
54270 0
54271 0
54272 0
54273 0
54274 28
54275 6
54276 0
54277 0
54278 0
54279 32
54280 28
54281 2
54282 0
54283 0
54284 24
54285 0
54286 0
54287 30
54288 0
54289 8
54290 0
54291 0
54292 0
54293 2
54294 4
54295 0
54296 0
54297 16
54298 0
54299 22
54300 0
54301 0
54302 0
54303 0
54304 4
54305 50
54306 0
54307 0
54308 56
54309 8
54310 0
54311 174
54312 0
54313 0
54314 140
54315 0
54316 0
54317 42
54318 0
54319 64
54320 0
54321 0
54322 0
54323 6
54324 484
54325 0
54326 0
54327 0
54328 0
54329 10
54330 0
54331 32
54332 0
54333 0
54334 4
54335 126
54336 0
54337 0
54338 0
54339 112
54340 0
54341 2
54342 20
54343 0
54344 4
54345 0
54346 0
54347 6
54348 8
54349 8
54350 20
54351 0
54352 0
54353 2
54354 4
54355 224
54356 0
54357 0
54358 0
54359 46
54360 0
54361 0
54362 0
54363 0
54364 4
54365 18
54366 0
54367 0
54368 24
54369 8
54370 0
54371 6
54372 0
54373 40
54374 4
54375 0
54376 0
54377 506
54378 0
54379 16
54380 0
54381 0
54382 8
54383 350
54384 4
54385 0
54386 0
54387 0
54388 0
54389 10
54390 0
54391 0
54392 0
54393 0
54394 4
54395 6
54396 0
54397 0
54398 0
54399 1536
54400 0
54401 2
54402 0
54403 0
54404 144
54405 0
54406 0
54407 14
54408 0
54409 8
54410 0
54411 0
54412 0
54413 2
54414 4
54415 0
54416 28
54417 0
54418 0
54419 22
54420 0
54421 0
54422 0
54423 0
54424 4
54425 2
54426 0
54427 0
54428 0
54429 8
54430 0
54431 830
54432 0
54433 16
54434 4
54435 80
54436 0
54437 114
54438 0
54439 32
54440 0
54441 0
54442 0
54443 6
54444 4
54445 0
54446 0
54447 0
54448 0
54449 50
54450 8
54451 0
54452 0
54453 0
54454 4
54455 14
54456 0
54457 0
54458 0
54459 16
54460 0
54461 2
54462 0
54463 0
54464 4
54465 0
54466 20
54467 38
54468 0
54469 56
54470 0
54471 0
54472 0
54473 2
54474 4
54475 0
54476 0
54477 0
54478 0
54479 94
54480 0
54481 0
54482 76
54483 576
54484 12
54485 2
54486 0
54487 0
54488 0
54489 8
54490 0
54491 6
54492 0
54493 0
54494 28
54495 0
54496 0
54497 42
54498 0
54499 16
54500 0
54501 16
54502 0
54503 14
54504 4
54505 0
54506 0
54507 0
54508 0
54509 10
54510 0
54511 0
54512 0
54513 0
54514 4
54515 86
54516 0
54517 0
54518 8
54519 32
54520 0
54521 2
54522 0
54523 0
54524 4
54525 0
54526 0
54527 510
54528 20
54529 48
54530 0
54531 0
54532 0
54533 2
54534 28
54535 64
54536 0
54537 0
54538 0
54539 22
54540 0
54541 0
54542 0
54543 0
54544 4
54545 2
54546 0
54547 0
54548 56
54549 8
54550 0
54551 14
54552 8
54553 0
54554 4
54555 0
54556 0
54557 50
54558 0
54559 1408
54560 0
54561 0
54562 0
54563 6
54564 4
54565 0
54566 56
54567 0
54568 0
54569 282
54570 0
54571 0
54572 0
54573 0
54574 4
54575 30
54576 0
54577 0
54578 0
54579 16
54580 0
54581 42
54582 0
54583 0
54584 4
54585 0
54586 8
54587 6
54588 0
54589 8
54590 20
54591 0
54592 0
54593 2
54594 4
54595 0
54596 0
54597 0
54598 0
54599 1774
54600 0
54601 0
54602 0
54603 32
54604 4
54605 2
54606 0
54607 0
54608 0
54609 2024
54610 0
54611 6
54612 0
54613 0
54614 1764
54615 0
54616 0
54617 2
54618 0
54619 1888
54620 32
54621 40
54622 0
54623 62
54624 4
54625 0
54626 0
54627 0
54628 0
54629 10
54630 0
54631 0
54632 0
54633 0
54634 4
54635 6
54636 0
54637 16
54638 0
54639 2176
54640 0
54641 2
54642 0
54643 0
54644 4
54645 0
54646 0
54647 174
54648 0
54649 8
54650 0
54651 0
54652 20
54653 2
54654 12
54655 0
54656 0
54657 0
54658 0
54659 22
54660 0
54661 0
54662 0
54663 0
54664 28
54665 2
54666 0
54667 0
54668 0
54669 8
54670 0
54671 158
54672 0
54673 0
54674 4
54675 0
54676 252
54677 2
54678 0
54679 32
54680 20
54681 0
54682 0
54683 182
54684 4
54685 0
54686 0
54687 0
54688 8
54689 10
54690 0
54691 0
54692 0
54693 0
54694 4
54695 462
54696 0
54697 0
54698 0
54699 16
54700 0
54701 2
54702 0
54703 0
54704 4
54705 16
54706 0
54707 6
54708 0
54709 8
54710 0
54711 0
54712 0
54713 42
54714 24
54715 0
54716 0
54717 0
54718 0
54719 2686
54720 0
54721 0
54722 8
54723 0
54724 4
54725 2
54726 0
54727 0
54728 0
54729 56
54730 0
54731 6
54732 0
54733 0
54734 24
54735 0
54736 56
54737 2
54738 0
54739 48
54740 144
54741 0
54742 0
54743 14
54744 4
54745 40
54746 44
54747 0
54748 0
54749 10
54750 0
54751 0
54752 0
54753 0
54754 4
54755 6
54756 8
54757 0
54758 0
54759 32
54760 0
54761 2
54762 0
54763 0
54764 4
54765 0
54766 0
54767 30
54768 0
54769 8
54770 0
54771 0
54772 0
54773 18
54774 4
54775 0
54776 20
54777 0
54778 0
54779 102
54780 0
54781 0
54782 0
54783 0
54784 4
54785 2
54786 0
54787 0
54788 0
54789 8
54790 8
54791 14
54792 0
54793 0
54794 28
54795 0
54796 0
54797 2
54798 0
54799 64
54800 0
54801 0
54802 0
54803 6
54804 4
54805 0
54806 0
54807 224
54808 0
54809 58
54810 0
54811 0
54812 20
54813 0
54814 4
54815 62
54816 0
54817 0
54818 0
54819 16
54820 0
54821 2
54822 0
54823 0
54824 196
54825 0
54826 0
54827 6
54828 0
54829 8
54830 0
54831 0
54832 0
54833 2
54834 4
54835 0
54836 0
54837 0
54838 20
54839 46
54840 0
54841 16
54842 0
54843 0
54844 4
54845 42
54846 0
54847 0
54848 0
54849 8
54850 0
54851 6
54852 0
54853 0
54854 4
54855 0
54856 0
54857 2
54858 8
54859 112
54860 0
54861 0
54862 0
54863 926
54864 4
54865 0
54866 0
54867 0
54868 0
54869 50
54870 0
54871 0
54872 96
54873 0
54874 4
54875 38
54876 0
54877 0
54878 20
54879 128
54880 0
54881 2
54882 0
54883 0
54884 4
54885 0
54886 0
54887 14
54888 0
54889 8
54890 252
54891 0
54892 8
54893 2
54894 4
54895 0
54896 0
54897 0
54898 0
54899 22
54900 40
54901 0
54902 0
54903 0
54904 4
54905 2
54906 0
54907 0
54908 0
54909 24
54910 0
54911 2814
54912 0
54913 0
54914 4
54915 0
54916 0
54917 2
54918 0
54919 32
54920 0
54921 0
54922 0
54923 6
54924 28
54925 0
54926 8
54927 0
54928 0
54929 10
54930 0
54931 80
54932 0
54933 0
54934 4
54935 206
54936 0
54937 0
54938 0
54939 96
54940 0
54941 2
54942 0
54943 256
54944 24
54945 0
54946 0
54947 6
54948 0
54949 8
54950 0
54951 0
54952 0
54953 114
54954 4
54955 0
54956 0
54957 0
54958 0
54959 94
54960 8
54961 0
54962 20
54963 0
54964 4
54965 2
54966 0
54967 0
54968 0
54969 8
54970 0
54971 6
54972 0
54973 0
54974 4
54975 0
54976 0
54977 58
54978 0
54979 16
54980 0
54981 0
54982 0
54983 14
54984 4
54985 0
54986 0
54987 0
54988 0
54989 250
54990 56
54991 0
54992 0
54993 40
54994 12
54995 6
54996 0
54997 288
54998 24
54999 32
55000 0
55001 2
55002 0
55003 0
55004 4
55005 0
55006 0
55007 62
55008 0
55009 8
55010 20
55011 32
55012 0
55013 2
55014 4
55015 0
55016 0
55017 0
55018 0
55019 22
55020 0
55021 0
55022 0
55023 0
55024 24
55025 2
55026 0
55027 0
55028 8
55029 8
55030 0
55031 14
55032 0
55033 0
55034 4
55035 0
55036 0
55037 2
55038 0
55039 1024
55040 0
55041 0
55042 0
55043 86
55044 4
55045 16
55046 0
55047 0
55048 0
55049 10
55050 0
55051 0
55052 0
55053 0
55054 76
55055 350
55056 0
55057 0
55058 0
55059 16
55060 0
55061 122
55062 8
55063 0
55064 4
55065 0
55066 0
55067 6
55068 0
55069 8
55070 0
55071 0
55072 0
55073 2
55074 4
55075 0
55076 20
55077 0
55078 0
55079 1134
55080 0
55081 0
55082 56
55083 0
55084 4
55085 2
55086 20
55087 0
55088 0
55089 8
55090 0
55091 6
55092 0
55093 0
55094 4
55095 0
55096 8
55097 2
55098 0
55099 16
55100 0
55101 0
55102 0
55103 126
55104 4
55105 0
55106 0
55107 0
55108 0
55109 50
55110 0
55111 0
55112 0
55113 16
55114 4
55115 6
55116 0
55117 152
55118 0
55119 448
55120 0
55121 2
55122 0
55123 0
55124 28
55125 0
55126 0
55127 14
55128 0
55129 8
55130 8
55131 0
55132 0
55133 2
55134 4
55135 0
55136 0
55137 0
55138 0
55139 22
55140 0
55141 0
55142 20
55143 0
55144 24
55145 2
55146 0
55147 32
55148 20
55149 8
55150 0
55151 30
55152 0
55153 0
55154 4
55155 0
55156 0
55157 2
55158 0
55159 32
55160 0
55161 0
55162 0
55163 6
55164 12
55165 0
55166 0
55167 0
55168 0
55169 10
55170 0
55171 0
55172 0
55173 0
55174 4
55175 174
55176 0
55177 0
55178 0
55179 96
55180 0
55181 18
55182 0
55183 0
55184 28
55185 0
55186 0
55187 1686
55188 0
55189 8
55190 0
55191 0
55192 0
55193 2
55194 4
55195 0
55196 0
55197 0
55198 8
55199 190
55200 0
55201 0
55202 0
55203 0
55204 4
55205 2
55206 0
55207 0
55208 20
55209 8
55210 20
55211 230
55212 0
55213 0
55214 4
55215 128
55216 0
55217 2
55218 0
55219 16
55220 0
55221 0
55222 0
55223 14
55224 4
55225 0
55226 0
55227 0
55228 0
55229 10
55230 0
55231 0
55232 44
55233 0
55234 4
55235 6
55236 0
55237 0
55238 0
55239 32
55240 0
55241 962
55242 0
55243 0
55244 60
55245 0
55246 0
55247 30
55248 0
55249 72
55250 24
55251 0
55252 0
55253 2
55254 148
55255 0
55256 0
55257 0
55258 0
55259 22
55260 0
55261 0
55262 0
55263 0
55264 4
55265 2
55266 8
55267 0
55268 1056
55269 8
55270 0
55271 14
55272 20
55273 0
55274 24
55275 0
55276 0
55277 2
55278 0
55279 64
55280 0
55281 0
55282 0
55283 38
55284 4
55285 0
55286 0
55287 0
55288 0
55289 10
55290 0
55291 0
55292 0
55293 0
55294 4
55295 4094
55296 0
55297 0
55298 0
55299 16
55300 8
55301 2
55302 0
55303 160
55304 4
55305 0
55306 0
55307 86
55308 0
55309 8
55310 0
55311 0
55312 0
55313 50
55314 28
55315 0
55316 0
55317 16
55318 0
55319 46
55320 0
55321 0
55322 1056
55323 0
55324 4
55325 2
55326 0
55327 0
55328 0
55329 8
55330 0
55331 6
55332 0
55333 0
55334 160
55335 0
55336 0
55337 2
55338 0
55339 16
55340 76
55341 0
55342 0
55343 30
55344 4
55345 0
55346 0
55347 0
55348 0
55349 970
55350 0
55351 64
55352 0
55353 0
55354 4
55355 6
55356 0
55357 0
55358 0
55359 256
55360 0
55361 2
55362 0
55363 0
55364 4
55365 40
55366 0
55367 14
55368 8
55369 8
55370 0
55371 224
55372 0
55373 42
55374 4
55375 0
55376 24
55377 0
55378 0
55379 118
55380 0
55381 0
55382 0
55383 0
55384 4
55385 18
55386 0
55387 0
55388 0
55389 8
55390 0
55391 62
55392 0
55393 0
55394 4
55395 0
55396 20
55397 2
55398 0
55399 32
55400 0
55401 0
55402 8
55403 1014
55404 4
55405 0
55406 20
55407 0
55408 0
55409 10
55410 0
55411 0
55412 0
55413 0
55414 4
55415 14
55416 0
55417 0
55418 0
55419 48
55420 0
55421 2
55422 0
55423 0
55424 4
55425 0
55426 0
55427 86
55428 0
55429 8
55430 0
55431 0
55432 0
55433 2
55434 4
55435 0
55436 8
55437 0
55438 0
55439 798
55440 0
55441 0
55442 0
55443 0
55444 28
55445 2
55446 0
55447 0
55448 0
55449 8
55450 0
55451 6
55452 0
55453 16
55454 4
55455 0
55456 0
55457 2
55458 20
55459 16
55460 0
55461 0
55462 0
55463 14
55464 4
55465 0
55466 0
55467 0
55468 0
55469 122
55470 8
55471 0
55472 20
55473 0
55474 4
55475 6
55476 0
55477 0
55478 0
55479 32
55480 0
55481 2
55482 0
55483 0
55484 4
55485 0
55486 0
55487 638
55488 0
55489 48
55490 0
55491 0
55492 0
55493 2
55494 4
55495 0
55496 0
55497 0
55498 56
55499 22
55500 0
55501 0
55502 24
55503 0
55504 12
55505 42
55506 0
55507 0
55508 0
55509 152
55510 0
55511 1166
55512 0
55513 0
55514 4
55515 0
55516 0
55517 2
55518 0
55519 128
55520 20
55521 16
55522 0
55523 6
55524 4
55525 0
55526 0
55527 0
55528 0
55529 10
55530 0
55531 0
55532 0
55533 0
55534 4
55535 30
55536 0
55537 0
55538 28
55539 16
55540 0
55541 2
55542 0
55543 0
55544 4
55545 0
55546 0
55547 6
55548 0
55549 8
55550 0
55551 5120
55552 0
55553 2
55554 24
55555 32
55556 0
55557 0
55558 0
55559 46
55560 0
55561 0
55562 0
55563 0
55564 4
55565 50
55566 0
55567 0
55568 0
55569 8
55570 0
55571 86
55572 8
55573 0
55574 160
55575 0
55576 0
55577 2
55578 0
55579 16
55580 0
55581 0
55582 40
55583 62
55584 4
55585 0
55586 0
55587 0
55588 0
55589 282
55590 0
55591 0
55592 0
55593 0
55594 4
55595 6
55596 0
55597 0
55598 56
55599 64
55600 0
55601 2
55602 0
55603 0
55604 24
55605 0
55606 8
55607 14
55608 0
55609 8
55610 0
55611 0
55612 0
55613 42
55614 4
55615 0
55616 0
55617 0
55618 0
55619 22
55620 0
55621 0
55622 0
55623 64
55624 4
55625 114
55626 0
55627 0
55628 24
55629 8
55630 0
55631 30
55632 0
55633 0
55634 4
55635 0
55636 0
55637 42
55638 0
55639 224
55640 8
55641 0
55642 0
55643 6
55644 24
55645 0
55646 0
55647 0
55648 0
55649 10
55650 0
55651 0
55652 0
55653 0
55654 4
55655 14
55656 0
55657 16
55658 0
55659 16
55660 0
55661 2
55662 0
55663 0
55664 4
55665 0
55666 0
55667 6
55668 0
55669 8
55670 20
55671 0
55672 0
55673 2
55674 12
55675 80
55676 0
55677 0
55678 0
55679 766
55680 0
55681 0
55682 0
55683 0
55684 4
55685 2
55686 0
55687 0
55688 0
55689 8
55690 0
55691 422
55692 0
55693 0
55694 4
55695 0
55696 0
55697 2
55698 252
55699 16
55700 0
55701 0
55702 0
55703 174
55704 28
55705 0
55706 20
55707 0
55708 344
55709 10
55710 0
55711 0
55712 0
55713 0
55714 4
55715 6
55716 0
55717 0
55718 0
55719 32
55720 0
55721 2
55722 0
55723 0
55724 4
55725 16
55726 0
55727 926
55728 0
55729 8
55730 0
55731 0
55732 0
55733 2
55734 4
55735 0
55736 20
55737 40
55738 0
55739 22
55740 0
55741 0
55742 8
55743 0
55744 4
55745 74
55746 0
55747 0
55748 0
55749 8
55750 0
55751 14
55752 56
55753 0
55754 28
55755 0
55756 0
55757 2
55758 0
55759 512
55760 0
55761 0
55762 0
55763 6
55764 4
55765 0
55766 0
55767 0
55768 164
55769 98
55770 0
55771 0
55772 0
55773 0
55774 4
55775 62
55776 8
55777 0
55778 0
55779 16
55780 0
55781 2
55782 0
55783 0
55784 4
55785 0
55786 0
55787 6
55788 0
55789 8
55790 0
55791 0
55792 0
55793 18
55794 4
55795 0
55796 0
55797 0
55798 0
55799 206
55800 0
55801 0
55802 20
55803 0
55804 4
55805 2
55806 0
55807 0
55808 0
55809 8
55810 8
55811 6
55812 0
55813 0
55814 4
55815 0
55816 0
55817 50
55818 0
55819 16
55820 0
55821 0
55822 0
55823 30
55824 4
55825 0
55826 0
55827 32
55828 0
55829 10
55830 20
55831 0
55832 0
55833 0
55834 28
55835 86
55836 0
55837 0
55838 0
55839 128
55840 0
55841 2
55842 0
55843 0
55844 140
55845 0
55846 0
55847 14
55848 0
55849 8
55850 0
55851 0
55852 0
55853 2
55854 4
55855 0
55856 56
55857 0
55858 0
55859 22
55860 0
55861 56
55862 0
55863 0
55864 4
55865 2
55866 0
55867 0
55868 20
55869 8
55870 0
55871 126
55872 0
55873 0
55874 4
55875 0
55876 0
55877 2
55878 8
55879 480
55880 24
55881 0
55882 0
55883 6
55884 4
55885 0
55886 0
55887 0
55888 0
55889 10
55890 0
55891 0
55892 20
55893 0
55894 4
55895 78
55896 0
55897 0
55898 0
55899 112
55900 0
55901 42
55902 0
55903 0
55904 4
55905 0
55906 0
55907 6
55908 0
55909 8
55910 0
55911 0
55912 8
55913 2
55914 4
55915 0
55916 252
55917 0
55918 0
55919 94
55920 0
55921 0
55922 0
55923 320
55924 4
55925 2
55926 0
55927 0
55928 0
55929 24
55930 0
55931 6
55932 0
55933 0
55934 24
55935 0
55936 0
55937 2
55938 0
55939 16
55940 0
55941 0
55942 0
55943 206
55944 4
55945 0
55946 8
55947 0
55948 0
55949 10
55950 0
55951 0
55952 0
55953 0
55954 24
55955 6
55956 0
55957 0
55958 0
55959 32
55960 0
55961 2
55962 0
55963 32
55964 240
55965 0
55966 0
55967 702
55968 0
55969 8
55970 0
55971 0
55972 0
55973 2
55974 4
55975 0
55976 0
55977 0
55978 0
55979 22
55980 8
55981 0
55982 0
55983 0
55984 4
55985 154
55986 0
55987 0
55988 0
55989 8
55990 0
55991 14
55992 0
55993 0
55994 4
55995 0
55996 0
55997 18
55998 0
55999 256
56000 20
56001 0
56002 0
56003 6
56004 4
56005 264
56006 80
56007 0
56008 0
56009 10
56010 0
56011 0
56012 0
56013 0
56014 12
56015 30
56016 20
56017 0
56018 0
56019 16
56020 0
56021 2
56022 0
56023 0
56024 4
56025 288
56026 0
56027 6
56028 0
56029 56
56030 0
56031 256
56032 0
56033 42
56034 4
56035 0
56036 0
56037 0
56038 0
56039 46
56040 0
56041 0
56042 0
56043 0
56044 4
56045 2
56046 0
56047 320
56048 8
56049 8
56050 0
56051 6
56052 0
56053 0
56054 4
56055 0
56056 0
56057 2
56058 0
56059 16
56060 0
56061 0
56062 0
56063 510
56064 4
56065 16
56066 20
56067 0
56068 0
56069 58
56070 0
56071 0
56072 0
56073 0
56074 4
56075 6
56076 0
56077 0
56078 20
56079 64
56080 0
56081 2
56082 8
56083 0
56084 4
56085 0
56086 0
56087 302
56088 0
56089 8
56090 0
56091 0
56092 0
56093 2
56094 28
56095 0
56096 0
56097 0
56098 0
56099 646
56100 0
56101 0
56102 0
56103 0
56104 4
56105 2
56106 0
56107 0
56108 0
56109 48
56110 0
56111 30
56112 0
56113 0
56114 60
56115 0
56116 8
56117 2
56118 0
56119 32
56120 0
56121 0
56122 0
56123 6
56124 4
56125 0
56126 0
56127 0
56128 0
56129 10
56130 0
56131 0
56132 44
56133 128
56134 4
56135 14
56136 0
56137 0
56138 0
56139 16
56140 20
56141 2
56142 0
56143 0
56144 4
56145 0
56146 0
56147 6
56148 0
56149 8
56150 8
56151 0
56152 0
56153 2
56154 4
56155 0
56156 0
56157 0
56158 0
56159 4030
56160 0
56161 0
56162 0
56163 0
56164 4
56165 42
56166 0
56167 64
56168 0
56169 48
56170 0
56171 1526
56172 0
56173 0
56174 4
56175 0
56176 0
56177 2
56178 0
56179 16
56180 0
56181 0
56182 0
56183 14
56184 12
56185 0
56186 0
56187 0
56188 0
56189 10
56190 0
56191 0
56192 0
56193 0
56194 4
56195 102
56196 0
56197 0
56198 20
56199 32
56200 0
56201 18
56202 20
56203 0
56204 4
56205 0
56206 0
56207 30
56208 0
56209 512
56210 0
56211 0
56212 0
56213 2
56214 4
56215 0
56216 0
56217 0
56218 8
56219 22
56220 0
56221 0
56222 0
56223 0
56224 28
56225 2
56226 0
56227 0
56228 0
56229 8
56230 0
56231 174
56232 0
56233 40
56234 4
56235 32
56236 0
56237 2
56238 0
56239 64
56240 0
56241 0
56242 0
56243 230
56244 4
56245 0
56246 0
56247 0
56248 0
56249 10
56250 0
56251 0
56252 8
56253 0
56254 4
56255 126
56256 0
56257 0
56258 60
56259 16
56260 56
56261 2
56262 0
56263 0
56264 484
56265 0
56266 0
56267 6
56268 0
56269 24
56270 0
56271 0
56272 0
56273 2
56274 4
56275 0
56276 0
56277 0
56278 0
56279 46
56280 0
56281 0
56282 144
56283 0
56284 4
56285 2
56286 8
56287 0
56288 0
56289 56
56290 0
56291 6
56292 0
56293 0
56294 4
56295 160
56296 0
56297 42
56298 0
56299 16
56300 0
56301 0
56302 0
56303 158
56304 4
56305 0
56306 0
56307 0
56308 0
56309 10
56310 0
56311 0
56312 0
56313 0
56314 4
56315 6
56316 0
56317 0
56318 0
56319 4096
56320 8
56321 50
56322 0
56323 0
56324 4
56325 0
56326 20
56327 14
56328 0
56329 8
56330 20
56331 0
56332 0
56333 2
56334 4
56335 0
56336 0
56337 16
56338 0
56339 22
56340 0
56341 0
56342 0
56343 0
56344 4
56345 2
56346 0
56347 0
56348 0
56349 8
56350 0
56351 62
56352 0
56353 0
56354 164
56355 0
56356 0
56357 42
56358 0
56359 32
56360 0
56361 0
56362 0
56363 86
56364 4
56365 0
56366 0
56367 0
56368 0
56369 10
56370 0
56371 32
56372 56
56373 0
56374 484
56375 14
56376 0
56377 0
56378 0
56379 16
56380 0
56381 2
56382 0
56383 0
56384 28
56385 0
56386 0
56387 230
56388 28
56389 8
56390 0
56391 0
56392 0
56393 98
56394 4
56395 0
56396 20
56397 0
56398 0
56399 94
56400 0
56401 0
56402 0
56403 0
56404 4
56405 18
56406 0
56407 0
56408 0
56409 8
56410 0
56411 6
56412 0
56413 0
56414 4
56415 0
56416 0
56417 2
56418 0
56419 384
56420 0
56421 0
56422 8
56423 14
56424 4
56425 0
56426 0
56427 0
56428 0
56429 554
56430 0
56431 0
56432 0
56433 0
56434 4
56435 6
56436 0
56437 0
56438 0
56439 96
56440 0
56441 2
56442 0
56443 0
56444 4
56445 0
56446 0
56447 3326
56448 0
56449 8
56450 20
56451 0
56452 0
56453 2
56454 4
56455 0
56456 8
56457 0
56458 0
56459 22
56460 0
56461 0
56462 20
56463 0
56464 4
56465 2
56466 0
56467 0
56468 0
56469 8
56470 0
56471 14
56472 0
56473 16
56474 4
56475 0
56476 0
56477 2
56478 0
56479 128
56480 0
56481 40
56482 0
56483 6
56484 28
56485 0
56486 0
56487 0
56488 0
56489 10
56490 8
56491 0
56492 0
56493 0
56494 4
56495 350
56496 0
56497 0
56498 0
56499 16
56500 0
56501 114
56502 0
56503 0
56504 4
56505 0
56506 0
56507 38
56508 0
56509 8
56510 96
56511 0
56512 20
56513 2
56514 60
56515 0
56516 0
56517 0
56518 0
56519 46
56520 0
56521 0
56522 0
56523 0
56524 12
56525 2
56526 0
56527 0
56528 20
56529 8
56530 0
56531 6
56532 0
56533 0
56534 4
56535 0
56536 0
56537 2
56538 0
56539 592
56540 0
56541 16
56542 0
56543 702
56544 4
56545 0
56546 0
56547 0
56548 0
56549 58
56550 0
56551 0
56552 0
56553 0
56554 4
56555 6
56556 0
56557 0
56558 8
56559 64
56560 0
56561 42
56562 0
56563 0
56564 4
56565 0
56566 0
56567 14
56568 0
56569 8
56570 0
56571 0
56572 0
56573 50
56574 24
56575 2048
56576 0
56577 0
56578 0
56579 102
56580 0
56581 0
56582 0
56583 0
56584 4
56585 2
56586 0
56587 0
56588 0
56589 8
56590 0
56591 30
56592 8
56593 0
56594 24
56595 0
56596 0
56597 2
56598 0
56599 32
56600 216
56601 0
56602 0
56603 6
56604 4
56605 80
56606 0
56607 0
56608 0
56609 282
56610 0
56611 0
56612 0
56613 0
56614 28
56615 14
56616 0
56617 0
56618 0
56619 16
56620 0
56621 2
56622 0
56623 0
56624 4
56625 0
56626 8
56627 86
56628 0
56629 8
56630 56
56631 0
56632 0
56633 2
56634 4
56635 0
56636 44
56637 0
56638 0
56639 382
56640 0
56641 112
56642 0
56643 32
56644 4
56645 2
56646 0
56647 0
56648 0
56649 8
56650 0
56651 6
56652 0
56653 0
56654 4
56655 0
56656 0
56657 2
56658 0
56659 16
56660 28
56661 0
56662 0
56663 14
56664 4
56665 0
56666 0
56667 80
56668 0
56669 10
56670 0
56671 0
56672 0
56673 0
56674 4
56675 6
56676 0
56677 16
56678 0
56679 1664
56680 0
56681 2
56682 0
56683 0
56684 4
56685 0
56686 0
56687 30
56688 132
56689 8
56690 0
56691 0
56692 0
56693 42
56694 12
56695 0
56696 0
56697 0
56698 20
56699 118
56700 0
56701 0
56702 0
56703 0
56704 4
56705 2
56706 0
56707 0
56708 0
56709 8
56710 0
56711 78
56712 0
56713 0
56714 4
56715 0
56716 0
56717 2
56718 0
56719 64
56720 252
56721 0
56722 0
56723 6
56724 4
56725 0
56726 20
56727 0
56728 8
56729 50
56730 0
56731 0
56732 0
56733 0
56734 4
56735 62
56736 0
56737 0
56738 0
56739 16
56740 0
56741 2
56742 0
56743 0
56744 124
56745 16
56746 0
56747 6
56748 0
56749 8
56750 0
56751 0
56752 0
56753 2
56754 4
56755 0
56756 0
56757 0
56758 0
56759 654
56760 20
56761 0
56762 32
56763 0
56764 4
56765 2
56766 0
56767 0
56768 56
56769 8
56770 0
56771 150
56772 0
56773 0
56774 4
56775 0
56776 0
56777 2
56778 0
56779 48
56780 0
56781 0
56782 0
56783 30
56784 24
56785 0
56786 0
56787 0
56788 0
56789 10
56790 0
56791 160
56792 20
56793 0
56794 4
56795 6
56796 280
56797 0
56798 0
56799 128
56800 0
56801 2
56802 0
56803 0
56804 4
56805 0
56806 0
56807 14
56808 0
56809 56
56810 0
56811 0
56812 0
56813 18
56814 4
56815 0
56816 0
56817 0
56818 0
56819 22
56820 0
56821 0
56822 20
56823 0
56824 4
56825 90
56826 0
56827 0
56828 0
56829 8
56830 8
56831 1022
56832 0
56833 0
56834 4
56835 0
56836 0
56837 2
56838 0
56839 32
56840 0
56841 0
56842 0
56843 6
56844 4
56845 0
56846 0
56847 128
56848 0
56849 10
56850 0
56851 0
56852 0
56853 40
56854 4
56855 14
56856 0
56857 0
56858 20
56859 16
56860 0
56861 2
56862 0
56863 0
56864 140
56865 0
56866 0
56867 6
56868 0
56869 8
56870 0
56871 0
56872 0
56873 2
56874 76
56875 0
56876 0
56877 0
56878 0
56879 94
56880 0
56881 16
56882 0
56883 0
56884 24
56885 2
56886 0
56887 0
56888 80
56889 8
56890 0
56891 86
56892 0
56893 0
56894 4
56895 3584
56896 0
56897 2
56898 8
56899 16
56900 0
56901 0
56902 0
56903 14
56904 4
56905 0
56906 0
56907 0
56908 0
56909 10
56910 0
56911 0
56912 0
56913 0
56914 4
56915 118
56916 0
56917 0
56918 0
56919 32
56920 0
56921 2
56922 0
56923 0
56924 24
56925 0
56926 0
56927 62
56928 0
56929 8
56930 0
56931 0
56932 8
56933 2
56934 4
56935 0
56936 0
56937 0
56938 0
56939 118
56940 0
56941 0
56942 252
56943 0
56944 4
56945 2
56946 40
56947 0
56948 0
56949 24
56950 0
56951 206
56952 0
56953 0
56954 4
56955 0
56956 0
56957 42
56958 0
56959 512
56960 0
56961 0
56962 0
56963 6
56964 4
56965 0
56966 8
56967 0
56968 0
56969 10
56970 0
56971 0
56972 0
56973 0
56974 4
56975 30
56976 0
56977 40
56978 0
56979 16
56980 0
56981 2
56982 0
56983 64
56984 4
56985 0
56986 0
56987 6
56988 0
56989 48
56990 20
56991 0
56992 0
56993 2
56994 4
56995 0
56996 0
56997 0
56998 0
56999 46
57000 8
57001 0
57002 0
57003 0
57004 28
57005 2
57006 0
57007 0
57008 20
57009 8
57010 0
57011 6
57012 0
57013 0
57014 28
57015 0
57016 0
57017 130
57018 0
57019 16
57020 0
57021 0
57022 56
57023 1406
57024 4
57025 0
57026 0
57027 0
57028 0
57029 10
57030 0
57031 0
57032 0
57033 0
57034 12
57035 6
57036 0
57037 0
57038 0
57039 384
57040 0
57041 2
57042 0
57043 0
57044 4
57045 0
57046 0
57047 14
57048 0
57049 8
57050 0
57051 32
57052 0
57053 290
57054 4
57055 0
57056 20
57057 0
57058 0
57059 22
57060 0
57061 0
57062 0
57063 0
57064 4
57065 2
57066 0
57067 0
57068 8
57069 56
57070 20
57071 30
57072 0
57073 0
57074 4
57075 0
57076 0
57077 50
57078 0
57079 32
57080 0
57081 0
57082 0
57083 6
57084 4
57085 16
57086 0
57087 0
57088 0
57089 50
57090 0
57091 0
57092 0
57093 0
57094 4
57095 14
57096 0
57097 0
57098 0
57099 16
57100 0
57101 42
57102 8
57103 0
57104 4
57105 0
57106 0
57107 6
57108 0
57109 8
57110 0
57111 0
57112 0
57113 74
57114 4
57115 0
57116 0
57117 0
57118 0
57119 4542
57120 0
57121 0
57122 20
57123 0
57124 4
57125 2
57126 0
57127 0
57128 0
57129 8
57130 0
57131 6
57132 20
57133 0
57134 28
57135 0
57136 8
57137 2
57138 0
57139 16
57140 24
57141 0
57142 0
57143 14
57144 4
57145 0
57146 56
57147 0
57148 0
57149 122
57150 0
57151 0
57152 0
57153 16
57154 4
57155 86
57156 0
57157 0
57158 0
57159 32
57160 0
57161 2
57162 0
57163 80
57164 4
57165 0
57166 0
57167 30
57168 0
57169 8
57170 8
57171 0
57172 0
57173 2
57174 4
57175 0
57176 0
57177 0
57178 0
57179 22
57180 0
57181 0
57182 0
57183 0
57184 4
57185 2
57186 0
57187 32
57188 20
57189 8
57190 0
57191 14
57192 0
57193 0
57194 284
57195 0
57196 0
57197 2
57198 0
57199 448
57200 0
57201 0
57202 0
57203 102
57204 12
57205 0
57206 0
57207 0
57208 0
57209 10
57210 0
57211 0
57212 0
57213 0
57214 4
57215 254
57216 0
57217 0
57218 0
57219 16
57220 0
57221 58
57222 0
57223 0
57224 4
57225 40
57226 0
57227 6
57228 0
57229 8
57230 0
57231 4032
57232 0
57233 2
57234 4
57235 0
57236 0
57237 0
57238 8
57239 46
57240 0
57241 0
57242 0
57243 0
57244 4
57245 2
57246 0
57247 0
57248 0
57249 8
57250 0
57251 6
57252 0
57253 0
57254 24
57255 64
57256 20
57257 2
57258 0
57259 16
57260 0
57261 0
57262 0
57263 30
57264 28
57265 0
57266 24
57267 0
57268 0
57269 10
57270 0
57271 0
57272 8
57273 0
57274 4
57275 230
57276 56
57277 0
57278 0
57279 256
57280 0
57281 2
57282 0
57283 0
57284 40
57285 0
57286 0
57287 3854
57288 0
57289 24
57290 0
57291 0
57292 0
57293 2
57294 4
57295 0
57296 0
57297 0
57298 0
57299 22
57300 0
57301 0
57302 0
57303 0
57304 4
57305 2
57306 8
57307 0
57308 0
57309 8
57310 144
57311 62
57312 0
57313 0
57314 4
57315 4224
57316 0
57317 2
57318 20
57319 32
57320 20
57321 0
57322 0
57323 38
57324 4
57325 0
57326 0
57327 0
57328 0
57329 4138
57330 0
57331 0
57332 0
57333 0
57334 4
57335 14
57336 4004
57337 0
57338 0
57339 16
57340 8
57341 2
57342 0
57343 0
57344 4
57345 0
57346 0
57347 6
57348 0
57349 48
57350 4004
57351 0
57352 0
57353 42
57354 4
57355 0
57356 0
57357 4144
57358 0
57359 94
57360 0
57361 0
57362 0
57363 0
57364 4
57365 2
57366 0
57367 0
57368 0
57369 8
57370 0
57371 4230
57372 0
57373 0
57374 140
57375 0
57376 0
57377 2
57378 0
57379 16
57380 20
57381 0
57382 0
57383 14
57384 4
57385 0
57386 20
57387 0
57388 0
57389 10
57390 0
57391 128
57392 24
57393 0
57394 28
57395 6
57396 0
57397 0
57398 0
57399 3872
57400 0
57401 2
57402 0
57403 224
57404 60
57405 0
57406 0
57407 126
57408 8
57409 8
57410 0
57411 80
57412 0
57413 2
57414 4
57415 0
57416 0
57417 0
57418 0
57419 102
57420 0
57421 0
57422 0
57423 0
57424 4
57425 18
57426 0
57427 0
57428 0
57429 8
57430 0
57431 14
57432 0
57433 0
57434 4
57435 0
57436 0
57437 2
57438 0
57439 128
57440 0
57441 0
57442 28
57443 6
57444 4
57445 0
57446 0
57447 0
57448 0
57449 10
57450 0
57451 0
57452 20
57453 0
57454 4
57455 4446
57456 0
57457 0
57458 0
57459 144
57460 0
57461 2
57462 0
57463 0
57464 4
57465 0
57466 0
57467 6
57468 0
57469 8
57470 0
57471 0
57472 0
57473 42
57474 4
57475 0
57476 8
57477 0
57478 0
57479 46
57480 0
57481 0
57482 0
57483 0
57484 4
57485 42
57486 0
57487 0
57488 0
57489 8
57490 0
57491 6
57492 0
57493 16
57494 4
57495 0
57496 0
57497 2
57498 0
57499 16
57500 0
57501 0
57502 0
57503 62
57504 24
57505 0
57506 0
57507 0
57508 0
57509 10
57510 8
57511 0
57512 0
57513 0
57514 4
57515 6
57516 0
57517 0
57518 44
57519 64
57520 0
57521 2
57522 0
57523 0
57524 28
57525 0
57526 0
57527 78
57528 0
57529 8
57530 56
57531 0
57532 0
57533 114
57534 4
57535 1280
57536 0
57537 0
57538 0
57539 22
57540 0
57541 0
57542 0
57543 0
57544 12
57545 2
57546 0
57547 0
57548 0
57549 8
57550 0
57551 350
57552 0
57553 0
57554 4
57555 0
57556 0
57557 2
57558 0
57559 32
57560 0
57561 16
57562 0
57563 6
57564 4
57565 0
57566 20
57567 4608
57568 0
57569 10
57570 0
57571 0
57572 0
57573 0
57574 4
57575 14
57576 0
57577 0
57578 8
57579 16
57580 0
57581 50
57582 0
57583 0
57584 24
57585 0
57586 0
57587 6
57588 0
57589 56
57590 0
57591 0
57592 0
57593 2
57594 4
57595 32
57596 0
57597 40
57598 0
57599 1534
57600 0
57601 0
57602 0
57603 0
57604 24
57605 2
57606 0
57607 0
57608 0
57609 8
57610 0
57611 6
57612 8
57613 0
57614 4
57615 0
57616 0
57617 42
57618 0
57619 16
57620 0
57621 0
57622 0
57623 14
57624 4
57625 0
57626 36
57627 0
57628 40
57629 282
57630 0
57631 0
57632 0
57633 0
57634 4
57635 6
57636 0
57637 0
57638 0
57639 32
57640 0
57641 2
57642 0
57643 0
57644 28
57645 0
57646 8
57647 30
57648 0
57649 8
57650 20
57651 0
57652 0
57653 2
57654 28
57655 0
57656 0
57657 112
57658 0
57659 102
57660 0
57661 0
57662 56
57663 512
57664 4
57665 2
57666 0
57667 0
57668 0
57669 8
57670 0
57671 14
57672 0
57673 0
57674 4
57675 0
57676 0
57677 2
57678 0
57679 64
57680 8
57681 0
57682 0
57683 86
57684 4
57685 0
57686 0
57687 0
57688 0
57689 10
57690 20
57691 0
57692 0
57693 0
57694 4
57695 62
57696 0
57697 16
57698 0
57699 16
57700 0
57701 2
57702 0
57703 0
57704 4
57705 0
57706 0
57707 102
57708 0
57709 8
57710 0
57711 0
57712 0
57713 2
57714 12
57715 0
57716 20
57717 0
57718 0
57719 238
57720 0
57721 40
57722 0
57723 0
57724 4
57725 2
57726 0
57727 0
57728 0
57729 8
57730 0
57731 38
57732 0
57733 0
57734 4
57735 0
57736 0
57737 2
57738 0
57739 16
57740 0
57741 0
57742 252
57743 30
57744 4
57745 0
57746 0
57747 0
57748 8
57749 50
57750 0
57751 0
57752 20
57753 0
57754 4
57755 6
57756 0
57757 0
57758 0
57759 128
57760 0
57761 2
57762 0
57763 0
57764 4
57765 16
57766 0
57767 14
57768 0
57769 8
57770 24
57771 0
57772 0
57773 2
57774 4
57775 0
57776 0
57777 0
57778 0
57779 22
57780 0
57781 0
57782 28
57783 160
57784 132
57785 2
57786 0
57787 0
57788 0
57789 8
57790 0
57791 3710
57792 0
57793 0
57794 4
57795 0
57796 0
57797 74
57798 0
57799 96
57800 0
57801 0
57802 0
57803 6
57804 4
57805 0
57806 0
57807 0
57808 0
57809 50
57810 0
57811 0
57812 0
57813 0
57814 24
57815 174
57816 8
57817 0
57818 0
57819 16
57820 0
57821 2
57822 0
57823 0
57824 212
57825 0
57826 0
57827 6
57828 0
57829 8
57830 0
57831 0
57832 0
57833 66
57834 4
57835 0
57836 0
57837 0
57838 0
57839 94
57840 0
57841 0
57842 0
57843 0
57844 4
57845 42
57846 0
57847 0
57848 20
57849 56
57850 8
57851 6
57852 0
57853 0
57854 4
57855 0
57856 0
57857 2
57858 0
57859 16
57860 0
57861 0
57862 0
57863 14
57864 4
57865 0
57866 0
57867 32
57868 0
57869 10
57870 0
57871 0
57872 0
57873 0
57874 4
57875 6
57876 20
57877 0
57878 0
57879 32
57880 0
57881 42
57882 0
57883 0
57884 140
57885 0
57886 0
57887 62
57888 0
57889 8
57890 0
57891 0
57892 0
57893 2
57894 4
57895 0
57896 24
57897 0
57898 0
57899 22
57900 0
57901 16
57902 0
57903 0
57904 4
57905 2
57906 0
57907 80
57908 0
57909 8
57910 0
57911 462
57912 0
57913 0
57914 144
57915 0
57916 0
57917 2
57918 8
57919 256
57920 56
57921 0
57922 0
57923 6
57924 4
57925 0
57926 0
57927 0
57928 0
57929 10
57930 0
57931 0
57932 0
57933 0
57934 4
57935 158
57936 0
57937 0
57938 20
57939 16
57940 0
57941 2
57942 0
57943 0
57944 4
57945 0
57946 0
57947 86
57948 0
57949 8
57950 0
57951 0
57952 8
57953 2
57954 4
57955 0
57956 0
57957 0
57958 0
57959 238
57960 0
57961 0
57962 0
57963 0
57964 4
57965 2
57966 0
57967 0
57968 252
57969 104
57970 0
57971 6
57972 0
57973 0
57974 4
57975 0
57976 0
57977 2
57978 0
57979 112
57980 20
57981 0
57982 0
57983 254
57984 4
57985 0
57986 8
57987 0
57988 0
57989 10
57990 0
57991 0
57992 0
57993 0
57994 4
57995 6
57996 0
57997 0
57998 0
57999 64
58000 20
58001 2
58002 0
58003 32
58004 4
58005 0
58006 0
58007 14
58008 0
58009 8
58010 0
58011 0
58012 0
58013 42
58014 24
58015 0
58016 0
58017 0
58018 0
58019 22
58020 8
58021 0
58022 24
58023 0
58024 4
58025 2
58026 0
58027 0
58028 0
58029 8
58030 0
58031 350
58032 0
58033 0
58034 4
58035 0
58036 0
58037 18
58038 56
58039 32
58040 0
58041 0
58042 0
58043 6
58044 28
58045 0
58046 20
58047 0
58048 0
58049 122
58050 0
58051 0
58052 0
58053 0
58054 144
58055 14
58056 0
58057 0
58058 0
58059 16
58060 0
58061 2
58062 20
58063 0
58064 4
58065 0
58066 0
58067 6
58068 0
58069 8
58070 0
58071 64
58072 0
58073 2
58074 4
58075 0
58076 0
58077 0
58078 0
58079 830
58080 0
58081 288
58082 0
58083 0
58084 4
58085 50
58086 0
58087 0
58088 8
58089 8
58090 0
58091 6
58092 0
58093 40
58094 4
58095 0
58096 0
58097 2
58098 0
58099 16
58100 0
58101 0
58102 0
58103 14
58104 4
58105 16
58106 0
58107 0
58108 0
58109 58
58110 0
58111 0
58112 20
58113 0
58114 4
58115 6
58116 0
58117 0
58118 0
58119 32
58120 0
58121 2
58122 8
58123 0
58124 24
58125 0
58126 0
58127 30
58128 0
58129 8
58130 0
58131 0
58132 0
58133 2
58134 4
58135 0
58136 0
58137 0
58138 0
58139 710
58140 0
58141 0
58142 0
58143 0
58144 4
58145 42
58146 0
58147 0
58148 96
58149 8
58150 0
58151 14
58152 0
58153 0
58154 4
58155 80
58156 8
58157 2
58158 0
58159 64
58160 0
58161 0
58162 0
58163 6
58164 4
58165 112
58166 0
58167 0
58168 0
58169 10
58170 0
58171 0
58172 0
58173 16
58174 28
58175 126
58176 0
58177 0
58178 76
58179 16
58180 0
58181 2
58182 0
58183 0
58184 4
58185 0
58186 20
58187 6
58188 0
58189 8
58190 8
58191 0
58192 0
58193 2
58194 4
58195 0
58196 0
58197 0
58198 0
58199 46
58200 0
58201 0
58202 0
58203 0
58204 4
58205 2
58206 0
58207 256
58208 0
58209 8
58210 0
58211 182
58212 0
58213 0
58214 4
58215 0
58216 0
58217 42
58218 0
58219 96
58220 0
58221 0
58222 0
58223 30
58224 12
58225 0
58226 0
58227 0
58228 0
58229 10
58230 0
58231 0
58232 0
58233 0
58234 4
58235 6
58236 0
58237 0
58238 0
58239 9728
58240 0
58241 18
58242 0
58243 0
58244 24
58245 0
58246 0
58247 14
58248 20
58249 8
58250 0
58251 0
58252 0
58253 2954
58254 4
58255 1920
58256 0
58257 0
58258 8
58259 22
58260 0
58261 0
58262 0
58263 0
58264 4
58265 2
58266 0
58267 0
58268 0
58269 8
58270 0
58271 62
58272 0
58273 0
58274 28
58275 32
58276 0
58277 42
58278 0
58279 192
58280 0
58281 0
58282 0
58283 6
58284 4
58285 0
58286 0
58287 0
58288 0
58289 10
58290 0
58291 0
58292 64
58293 0
58294 4
58295 14
58296 0
58297 0
58298 0
58299 16
58300 0
58301 2
58302 0
58303 0
58304 28
58305 0
58306 0
58307 230
58308 0
58309 24
58310 516
58311 0
58312 0
58313 2
58314 4
58315 0
58316 0
58317 0
58318 0
58319 94
58320 0
58321 0
58322 0
58323 0
58324 4
58325 2
58326 8
58327 0
58328 0
58329 8
58330 0
58331 6
58332 0
58333 0
58334 4
58335 0
58336 0
58337 50
58338 144
58339 16
58340 0
58341 40
58342 0
58343 238
58344 4
58345 0
58346 0
58347 0
58348 0
58349 10
58350 0
58351 0
58352 0
58353 0
58354 4
58355 6
58356 0
58357 0
58358 0
58359 32
58360 8
58361 2
58362 0
58363 0
58364 4
58365 0
58366 0
58367 2046
58368 0
58369 56
58370 0
58371 0
58372 20
58373 2
58374 4
58375 0
58376 20
58377 16
58378 0
58379 22
58380 0
58381 0
58382 0
58383 0
58384 4
58385 2
58386 0
58387 0
58388 0
58389 8
58390 0
58391 14
58392 0
58393 0
58394 140
58395 0
58396 0
58397 2
58398 0
58399 128
58400 24
58401 0
58402 0
58403 86
58404 4
58405 0
58406 0
58407 0
58408 0
58409 50
58410 0
58411 32
58412 0
58413 0
58414 4
58415 30
58416 0
58417 0
58418 0
58419 240
58420 0
58421 2
58422 0
58423 0
58424 484
58425 0
58426 0
58427 6
58428 8
58429 8
58430 0
58431 0
58432 0
58433 2
58434 48
58435 0
58436 56
58437 0
58438 0
58439 46
58440 0
58441 0
58442 20
58443 0
58444 4
58445 18
58446 0
58447 0
58448 0
58449 8
58450 0
58451 6
58452 0
58453 0
58454 4
58455 0
58456 0
58457 2
58458 0
58459 16
58460 0
58461 0
58462 8
58463 830
58464 4
58465 40
58466 0
58467 0
58468 0
58469 10
58470 0
58471 0
58472 0
58473 0
58474 4
58475 86
58476 0
58477 0
58478 0
58479 192
58480 0
58481 506
58482 0
58483 0
58484 4
58485 0
58486 0
58487 14
58488 0
58489 8
58490 0
58491 0
58492 0
58493 2
58494 4
58495 0
58496 28
58497 0
58498 0
58499 502
58500 0
58501 0
58502 0
58503 0
58504 4
58505 2
58506 0
58507 0
58508 20
58509 8
58510 0
58511 30
58512 0
58513 16
58514 4
58515 0
58516 0
58517 2
58518 0
58519 32
58520 0
58521 0
58522 0
58523 6
58524 4
58525 0
58526 24
58527 640
58528 0
58529 10
58530 8
58531 0
58532 0
58533 0
58534 4
58535 14
58536 0
58537 0
58538 0
58539 16
58540 0
58541 42
58542 0
58543 0
58544 4
58545 0
58546 56
58547 38
58548 0
58549 8
58550 0
58551 0
58552 0
58553 2
58554 4
58555 0
58556 0
58557 0
58558 20
58559 382
58560 0
58561 0
58562 0
58563 0
58564 36
58565 114
58566 0
58567 0
58568 0
58569 8
58570 0
58571 6
58572 0
58573 0
58574 24
58575 0
58576 0
58577 2
58578 0
58579 16
58580 0
58581 16
58582 0
58583 14
58584 4
58585 0
58586 0
58587 0
58588 0
58589 98
58590 0
58591 0
58592 0
58593 0
58594 4
58595 582
58596 0
58597 0
58598 8
58599 32
58600 0
58601 2
58602 0
58603 0
58604 4
58605 0
58606 0
58607 350
58608 0
58609 8
58610 0
58611 0
58612 0
58613 2
58614 4
58615 64
58616 0
58617 0
58618 0
58619 22
58620 20
58621 0
58622 0
58623 0
58624 4
58625 2
58626 0
58627 0
58628 0
58629 96
58630 0
58631 14
58632 8
58633 0
58634 4
58635 0
58636 0
58637 2
58638 0
58639 64
58640 20
58641 0
58642 0
58643 6
58644 4
58645 0
58646 0
58647 0
58648 0
58649 282
58650 0
58651 160
58652 60
58653 0
58654 4
58655 62
58656 0
58657 0
58658 0
58659 16
58660 0
58661 2
58662 0
58663 0
58664 4
58665 0
58666 8
58667 6
58668 0
58669 8
58670 0
58671 0
58672 0
58673 154
58674 4
58675 0
58676 0
58677 0
58678 0
58679 46
58680 0
58681 0
58682 20
58683 32
58684 4
58685 2
58686 0
58687 0
58688 0
58689 8
58690 0
58691 6
58692 0
58693 0
58694 276
58695 0
58696 0
58697 2
58698 0
58699 16
58700 8
58701 0
58702 0
58703 30
58704 4
58705 0
58706 20
58707 0
58708 0
58709 10
58710 0
58711 0
58712 0
58713 40
58714 4
58715 102
58716 0
58717 16
58718 0
58719 128
58720 0
58721 2
58722 0
58723 0
58724 4
58725 0
58726 0
58727 14
58728 0
58729 8
58730 0
58731 0
58732 0
58733 2
58734 12
58735 0
58736 0
58737 264
58738 0
58739 102
58740 0
58741 0
58742 0
58743 0
58744 24
58745 2
58746 0
58747 0
58748 0
58749 8
58750 0
58751 1278
58752 0
58753 0
58754 4
58755 0
58756 0
58757 2
58758 0
58759 224
58760 0
58761 0
58762 0
58763 6
58764 256
58765 0
58766 0
58767 0
58768 8
58769 10
58770 0
58771 0
58772 20
58773 0
58774 4
58775 174
58776 0
58777 0
58778 24
58779 16
58780 0
58781 2
58782 0
58783 0
58784 4
58785 16
58786 0
58787 6
58788 0
58789 8
58790 0
58791 0
58792 0
58793 2
58794 4
58795 0
58796 0
58797 0
58798 0
58799 94
58800 56
58801 0
58802 8
58803 0
58804 4
58805 42
58806 20
58807 0
58808 0
58809 8
58810 0
58811 6
58812 0
58813 0
58814 4
58815 0
58816 0
58817 2
58818 0
58819 48
58820 0
58821 0
58822 0
58823 750
58824 28
58825 0
58826 0
58827 0
58828 0
58829 10
58830 0
58831 0
58832 0
58833 0
58834 24
58835 6
58836 8
58837 40
58838 20
58839 32
58840 0
58841 50
58842 0
58843 0
58844 4
58845 0
58846 0
58847 62
58848 0
58849 8
58850 0
58851 0
58852 144
58853 18
58854 4
58855 0
58856 0
58857 0
58858 0
58859 22
58860 0
58861 0
58862 0
58863 0
58864 4
58865 2
58866 0
58867 0
58868 20
58869 8
58870 8
58871 174
58872 0
58873 0
58874 4
58875 0
58876 0
58877 2
58878 0
58879 2048
58880 0
58881 0
58882 0
58883 6
58884 4
58885 0
58886 0
58887 64
58888 0
58889 58
58890 0
58891 0
58892 0
58893 0
58894 4
58895 30
58896 0
58897 0
58898 0
58899 96
58900 0
58901 2
58902 0
58903 0
58904 184
58905 0
58906 0
58907 6
58908 0
58909 8
58910 0
58911 0
58912 0
58913 2
58914 4
58915 0
58916 0
58917 0
58918 0
58919 46
58920 0
58921 16
58922 0
58923 0
58924 4
58925 2
58926 0
58927 896
58928 0
58929 8
58930 20
58931 6
58932 0
58933 0
58934 4
58935 0
58936 0
58937 42
58938 8
58939 16
58940 0
58941 0
58942 0
58943 126
58944 4
58945 0
58946 0
58947 0
58948 0
58949 10
58950 0
58951 0
58952 56
58953 0
58954 28
58955 38
58956 0
58957 0
58958 0
58959 64
58960 0
58961 42
58962 0
58963 0
58964 4
58965 0
58966 0
58967 782
58968 0
58969 8
58970 20
58971 0
58972 8
58973 2
58974 4
58975 0
58976 0
58977 0
58978 0
58979 22
58980 0
58981 0
58982 0
58983 0
58984 4
58985 674
58986 0
58987 0
58988 0
58989 24
58990 0
58991 30
58992 40
58993 0
58994 256
58995 0
58996 0
58997 2
58998 0
58999 32
59000 0
59001 0
59002 0
59003 86
59004 4
59005 0
59006 8
59007 0
59008 0
59009 10
59010 0
59011 0
59012 0
59013 0
59014 4
59015 14
59016 0
59017 0
59018 0
59019 112
59020 0
59021 2
59022 0
59023 448
59024 4
59025 0
59026 0
59027 6
59028 0
59029 8
59030 24
59031 0
59032 0
59033 2
59034 4
59035 0
59036 20
59037 0
59038 0
59039 830
59040 8
59041 0
59042 0
59043 0
59044 52
59045 2
59046 0
59047 0
59048 0
59049 8
59050 0
59051 6
59052 0
59053 0
59054 80
59055 0
59056 0
59057 18
59058 0
59059 16
59060 0
59061 0
59062 0
59063 14
59064 4
59065 0
59066 0
59067 0
59068 0
59069 50
59070 0
59071 0
59072 0
59073 0
59074 12
59075 6
59076 0
59077 0
59078 0
59079 32
59080 0
59081 114
59082 0
59083 0
59084 124
59085 40
59086 0
59087 30
59088 0
59089 8
59090 0
59091 32
59092 0
59093 50
59094 4
59095 0
59096 0
59097 0
59098 0
59099 22
59100 0
59101 0
59102 20
59103 0
59104 4
59105 2
59106 0
59107 0
59108 8
59109 296
59110 0
59111 14
59112 0
59113 0
59114 4
59115 0
59116 20
59117 2
59118 0
59119 64
59120 0
59121 0
59122 0
59123 6
59124 4
59125 16
59126 0
59127 0
59128 0
59129 10
59130 0
59131 0
59132 0
59133 0
59134 4
59135 5630
59136 0
59137 0
59138 0
59139 16
59140 0
59141 2
59142 8
59143 0
59144 4
59145 0
59146 0
59147 86
59148 0
59149 152
59150 0
59151 0
59152 0
59153 2
59154 4
59155 0
59156 24
59157 0
59158 0
59159 1134
59160 0
59161 0
59162 0
59163 0
59164 4
59165 74
59166 0
59167 0
59168 20
59169 8
59170 0
59171 6
59172 0
59173 0
59174 4
59175 0
59176 8
59177 2
59178 20
59179 16
59180 0
59181 112
59182 0
59183 30
59184 4
59185 0
59186 0
59187 0
59188 0
59189 10
59190 0
59191 0
59192 0
59193 16
59194 4
59195 6
59196 0
59197 0
59198 0
59199 256
59200 0
59201 42
59202 0
59203 0
59204 4
59205 0
59206 0
59207 14
59208 0
59209 48
59210 64
59211 0
59212 0
59213 2
59214 28
59215 0
59216 0
59217 0
59218 0
59219 118
59220 0
59221 0
59222 0
59223 0
59224 4
59225 2
59226 0
59227 32
59228 0
59229 8
59230 0
59231 62
59232 0
59233 0
59234 24
59235 0
59236 0
59237 2
59238 0
59239 32
59240 20
59241 0
59242 0
59243 6
59244 32
59245 0
59246 0
59247 0
59248 0
59249 10
59250 0
59251 0
59252 0
59253 0
59254 4
59255 14
59256 0
59257 0
59258 0
59259 16
59260 0
59261 18
59262 0
59263 0
59264 4
59265 0
59266 0
59267 86
59268 0
59269 8
59270 0
59271 160
59272 0
59273 2
59274 4
59275 1008
59276 0
59277 0
59278 8
59279 478
59280 0
59281 0
59282 24
59283 0
59284 4
59285 2
59286 0
59287 0
59288 0
59289 8
59290 0
59291 6
59292 0
59293 0
59294 4
59295 256
59296 0
59297 2
59298 0
59299 16
59300 20
59301 0
59302 20
59303 14
59304 4
59305 0
59306 0
59307 0
59308 56
59309 10
59310 0
59311 0
59312 8
59313 0
59314 4
59315 6
59316 0
59317 0
59318 0
59319 32
59320 0
59321 2
59322 0
59323 0
59324 4
59325 0
59326 0
59327 126
59328 0
59329 24
59330 0
59331 0
59332 0
59333 962
59334 4
59335 0
59336 36
59337 0
59338 0
59339 246
59340 0
59341 0
59342 0
59343 0
59344 28
59345 50
59346 8
59347 0
59348 0
59349 8
59350 0
59351 14
59352 0
59353 0
59354 4
59355 0
59356 0
59357 2
59358 0
59359 128
59360 0
59361 0
59362 1056
59363 38
59364 24
59365 0
59366 164
59367 0
59368 0
59369 10
59370 0
59371 0
59372 0
59373 0
59374 4
59375 30
59376 0
59377 0
59378 0
59379 16
59380 8
59381 2
59382 0
59383 0
59384 4
59385 0
59386 0
59387 6
59388 0
59389 8
59390 0
59391 0
59392 0
59393 2
59394 4
59395 80
59396 0
59397 16
59398 0
59399 206
59400 0
59401 0
59402 0
59403 0
59404 4
59405 2
59406 0
59407 0
59408 24
59409 56
59410 0
59411 6
59412 0
59413 0
59414 140
59415 0
59416 0
59417 2
59418 0
59419 16
59420 1056
59421 0
59422 0
59423 62
59424 4
59425 0
59426 20
59427 0
59428 0
59429 10
59430 0
59431 64
59432 20
59433 0
59434 4
59435 230
59436 0
59437 0
59438 0
59439 64
59440 0
59441 2
59442 0
59443 0
59444 4
59445 0
59446 0
59447 14
59448 8
59449 968
59450 0
59451 0
59452 0
59453 2
59454 4
59455 0
59456 0
59457 40
59458 0
59459 22
59460 0
59461 0
59462 0
59463 0
59464 4
59465 58
59466 0
59467 0
59468 56
59469 8
59470 0
59471 414
59472 0
59473 0
59474 28
59475 0
59476 0
59477 2
59478 0
59479 32
59480 0
59481 0
59482 8
59483 6
59484 4
59485 0
59486 0
59487 0
59488 20
59489 10
59490 0
59491 0
59492 0
59493 0
59494 4
59495 14
59496 0
59497 0
59498 20
59499 48
59500 0
59501 2
59502 0
59503 0
59504 4
59505 0
59506 0
59507 1014
59508 0
59509 8
59510 0
59511 0
59512 0
59513 2
59514 4
59515 0
59516 8
59517 0
59518 0
59519 3326
59520 0
59521 0
59522 0
59523 0
59524 4
59525 2
59526 0
59527 0
59528 0
59529 8
59530 0
59531 86
59532 0
59533 16
59534 28
59535 0
59536 0
59537 2
59538 0
59539 112
59540 0
59541 0
59542 0
59543 14
59544 4
59545 0
59546 0
59547 0
59548 0
59549 10
59550 28
59551 0
59552 0
59553 0
59554 4
59555 6
59556 0
59557 0
59558 0
59559 32
59560 0
59561 2
59562 56
59563 0
59564 24
59565 0
59566 0
59567 158
59568 0
59569 8
59570 0
59571 0
59572 0
59573 2
59574 4
59575 0
59576 0
59577 0
59578 0
59579 742
59580 0
59581 40
59582 0
59583 0
59584 12
59585 2
59586 0
59587 0
59588 0
59589 8
59590 0
59591 14
59592 0
59593 0
59594 4
59595 0
59596 0
59597 202
59598 0
59599 64
59600 0
59601 16
59602 0
59603 6
59604 76
59605 0
59606 0
59607 0
59608 0
59609 10
59610 0
59611 0
59612 20
59613 0
59614 4
59615 62
59616 0
59617 0
59618 8
59619 16
59620 0
59621 2
59622 0
59623 1152
59624 4
59625 0
59626 0
59627 6
59628 0
59629 8
59630 20
59631 0
59632 0
59633 2
59634 4
59635 32
59636 0
59637 0
59638 0
59639 46
59640 0
59641 0
59642 0
59643 80
59644 4
59645 2
59646 0
59647 0
59648 0
59649 8
59650 0
59651 6
59652 8
59653 0
59654 24
59655 0
59656 0
59657 2
59658 0
59659 16
59660 24
59661 0
59662 0
59663 350
59664 4
59665 0
59666 0
59667 0
59668 0
59669 522
59670 0
59671 0
59672 0
59673 0
59674 44
59675 6
59676 0
59677 0
59678 36
59679 128
59680 0
59681 2
59682 0
59683 0
59684 4
59685 0
59686 8
59687 14
59688 0
59689 120
59690 0
59691 0
59692 0
59693 2
59694 4
59695 0
59696 20
59697 0
59698 0
59699 22
59700 0
59701 0
59702 0
59703 64
59704 4
59705 42
59706 0
59707 0
59708 0
59709 8
59710 0
59711 126
59712 0
59713 0
59714 4
59715 0
59716 0
59717 2
59718 0
59719 32
59720 8
59721 0
59722 0
59723 102
59724 4
59725 0
59726 56
59727 0
59728 0
59729 50
59730 0
59731 0
59732 0
59733 0
59734 28
59735 14
59736 20
59737 16
59738 0
59739 16
59740 0
59741 2
59742 0
59743 0
59744 4
59745 0
59746 0
59747 6
59748 0
59749 8
59750 0
59751 0
59752 0
59753 2
59754 12
59755 0
59756 0
59757 0
59758 0
59759 94
59760 0
59761 0
59762 20
59763 0
59764 4
59765 2
59766 0
59767 160
59768 0
59769 8
59770 0
59771 38
59772 0
59773 0
59774 4
59775 0
59776 0
59777 2
59778 0
59779 16
59780 0
59781 0
59782 0
59783 14
59784 4
59785 0
59786 348
59787 0
59788 8
59789 10
59790 0
59791 0
59792 0
59793 0
59794 4
59795 86
59796 0
59797 0
59798 20
59799 224
59800 0
59801 2
59802 0
59803 0
59804 4
59805 16
59806 0
59807 62
59808 0
59809 8
59810 0
59811 0
59812 0
59813 2
59814 4
59815 0
59816 56
59817 0
59818 0
59819 22
59820 0
59821 0
59822 8
59823 0
59824 4
59825 2
59826 0
59827 0
59828 20
59829 48
59830 0
59831 14
59832 0
59833 0
59834 4
59835 0
59836 0
59837 2
59838 0
59839 768
59840 0
59841 0
59842 0
59843 6
59844 4
59845 0
59846 0
59847 0
59848 0
59849 130
59850 0
59851 0
59852 0
59853 0
59854 4
59855 926
59856 8
59857 0
59858 0
59859 96
59860 20
59861 42
59862 0
59863 0
59864 28
59865 0
59866 0
59867 6
59868 0
59869 8
59870 0
59871 0
59872 0
59873 18
59874 4
59875 0
59876 0
59877 0
59878 0
59879 46
59880 144
59881 0
59882 0
59883 0
59884 4
59885 2
59886 0
59887 0
59888 0
59889 8
59890 8
59891 86
59892 0
59893 0
59894 24
59895 0
59896 0
59897 2
59898 0
59899 16
59900 0
59901 0
59902 0
59903 1022
59904 4
59905 0
59906 0
59907 32
59908 0
59909 10
59910 0
59911 0
59912 24
59913 0
59914 4
59915 6
59916 0
59917 0
59918 0
59919 64
59920 0
59921 2
59922 20
59923 0
59924 140
59925 0
59926 0
59927 174
59928 0
59929 56
59930 0
59931 0
59932 0
59933 2
59934 4
59935 0
59936 0
59937 0
59938 0
59939 22
59940 0
59941 16
59942 0
59943 448
59944 4
59945 2
59946 0
59947 0
59948 0
59949 8
59950 0
59951 30
59952 0
59953 40
59954 4
59955 0
59956 0
59957 2
59958 8
59959 32
59960 20
59961 0
59962 0
59963 6
59964 4
59965 0
59966 0
59967 0
59968 0
59969 10
59970 0
59971 0
59972 0
59973 0
59974 4
59975 270
59976 0
59977 0
59978 0
59979 16
59980 0
59981 2
59982 0
59983 0
59984 80
59985 0
59986 0
59987 6
59988 0
59989 8
59990 0
59991 0
59992 8
59993 42
59994 28
59995 0
59996 0
59997 0
59998 0
59999 190
60000 0
60001 0
60002 0
60003 0
60004 4
60005 2
60006 0
60007 0
60008 0
60009 24
60010 0
60011 6
60012 0
60013 0
60014 4
60015 640
60016 0
60017 2
60018 0
60019 16
60020 252
60021 0
60022 0
60023 14
60024 4
60025 0
60026 28
60027 0
60028 0
60029 10
60030 0
60031 0
60032 0
60033 0
60034 4
60035 6
60036 0
60037 0
60038 24
60039 32
60040 0
60041 2
60042 0
60043 32
60044 4
60045 0
60046 20
60047 30
60048 0
60049 8
60050 0
60051 0
60052 0
60053 2
60054 4
60055 0
60056 0
60057 0
60058 0
60059 966
60060 8
60061 0
60062 0
60063 0
60064 24
60065 2
60066 0
60067 0
60068 0
60069 8
60070 1008
60071 14
60072 0
60073 0
60074 4
60075 0
60076 0
60077 58
60078 0
60079 64
60080 0
60081 936
60082 0
60083 6
60084 4
60085 0
60086 0
60087 0
60088 0
60089 10
60090 0
60091 0
60092 20
60093 0
60094 12
60095 126
60096 0
60097 0
60098 0
60099 16
60100 0
60101 50
60102 0
60103 1056
60104 4
60105 0
60106 0
60107 6
60108 20
60109 8
60110 0
60111 128
60112 0
60113 114
60114 4
60115 0
60116 0
60117 0
60118 0
60119 46
60120 0
60121 0
60122 0
60123 0
60124 28
60125 42
60126 0
60127 0
60128 8
60129 8
60130 0
60131 6
60132 0
60133 0
60134 4
60135 0
60136 0
60137 290
60138 0
60139 96
60140 0
60141 0
60142 0
60143 30
60144 4
60145 16
60146 0
60147 0
60148 0
60149 10
60150 0
60151 0
60152 0
60153 0
60154 4
60155 6
60156 0
60157 0
60158 20
60159 1024
60160 0
60161 2
60162 8
60163 0
60164 28
60165 0
60166 0
60167 14
60168 0
60169 8
60170 20
60171 0
60172 0
60173 2
60174 4
60175 0
60176 0
60177 0
60178 0
60179 566
60180 0
60181 0
60182 0
60183 0
60184 4
60185 2
60186 0
60187 0
60188 0
60189 56
60190 0
60191 1854
60192 0
60193 0
60194 4
60195 0
60196 8
60197 114
60198 0
60199 32
60200 0
60201 40
60202 0
60203 6
60204 4
60205 0
60206 0
60207 0
60208 0
60209 10
60210 0
60211 0
60212 0
60213 16
60214 4
60215 14
60216 0
60217 0
60218 0
60219 16
60220 0
60221 2
60222 0
60223 0
60224 24
60225 0
60226 0
60227 102
60228 0
60229 8
60230 8
60231 0
60232 20
60233 2
60234 4
60235 0
60236 0
60237 0
60238 0
60239 94
60240 0
60241 0
60242 56
60243 0
60244 4
60245 2
60246 0
60247 64
60248 0
60249 8
60250 0
60251 6
60252 0
60253 0
60254 124
60255 0
60256 0
60257 42
60258 0
60259 16
60260 0
60261 0
60262 0
60263 174
60264 12
60265 0
60266 0
60267 0
60268 0
60269 50
60270 0
60271 0
60272 0
60273 0
60274 4
60275 6
60276 0
60277 0
60278 0
60279 32
60280 0
60281 18
60282 0
60283 0
60284 4
60285 0
60286 0
60287 254
60288 0
60289 8
60290 44
60291 0
60292 0
60293 2
60294 24
60295 0
60296 0
60297 504
60298 8
60299 22
60300 0
60301 0
60302 0
60303 0
60304 4
60305 2
60306 0
60307 0
60308 0
60309 8
60310 0
60311 14
60312 0
60313 0
60314 4
60315 32
60316 0
60317 2
60318 0
60319 896
60320 0
60321 0
60322 0
60323 86
60324 60
60325 40
60326 0
60327 0
60328 0
60329 10
60330 0
60331 0
60332 8
60333 0
60334 4
60335 30
60336 0
60337 0
60338 0
60339 16
60340 0
60341 2
60342 0
60343 0
60344 4
60345 0
60346 0
60347 6
60348 0
60349 24
60350 0
60351 0
60352 0
60353 50
60354 4
60355 0
60356 480
60357 0
60358 0
60359 46
60360 0
60361 0
60362 36
60363 0
60364 4
60365 2
60366 8
60367 0
60368 0
60369 8
60370 0
60371 230
60372 0
60373 0
60374 4
60375 0
60376 0
60377 2
60378 0
60379 16
60380 0
60381 0
60382 0
60383 318
60384 28
60385 0
60386 0
60387 80
60388 0
60389 50
60390 0
60391 0
60392 0
60393 0
60394 148
60395 6
60396 0
60397 0
60398 0
60399 64
60400 8
60401 2
60402 0
60403 0
60404 4
60405 0
60406 0
60407 14
60408 0
60409 8
60410 0
60411 0
60412 0
60413 2
60414 4
60415 0
60416 24
60417 16
60418 20
60419 22
60420 0
60421 0
60422 20
60423 0
60424 4
60425 2
60426 0
60427 0
60428 0
60429 8
60430 0
60431 30
60432 0
60433 0
60434 140
60435 0
60436 0
60437 2
60438 0
60439 32
60440 0
60441 0
60442 0
60443 6
60444 4
60445 0
60446 0
60447 0
60448 0
60449 98
60450 0
60451 256
60452 0
60453 0
60454 4
60455 174
60456 0
60457 0
60458 0
60459 16
60460 0
60461 2
60462 0
60463 0
60464 4
60465 0
60466 0
60467 6
60468 8
60469 8
60470 0
60471 0
60472 0
60473 2
60474 484
60475 0
60476 0
60477 0
60478 0
60479 1918
60480 20
60481 0
60482 0
60483 0
60484 4
60485 18
60486 0
60487 0
60488 20
60489 8
60490 0
60491 6
60492 0
60493 0
60494 796
60495 0
60496 0
60497 2
60498 0
60499 16
60500 56
60501 0
60502 8
60503 14
60504 4
60505 0
60506 0
60507 0
60508 0
60509 10
60510 0
60511 640
60512 0
60513 0
60514 76
60515 6
60516 0
60517 0
60518 0
60519 96
60520 0
60521 42
60522 0
60523 0
60524 4
60525 0
60526 0
60527 30
60528 0
60529 8
60530 0
60531 0
60532 0
60533 506
60534 4
60535 0
60536 8
60537 0
60538 0
60539 22
60540 0
60541 0
60542 44
60543 0
60544 4
60545 2
60546 0
60547 0
60548 0
60549 8
60550 0
60551 14
60552 0
60553 16
60554 24
60555 0
60556 0
60557 2
60558 0
60559 64
60560 0
60561 0
60562 0
60563 6
60564 4
60565 0
60566 0
60567 0
60568 0
60569 10
60570 8
60571 0
60572 0
60573 40
60574 4
60575 62
60576 0
60577 0
60578 56
60579 112
60580 0
60581 2
60582 0
60583 0
60584 4
60585 0
60586 0
60587 118
60588 0
60589 8
60590 0
60591 0
60592 0
60593 2
60594 4
60595 0
60596 0
60597 0
60598 0
60599 46
60600 0
60601 0
60602 0
60603 0
60604 32
60605 194
60606 0
60607 0
60608 0
60609 8
60610 0
60611 6
60612 0
60613 0
60614 4
60615 0
60616 0
60617 2
60618 0
60619 16
60620 20
60621 16
60622 0
60623 30
60624 4
60625 0
60626 0
60627 0
60628 0
60629 122
60630 0
60631 0
60632 0
60633 0
60634 4
60635 86
60636 0
60637 0
60638 8
60639 128
60640 0
60641 2
60642 0
60643 0
60644 28
60645 0
60646 0
60647 14
60648 0
60649 8
60650 0
60651 576
60652 0
60653 42
60654 4
60655 128
60656 0
60657 0
60658 0
60659 22
60660 0
60661 0
60662 0
60663 0
60664 4
60665 2
60666 20
60667 0
60668 24
60669 8
60670 0
60671 510
60672 8
60673 0
60674 4
60675 0
60676 0
60677 2
60678 0
60679 192
60680 0
60681 0
60682 0
60683 6
60684 4
60685 0
60686 20
60687 0
60688 0
60689 282
60690 0
60691 0
60692 0
60693 0
60694 4
60695 14
60696 0
60697 80
60698 0
60699 16
60700 0
60701 2
60702 0
60703 0
60704 40
60705 112
60706 8
60707 6
60708 0
60709 56
60710 0
60711 0
60712 0
60713 2
60714 4
60715 0
60716 0
60717 0
60718 0
60719 414
60720 0
60721 0
60722 0
60723 32
60724 4
60725 2
60726 0
60727 0
60728 20
60729 8
60730 0
60731 486
60732 0
60733 0
60734 4
60735 0
60736 0
60737 2
60738 0
60739 16
60740 8
60741 0
60742 0
60743 14
60744 4
60745 0
60746 0
60747 0
60748 0
60749 10
60750 0
60751 0
60752 20
60753 0
60754 4
60755 6
60756 0
60757 16
60758 56
60759 192
60760 0
60761 2
60762 0
60763 0
60764 4
60765 0
60766 0
60767 62
60768 0
60769 8
60770 0
60771 0
60772 0
60773 2
60774 36
60775 0
60776 0
60777 0
60778 0
60779 22
60780 0
60781 0
60782 0
60783 0
60784 4
60785 42
60786 484
60787 0
60788 0
60789 8
60790 20
60791 78
60792 0
60793 0
60794 28
60795 0
60796 0
60797 2
60798 0
60799 512
60800 0
60801 0
60802 0
60803 6
60804 4
60805 0
60806 0
60807 0
60808 260
60809 10
60810 0
60811 0
60812 0
60813 0
60814 4
60815 30
60816 0
60817 0
60818 20
60819 16
60820 0
60821 42
60822 0
60823 0
60824 4
60825 16
60826 0
60827 6
60828 0
60829 8
60830 0
60831 0
60832 56
60833 2
60834 4
60835 0
60836 0
60837 0
60838 0
60839 1006
60840 0
60841 0
60842 8
60843 0
60844 4
60845 2
60846 0
60847 0
60848 0
60849 8
60850 0
60851 86
60852 380
60853 0
60854 4
60855 0
60856 0
60857 50
60858 0
60859 48
60860 0
60861 0
60862 0
60863 126
60864 4
60865 0
60866 0
60867 0
60868 0
60869 10
60870 0
60871 0
60872 0
60873 0
60874 4
60875 150
60876 8
60877 0
60878 0
60879 64
60880 0
60881 2
60882 0
60883 80
60884 44
60885 0
60886 0
60887 462
60888 0
60889 8
60890 0
60891 0
60892 0
60893 18
60894 4
60895 0
60896 0
60897 0
60898 0
60899 22
60900 0
60901 0
60902 0
60903 0
60904 28
60905 2
60906 0
60907 0
60908 144
60909 8
60910 8
60911 30
60912 0
60913 0
60914 24
60915 0
60916 0
60917 42
60918 0
60919 32
60920 24
60921 0
60922 0
60923 6
60924 4
60925 0
60926 0
60927 4096
60928 0
60929 10
60930 0
60931 0
60932 0
60933 0
60934 4
60935 14
60936 0
60937 0
60938 0
60939 16
60940 0
60941 2
60942 0
60943 0
60944 140
60945 40
60946 0
60947 6
60948 0
60949 8
60950 20
60951 0
60952 0
60953 2
60954 4
60955 0
60956 0
60957 0
60958 0
60959 1982
60960 0
60961 16
60962 0
60963 0
60964 4
60965 2
60966 0
60967 0
60968 0
60969 152
60970 0
60971 6
60972 0
60973 0
60974 4
60975 0
60976 20
60977 2
60978 8
60979 16
60980 0
60981 0
60982 0
60983 366
60984 4
60985 0
60986 0
60987 0
60988 0
60989 10
60990 0
60991 0
60992 0
60993 0
60994 4
60995 38
60996 0
60997 0
60998 0
60999 32
61000 0
61001 2
61002 0
61003 0
61004 4
61005 0
61006 0
61007 350
61008 0
61009 8
61010 0
61011 0
61012 8
61013 2
61014 4
61015 0
61016 76
61017 0
61018 0
61019 22
61020 0
61021 0
61022 0
61023 0
61024 4
61025 2
61026 0
61027 0
61028 0
61029 24
61030 0
61031 14
61032 0
61033 0
61034 28
61035 0
61036 0
61037 2
61038 40
61039 64
61040 0
61041 0
61042 0
61043 6
61044 4
61045 0
61046 284
61047 0
61048 0
61049 50
61050 0
61051 0
61052 0
61053 0
61054 4
61055 254
61056 0
61057 0
61058 0
61059 16
61060 0
61061 2
61062 0
61063 64
61064 4
61065 0
61066 0
61067 6
61068 0
61069 48
61070 0
61071 0
61072 0
61073 2
61074 4
61075 0
61076 0
61077 0
61078 0
61079 46
61080 8
61081 0
61082 20
61083 0
61084 4
61085 2
61086 56
61087 0
61088 0
61089 48
61090 0
61091 6
61092 0
61093 0
61094 4
61095 0
61096 0
61097 18
61098 0
61099 112
61100 20
61101 0
61102 0
61103 30
61104 4
61105 0
61106 0
61107 0
61108 0
61109 58
61110 0
61111 0
61112 0
61113 0
61114 12
61115 86
61116 0
61117 0
61118 0
61119 256
61120 0
61121 2
61122 0
61123 0
61124 4
61125 0
61126 0
61127 14
61128 0
61129 8
61130 0
61131 112
61132 0
61133 2
61134 4
61135 0
61136 0
61137 0
61138 0
61139 22
61140 0
61141 0
61142 0
61143 0
61144 4
61145 114
61146 0
61147 0
61148 28
61149 8
61150 0
61151 62
61152 0
61153 0
61154 4
61155 0
61156 0
61157 2
61158 0
61159 32
61160 0
61161 0
61162 20
61163 6
61164 28
61165 560
61166 0
61167 0
61168 0
61169 10
61170 0
61171 0
61172 24
61173 0
61174 4
61175 14
61176 0
61177 0
61178 0
61179 16
61180 0
61181 42
61182 8
61183 0
61184 4
61185 0
61186 0
61187 6
61188 0
61189 8
61190 0
61191 0
61192 0
61193 42
61194 4
61195 0
61196 0
61197 0
61198 0
61199 2270
61200 0
61201 0
61202 0
61203 0
61204 4
61205 2
61206 0
61207 0
61208 0
61209 8
61210 0
61211 6
61212 0
61213 112
61214 24
61215 0
61216 8
61217 74
61218 0
61219 16
61220 0
61221 0
61222 0
61223 14
61224 24
61225 0
61226 0
61227 0
61228 0
61229 58
61230 0
61231 0
61232 0
61233 16
61234 4
61235 102
61236 0
61237 0
61238 0
61239 32
61240 0
61241 2
61242 0
61243 0
61244 4
61245 0
61246 0
61247 1406
61248 0
61249 8
61250 8
61251 0
61252 0
61253 2
61254 4
61255 160
61256 0
61257 0
61258 0
61259 22
61260 0
61261 0
61262 0
61263 0
61264 4
61265 2
61266 0
61267 32
61268 0
61269 8
61270 0
61271 14
61272 0
61273 0
61274 60
61275 0
61276 0
61277 2
61278 0
61279 128
61280 20
61281 0
61282 0
61283 6
61284 12
61285 0
61286 20
61287 0
61288 0
61289 10
61290 0
61291 0
61292 0
61293 0
61294 48
61295 30
61296 0
61297 0
61298 24
61299 16
61300 0
61301 18
61302 0
61303 0
61304 4
61305 0
61306 0
61307 6
61308 0
61309 8
61310 0
61311 0
61312 0
61313 42
61314 4
61315 0
61316 0
61317 40
61318 8
61319 2062
61320 0
61321 0
61322 0
61323 0
61324 4
61325 2
61326 0
61327 0
61328 0
61329 8
61330 0
61331 6
61332 0
61333 0
61334 4
61335 64
61336 0
61337 2
61338 0
61339 16
61340 56
61341 0
61342 0
61343 62
61344 4
61345 0
61346 20
61347 0
61348 20
61349 10
61350 0
61351 0
61352 8
61353 0
61354 4
61355 6
61356 0
61357 0
61358 0
61359 448
61360 0
61361 50
61362 0
61363 0
61364 4
61365 0
61366 0
61367 14
61368 0
61369 24
61370 0
61371 0
61372 0
61373 2
61374 4
61375 0
61376 0
61377 0
61378 0
61379 1942
61380 0
61381 0
61382 0
61383 0
61384 4
61385 2
61386 8
61387 0
61388 36
61389 8
61390 0
61391 30
61392 0
61393 0
61394 4
61395 0
61396 0
61397 2
61398 0
61399 32
61400 0
61401 0
61402 0
61403 262
61404 4
61405 0
61406 0
61407 0
61408 0
61409 2122
61410 20
61411 0
61412 20
61413 0
61414 4
61415 14
61416 0
61417 0
61418 0
61419 16
61420 8
61421 2
61422 144
61423 0
61424 2068
61425 0
61426 0
61427 6
61428 0
61429 8
61430 0
61431 0
61432 0
61433 2
61434 4
61435 0
61436 0
61437 16
61438 0
61439 24574
61440 0
61441 40
61442 0
61443 0
61444 4
61445 42
61446 0
61447 0
61448 0
61449 8
61450 0
61451 6
61452 0
61453 0
61454 2204
61455 0
61456 0
61457 2
61458 0
61459 16
61460 0
61461 0
61462 0
61463 14
61464 4
61465 0
61466 0
61467 224
61468 0
61469 2122
61470 0
61471 256
61472 20
61473 0
61474 4
61475 6
61476 0
61477 0
61478 20
61479 32
61480 0
61481 2
61482 0
61483 0
61484 4
61485 0
61486 0
61487 414
61488 8
61489 56
61490 0
61491 0
61492 0
61493 2
61494 4
61495 0
61496 0
61497 0
61498 0
61499 1942
61500 0
61501 0
61502 0
61503 1280
61504 4
61505 18
61506 0
61507 0
61508 0
61509 8
61510 0
61511 174
61512 0
61513 0
61514 4
61515 0
61516 0
61517 2
61518 0
61519 64
61520 0
61521 0
61522 8
61523 6
61524 4
61525 0
61526 0
61527 0
61528 0
61529 10
61530 0
61531 0
61532 56
61533 0
61534 24
61535 62
61536 0
61537 0
61538 0
61539 48
61540 0
61541 2
61542 0
61543 0
61544 24
61545 0
61546 0
61547 6
61548 0
61549 8
61550 24
61551 0
61552 0
61553 2
61554 28
61555 0
61556 8
61557 0
61558 0
61559 2062
61560 0
61561 0
61562 0
61563 0
61564 4
61565 42
61566 0
61567 0
61568 0
61569 8
61570 0
61571 6
61572 0
61573 16
61574 4
61575 0
61576 0
61577 42
61578 0
61579 16
61580 0
61581 0
61582 0
61583 30
61584 4
61585 0
61586 0
61587 0
61588 0
61589 10
61590 8
61591 0
61592 0
61593 0
61594 60
61595 6
61596 20
61597 0
61598 0
61599 128
61600 0
61601 2
61602 0
61603 0
61604 4
61605 0
61606 0
61607 78
61608 0
61609 8
61610 20
61611 0
61612 0
61613 50
61614 4
61615 0
61616 0
61617 0
61618 0
61619 118
61620 0
61621 0
61622 0
61623 0
61624 12
61625 2
61626 0
61627 80
61628 0
61629 8
61630 0
61631 126
61632 0
61633 0
61634 4
61635 0
61636 0
61637 2
61638 0
61639 32
61640 0
61641 16
61642 0
61643 86
61644 4
61645 0
61646 0
61647 0
61648 0
61649 10
61650 0
61651 0
61652 0
61653 0
61654 4
61655 14
61656 0
61657 0
61658 28
61659 16
61660 0
61661 114
61662 0
61663 0
61664 4
61665 0
61666 0
61667 6
61668 0
61669 8
61670 0
61671 0
61672 0
61673 2
61674 4
61675 32
61676 44
61677 0
61678 0
61679 3422
61680 1840
61681 0
61682 0
61683 0
61684 28
61685 2
61686 0
61687 0
61688 0
61689 48
61690 0
61691 6
61692 8
61693 0
61694 4
61695 0
61696 0
61697 2
61698 0
61699 16
61700 0
61701 0
61702 0
61703 14
61704 24
61705 0
61706 0
61707 0
61708 0
61709 322
61710 0
61711 0
61712 0
61713 0
61714 4
61715 6
61716 0
61717 0
61718 0
61719 32
61720 40
61721 114
61722 0
61723 0
61724 4
61725 0
61726 8
61727 62
61728 0
61729 8
61730 36
61731 0
61732 0
61733 2
61734 4
61735 0
61736 0
61737 0
61738 0
61739 118
61740 0
61741 0
61742 20
61743 128
61744 4
61745 2
61746 0
61747 0
61748 0
61749 56
61750 0
61751 174
61752 0
61753 0
61754 4
61755 0
61756 0
61757 2
61758 0
61759 256
61760 8
61761 0
61762 0
61763 6
61764 4
61765 0
61766 0
61767 0
61768 0
61769 10
61770 0
61771 0
61772 0
61773 0
61774 4
61775 350
61776 0
61777 16
61778 0
61779 16
61780 0
61781 2
61782 20
61783 0
61784 4
61785 0
61786 0
61787 6
61788 0
61789 8
61790 56
61791 0
61792 0
61793 2
61794 12
61795 0
61796 0
61797 0
61798 0
61799 46
61800 0
61801 0
61802 24
61803 0
61804 4
61805 2
61806 0
61807 0
61808 20
61809 8
61810 0
61811 38
61812 0
61813 40
61814 28
61815 0
61816 0
61817 2
61818 0
61819 16
61820 0
61821 0
61822 0
61823 254
61824 4
61825 0
61826 0
61827 0
61828 8
61829 10
61830 252
61831 0
61832 0
61833 0
61834 4
61835 6
61836 0
61837 0
61838 0
61839 64
61840 0
61841 42
61842 0
61843 0
61844 24
61845 16
61846 0
61847 14
61848 56
61849 8
61850 0
61851 0
61852 0
61853 2
61854 4
61855 0
61856 0
61857 0
61858 0
61859 22
61860 0
61861 0
61862 8
61863 0
61864 4
61865 50
61866 0
61867 0
61868 0
61869 8
61870 0
61871 30
61872 0
61873 0
61874 24
61875 80
61876 0
61877 2
61878 0
61879 672
61880 0
61881 0
61882 0
61883 6
61884 4
61885 0
61886 0
61887 0
61888 0
61889 10
61890 0
61891 0
61892 0
61893 0
61894 4
61895 14
61896 128
61897 0
61898 0
61899 16
61900 0
61901 74
61902 0
61903 0
61904 4
61905 0
61906 20
61907 86
61908 0
61909 48
61910 0
61911 0
61912 0
61913 18
61914 4
61915 0
61916 0
61917 0
61918 0
61919 1982
61920 0
61921 0
61922 0
61923 0
61924 4
61925 2
61926 0
61927 0
61928 24
61929 8
61930 8
61931 6
61932 0
61933 0
61934 4
61935 0
61936 144
61937 42
61938 0
61939 16
61940 20
61941 0
61942 0
61943 14
61944 28
61945 0
61946 0
61947 32
61948 0
61949 10
61950 0
61951 0
61952 0
61953 0
61954 4
61955 6
61956 0
61957 0
61958 0
61959 32
61960 0
61961 2
61962 0
61963 0
61964 140
61965 0
61966 0
61967 30
61968 20
61969 8
61970 0
61971 0
61972 0
61973 42
61974 4
61975 448
61976 0
61977 0
61978 0
61979 22
61980 0
61981 16
61982 0
61983 0
61984 4
61985 2
61986 0
61987 0
61988 0
61989 8
61990 0
61991 206
61992 0
61993 0
61994 4
61995 0
61996 0
61997 2
61998 8
61999 384
62000 0
62001 0
62002 0
62003 6
62004 4
62005 0
62006 20
62007 0
62008 0
62009 250
62010 0
62011 0
62012 0
62013 0
62014 4
62015 638
62016 0
62017 0
62018 0
62019 16
62020 0
62021 2
62022 0
62023 0
62024 4
62025 0
62026 0
62027 6
62028 0
62029 8
62030 20
62031 0
62032 8
62033 2
62034 4
62035 0
62036 0
62037 0
62038 0
62039 206
62040 0
62041 0
62042 0
62043 0
62044 4
62045 2
62046 0
62047 0
62048 56
62049 24
62050 0
62051 6
62052 0
62053 0
62054 28
62055 0
62056 0
62057 2
62058 0
62059 16
62060 0
62061 80
62062 0
62063 30
62064 4
62065 0
62066 8
62067 0
62068 0
62069 10
62070 0
62071 0
62072 272
62073 0
62074 28
62075 6
62076 0
62077 0
62078 0
62079 512
62080 0
62081 2
62082 0
62083 32
62084 4
62085 0
62086 0
62087 14
62088 0
62089 8
62090 0
62091 0
62092 20
62093 2
62094 4
62095 0
62096 0
62097 0
62098 0
62099 22
62100 8
62101 0
62102 56
62103 0
62104 4
62105 42
62106 0
62107 0
62108 0
62109 8
62110 0
62111 62
62112 0
62113 0
62114 24
62115 0
62116 0
62117 66
62118 0
62119 32
62120 0
62121 0
62122 0
62123 86
62124 4
62125 0
62126 0
62127 0
62128 0
62129 10
62130 0
62131 0
62132 0
62133 0
62134 12
62135 14
62136 0
62137 0
62138 20
62139 112
62140 0
62141 2
62142 0
62143 0
62144 4
62145 0
62146 0
62147 6
62148 0
62149 8
62150 0
62151 64
62152 132
62153 2
62154 24
62155 0
62156 0
62157 0
62158 0
62159 94
62160 0
62161 0
62162 0
62163 0
62164 4
62165 2
62166 0
62167 0
62168 8
62169 8
62170 0
62171 86
62172 0
62173 0
62174 4
62175 0
62176 0
62177 114
62178 0
62179 16
62180 24
62181 0
62182 0
62183 14
62184 4
62185 56
62186 0
62187 0
62188 0
62189 10
62190 0
62191 0
62192 0
62193 288
62194 4
62195 6
62196 0
62197 0
62198 0
62199 32
62200 0
62201 2
62202 8
62203 0
62204 48
62205 0
62206 0
62207 510
62208 0
62209 8
62210 0
62211 0
62212 0
62213 2
62214 4
62215 0
62216 20
62217 0
62218 0
62219 566
62220 0
62221 0
62222 0
62223 0
62224 4
62225 2
62226 0
62227 0
62228 0
62229 120
62230 0
62231 14
62232 0
62233 0
62234 4
62235 0
62236 8
62237 42
62238 0
62239 128
62240 0
62241 0
62242 0
62243 534
62244 4
62245 0
62246 0
62247 160
62248 0
62249 10
62250 0
62251 0
62252 0
62253 16
62254 4
62255 30
62256 0
62257 0
62258 0
62259 16
62260 0
62261 2
62262 336
62263 0
62264 4
62265 0
62266 0
62267 6
62268 0
62269 56
62270 28
62271 0
62272 0
62273 2
62274 4
62275 0
62276 0
62277 0
62278 20
62279 46
62280 0
62281 0
62282 0
62283 0
62284 4
62285 2
62286 0
62287 128
62288 0
62289 8
62290 0
62291 6
62292 0
62293 0
62294 4
62295 0
62296 0
62297 2
62298 0
62299 16
62300 0
62301 0
62302 0
62303 702
62304 12
62305 0
62306 80
62307 0
62308 0
62309 50
62310 0
62311 0
62312 0
62313 0
62314 4
62315 6
62316 0
62317 0
62318 0
62319 384
62320 0
62321 18
62322 0
62323 0
62324 4
62325 0
62326 0
62327 14
62328 0
62329 8
62330 0
62331 0
62332 0
62333 2
62334 76
62335 0
62336 20
62337 0
62338 8
62339 22
62340 20
62341 504
62342 0
62343 0
62344 4
62345 2
62346 0
62347 0
62348 0
62349 8
62350 0
62351 30
62352 0
62353 0
62354 4
62355 32
62356 56
62357 2
62358 0
62359 32
62360 0
62361 0
62362 0
62363 6
62364 4
62365 0
62366 0
62367 0
62368 0
62369 98
62370 0
62371 80
62372 8
62373 0
62374 4
62375 14
62376 0
62377 0
62378 0
62379 16
62380 0
62381 2
62382 0
62383 0
62384 4
62385 0
62386 0
62387 6
62388 0
62389 24
62390 0
62391 0
62392 0
62393 2
62394 4
62395 0
62396 0
62397 0
62398 0
62399 1918
62400 0
62401 0
62402 480
62403 0
62404 4
62405 2
62406 8
62407 0
62408 0
62409 8
62410 0
62411 6
62412 0
62413 0
62414 292
62415 0
62416 0
62417 2
62418 0
62419 16
62420 0
62421 0
62422 0
62423 78
62424 4
62425 0
62426 0
62427 0
62428 0
62429 10
62430 0
62431 0
62432 24
62433 40
62434 4
62435 310
62436 0
62437 0
62438 0
62439 32
62440 8
62441 2
62442 0
62443 0
62444 4
62445 0
62446 0
62447 30
62448 0
62449 8
62450 144
62451 0
62452 0
62453 2
62454 4
62455 0
62456 0
62457 16
62458 0
62459 22
62460 0
62461 0
62462 0
62463 0
62464 48
62465 2
62466 0
62467 0
62468 20
62469 8
62470 0
62471 14
62472 0
62473 0
62474 140
62475 0
62476 0
62477 2
62478 0
62479 64
62480 0
62481 0
62482 0
62483 230
62484 4
62485 0
62486 0
62487 0
62488 0
62489 10
62490 0
62491 32
62492 0
62493 0
62494 4
62495 1470
62496 0
62497 0
62498 0
62499 16
62500 0
62501 42
62502 0
62503 0
62504 4
62505 0
62506 0
62507 6
62508 8
62509 8
62510 0
62511 0
62512 0
62513 2
62514 4
62515 0
62516 0
62517 0
62518 0
62519 46
62520 0
62521 0
62522 0
62523 0
62524 484
62525 18
62526 20
62527 0
62528 0
62529 56
62530 0
62531 6
62532 0
62533 0
62534 24
62535 0
62536 0
62537 2
62538 0
62539 16
62540 0
62541 0
62542 8
62543 30
62544 4
62545 0
62546 0
62547 0
62548 0
62549 10
62550 0
62551 0
62552 0
62553 0
62554 4
62555 6
62556 0
62557 40
62558 204
62559 384
62560 0
62561 2
62562 0
62563 0
62564 60
62565 0
62566 0
62567 174
62568 0
62569 8
62570 0
62571 0
62572 0
62573 2
62574 4
62575 0
62576 8
62577 0
62578 0
62579 22
62580 0
62581 0
62582 0
62583 0
62584 4
62585 506
62586 0
62587 0
62588 20
62589 8
62590 0
62591 254
62592 0
62593 16
62594 124
62595 0
62596 0
62597 2
62598 0
62599 32
62600 20
62601 0
62602 0
62603 6
62604 4
62605 0
62606 0
62607 0
62608 0
62609 10
62610 64
62611 0
62612 0
62613 0
62614 4
62615 14
62616 0
62617 0
62618 0
62619 96
62620 0
62621 50
62622 0
62623 0
62624 4
62625 0
62626 0
62627 38
62628 0
62629 8
62630 0
62631 0
62632 0
62633 42
62634 4
62635 0
62636 0
62637 0
62638 0
62639 94
62640 0
62641 0
62642 0
62643 0
62644 12
62645 2
62646 0
62647 0
62648 0
62649 8
62650 20
62651 6
62652 0
62653 0
62654 4
62655 0
62656 0
62657 2
62658 0
62659 112
62660 0
62661 16
62662 0
62663 14
62664 4
62665 0
62666 20
62667 0
62668 0
62669 10
62670 0
62671 0
62672 0
62673 0
62674 4
62675 6
62676 0
62677 0
62678 8
62679 32
62680 0
62681 42
62682 0
62683 0
62684 28
62685 0
62686 0
62687 62
62688 0
62689 8
62690 0
62691 0
62692 0
62693 114
62694 4
62695 64
62696 0
62697 0
62698 0
62699 102
62700 0
62701 0
62702 0
62703 0
62704 4
62705 2
62706 0
62707 576
62708 0
62709 8
62710 0
62711 14
62712 28
62713 0
62714 4
62715 0
62716 0
62717 2
62718 0
62719 1024
62720 0
62721 0
62722 0
62723 6
62724 28
62725 0
62726 0
62727 0
62728 0
62729 322
62730 0
62731 0
62732 20
62733 0
62734 4
62735 30
62736 0
62737 112
62738 0
62739 16
62740 0
62741 2
62742 0
62743 320
62744 4
62745 0
62746 8
62747 102
62748 0
62749 8
62750 0
62751 0
62752 0
62753 2
62754 4
62755 0
62756 36
62757 0
62758 0
62759 46
62760 0
62761 0
62762 0
62763 32
62764 4
62765 42
62766 0
62767 0
62768 0
62769 8
62770 0
62771 6
62772 0
62773 0
62774 24
62775 0
62776 0
62777 2
62778 0
62779 16
62780 8
62781 0
62782 0
62783 126
62784 4
62785 0
62786 0
62787 0
62788 0
62789 442
62790 0
62791 0
62792 0
62793 0
62794 4
62795 6
62796 0
62797 16
62798 20
62799 64
62800 0
62801 2
62802 0
62803 0
62804 4
62805 40
62806 0
62807 14
62808 0
62809 8
62810 24
62811 0
62812 468
62813 2
62814 12
62815 0
62816 0
62817 0
62818 0
62819 22
62820 0
62821 0
62822 56
62823 0
62824 4
62825 2
62826 0
62827 0
62828 0
62829 8
62830 0
62831 478
62832 0
62833 0
62834 4
62835 528
62836 20
62837 2
62838 0
62839 32
62840 0
62841 0
62842 0
62843 6
62844 4
62845 0
62846 0
62847 0
62848 8
62849 10
62850 0
62851 0
62852 252
62853 0
62854 28
62855 14
62856 0
62857 0
62858 0
62859 16
62860 0
62861 2
62862 0
62863 0
62864 80
62865 16
62866 0
62867 86
62868 0
62869 8
62870 0
62871 0
62872 0
62873 50
62874 4
62875 0
62876 0
62877 0
62878 0
62879 190
62880 0
62881 0
62882 8
62883 0
62884 4
62885 2
62886 0
62887 0
62888 0
62889 8
62890 0
62891 6
62892 0
62893 0
62894 4
62895 0
62896 0
62897 42
62898 20
62899 48
62900 0
62901 0
62902 0
62903 14
62904 4
62905 0
62906 0
62907 0
62908 0
62909 10
62910 0
62911 0
62912 0
62913 0
62914 4
62915 6
62916 8
62917 0
62918 0
62919 224
62920 0
62921 2
62922 0
62923 0
62924 4
62925 0
62926 0
62927 606
62928 0
62929 48
62930 20
62931 0
62932 0
62933 18
62934 24
62935 0
62936 24
62937 0
62938 0
62939 22
62940 0
62941 0
62942 0
62943 0
62944 4
62945 2
62946 0
62947 0
62948 0
62949 8
62950 8
62951 462
62952 0
62953 0
62954 4
62955 0
62956 0
62957 2
62958 0
62959 64
62960 20
62961 0
62962 0
62963 86
62964 148
62965 0
62966 0
62967 64
62968 0
62969 10
62970 0
62971 0
62972 0
62973 0
62974 4
62975 1022
62976 0
62977 0
62978 0
62979 16
62980 0
62981 2
62982 0
62983 0
62984 164
62985 0
62986 0
62987 6
62988 0
62989 8
62990 0
62991 1216
62992 0
62993 2
62994 4
62995 0
62996 20
62997 0
62998 0
62999 238
63000 0
63001 16
63002 0
63003 0
63004 4
63005 2
63006 0
63007 0
63008 0
63009 8
63010 0
63011 6
63012 0
63013 0
63014 4
63015 0
63016 0
63017 2
63018 8
63019 16
63020 0
63021 0
63022 20
63023 30
63024 4
63025 0
63026 0
63027 0
63028 0
63029 50
63030 0
63031 0
63032 0
63033 0
63034 4
63035 38
63036 0
63037 0
63038 0
63039 256
63040 0
63041 2
63042 0
63043 0
63044 4
63045 0
63046 0
63047 14
63048 0
63049 56
63050 0
63051 0
63052 8
63053 42
63054 4
63055 0
63056 0
63057 0
63058 0
63059 22
63060 0
63061 0
63062 116
63063 0
63064 4
63065 2
63066 0
63067 0
63068 0
63069 24
63070 0
63071 62
63072 0
63073 0
63074 4
63075 0
63076 0
63077 2
63078 0
63079 32
63080 56
63081 0
63082 0
63083 6
63084 44
63085 0
63086 8
63087 0
63088 0
63089 10
63090 0
63091 0
63092 0
63093 0
63094 4
63095 174
63096 0
63097 0
63098 252
63099 16
63100 0
63101 2
63102 0
63103 1024
63104 4
63105 0
63106 0
63107 6
63108 0
63109 8
63110 0
63111 0
63112 0
63113 2
63114 28
63115 80
63116 0
63117 0
63118 56
63119 94
63120 8
63121 0
63122 0
63123 0
63124 4
63125 50
63126 0
63127 0
63128 20
63129 8
63130 0
63131 6
63132 0
63133 0
63134 4
63135 0
63136 0
63137 18
63138 0
63139 96
63140 0
63141 0
63142 0
63143 14
63144 4
63145 0
63146 20
63147 0
63148 0
63149 10
63150 0
63151 0
63152 0
63153 0
63154 12
63155 6
63156 0
63157 0
63158 0
63159 32
63160 0
63161 42
63162 0
63163 0
63164 4
63165 0
63166 0
63167 126
63168 0
63169 8
63170 0
63171 32
63172 0
63173 2
63174 4
63175 0
63176 0
63177 40
63178 0
63179 502
63180 0
63181 0
63182 0
63183 0
63184 4
63185 2
63186 0
63187 0
63188 32
63189 8
63190 0
63191 14
63192 0
63193 0
63194 24
63195 0
63196 0
63197 2
63198 0
63199 128
63200 0
63201 0
63202 0
63203 6
63204 4
63205 16
63206 0
63207 0
63208 20
63209 122
63210 0
63211 0
63212 0
63213 0
63214 4
63215 30
63216 0
63217 0
63218 0
63219 16
63220 0
63221 290
63222 8
63223 0
63224 4
63225 0
63226 0
63227 86
63228 0
63229 8
63230 0
63231 0
63232 0
63233 2
63234 4
63235 0
63236 0
63237 0
63238 0
63239 1294
63240 0
63241 0
63242 0
63243 0
63244 76
63245 114
63246 0
63247 0
63248 0
63249 8
63250 0
63251 102
63252 0
63253 0
63254 4
63255 0
63256 8
63257 2
63258 0
63259 16
63260 20
63261 0
63262 0
63263 62
63264 4
63265 0
63266 0
63267 0
63268 0
63269 82
63270 20
63271 0
63272 0
63273 16
63274 4
63275 6
63276 0
63277 0
63278 0
63279 64
63280 0
63281 2
63282 0
63283 0
63284 4
63285 0
63286 0
63287 14
63288 0
63289 8
63290 8
63291 0
63292 0
63293 42
63294 4
63295 0
63296 0
63297 0
63298 0
63299 22
63300 0
63301 40
63302 0
63303 0
63304 4
63305 2
63306 0
63307 32
63308 0
63309 56
63310 0
63311 30
63312 0
63313 0
63314 28
63315 0
63316 0
63317 2
63318 0
63319 32
63320 0
63321 0
63322 0
63323 6
63324 12
63325 0
63326 20
63327 0
63328 0
63329 10
63330 0
63331 0
63332 20
63333 0
63334 4
63335 14
63336 0
63337 0
63338 56
63339 16
63340 0
63341 18
63342 0
63343 0
63344 24
63345 0
63346 0
63347 6
63348 0
63349 8
63350 0
63351 0
63352 0
63353 2
63354 4
63355 0
63356 0
63357 0
63358 8
63359 3326
63360 0
63361 0
63362 0
63363 1088
63364 4
63365 2
63366 0
63367 0
63368 0
63369 8
63370 0
63371 6
63372 56
63373 0
63374 28
63375 128
63376 0
63377 50
63378 0
63379 16
63380 0
63381 0
63382 0
63383 14
63384 4
63385 0
63386 0
63387 0
63388 0
63389 10
63390 0
63391 0
63392 28
63393 0
63394 24
63395 6
63396 0
63397 0
63398 0
63399 32
63400 0
63401 2
63402 0
63403 0
63404 4
63405 0
63406 0
63407 30
63408 0
63409 24
63410 0
63411 0
63412 0
63413 2
63414 4
63415 0
63416 0
63417 0
63418 0
63419 22
63420 0
63421 0
63422 0
63423 0
63424 4
63425 962
63426 8
63427 0
63428 0
63429 8
63430 0
63431 14
63432 0
63433 0
63434 4
63435 0
63436 0
63437 2
63438 0
63439 448
63440 60
63441 0
63442 0
63443 38
63444 4
63445 0
63446 0
63447 0
63448 0
63449 10
63450 0
63451 0
63452 0
63453 0
63454 4
63455 62
63456 1076
63457 0
63458 20
63459 16
63460 8
63461 2
63462 0
63463 0
63464 4
63465 0
63466 0
63467 230
63468 0
63469 8
63470 0
63471 0
63472 0
63473 2
63474 4
63475 0
63476 0
63477 16
63478 144
63479 46
63480 0
63481 0
63482 0
63483 0
63484 4
63485 2
63486 0
63487 40960
63488 0
63489 8
63490 0
63491 86
63492 0
63493 0
63494 140
63495 0
63496 0
63497 2
63498 0
63499 240
63500 0
63501 0
63502 0
63503 414
63504 28
63505 0
63506 0
63507 0
63508 0
63509 10
63510 0
63511 64
63512 0
63513 0
63514 4
63515 6
63516 0
63517 0
63518 1076
63519 128
63520 0
63521 2
63522 0
63523 0
63524 24
63525 0
63526 0
63527 14
63528 8
63529 8
63530 0
63531 0
63532 0
63533 2
63534 4
63535 0
63536 0
63537 0
63538 0
63539 22
63540 0
63541 0
63542 0
63543 0
63544 4
63545 18
63546 0
63547 0
63548 0
63549 1488
63550 0
63551 126
63552 0
63553 0
63554 4
63555 0
63556 0
63557 42
63558 0
63559 32
63560 0
63561 0
63562 8
63563 6
63564 4
63565 0
63566 24
63567 0
63568 0
63569 58
63570 0
63571 0
63572 0
63573 0
63574 4
63575 14
63576 0
63577 0
63578 0
63579 48
63580 20
63581 2
63582 0
63583 0
63584 4
63585 0
63586 0
63587 6
63588 0
63589 8
63590 20
63591 0
63592 0
63593 2
63594 4
63595 0
63596 64
63597 0
63598 0
63599 94
63600 0
63601 0
63602 0
63603 0
63604 4
63605 2
63606 0
63607 0
63608 0
63609 8
63610 0
63611 1094
63612 0
63613 16
63614 4
63615 0
63616 0
63617 2
63618 0
63619 16
63620 0
63621 0
63622 0
63623 174
63624 4
63625 0
63626 56
63627 0
63628 0
63629 58
63630 8
63631 0
63632 0
63633 0
63634 28
63635 6
63636 0
63637 0
63638 0
63639 32
63640 0
63641 2
63642 20
63643 0
63644 4
63645 0
63646 0
63647 318
63648 0
63649 8
63650 0
63651 0
63652 0
63653 2
63654 4
63655 0
63656 20
63657 0
63658 0
63659 22
63660 0
63661 0
63662 0
63663 0
63664 12
63665 2
63666 0
63667 0
63668 0
63669 8
63670 0
63671 14
63672 0
63673 40
63674 4
63675 0
63676 0
63677 2
63678 0
63679 256
63680 0
63681 16
63682 0
63683 6
63684 4
63685 0
63686 0
63687 0
63688 0
63689 50
63690 0
63691 0
63692 24
63693 0
63694 4
63695 30
63696 0
63697 0
63698 8
63699 304
63700 0
63701 2
63702 0
63703 0
63704 24
63705 0
63706 0
63707 6
63708 0
63709 8
63710 0
63711 0
63712 0
63713 2
63714 4
63715 32
63716 0
63717 0
63718 0
63719 46
63720 0
63721 0
63722 20
63723 0
63724 4
63725 114
63726 0
63727 0
63728 0
63729 8
63730 0
63731 6
63732 8
63733 0
63734 4
63735 1312
63736 0
63737 2
63738 0
63739 16
63740 0
63741 0
63742 0
63743 510
63744 4
63745 0
63746 0
63747 0
63748 0
63749 282
63750 0
63751 0
63752 0
63753 112
63754 24
63755 182
63756 0
63757 0
63758 0
63759 64
63760 0
63761 2
63762 0
63763 0
63764 304
63765 0
63766 48
63767 14
63768 0
63769 8
63770 0
63771 0
63772 0
63773 2
63774 4
63775 0
63776 0
63777 0
63778 0
63779 22
63780 0
63781 0
63782 36
63783 64
63784 4
63785 2
63786 0
63787 0
63788 20
63789 8
63790 0
63791 30
63792 0
63793 0
63794 4
63795 0
63796 0
63797 42
63798 0
63799 32
63800 8
63801 0
63802 0
63803 6
63804 4
63805 0
63806 0
63807 0
63808 0
63809 10
63810 0
63811 0
63812 0
63813 0
63814 4
63815 14
63816 0
63817 16
63818 24
63819 16
63820 0
63821 42
63822 0
63823 0
63824 4
63825 0
63826 0
63827 6
63828 20
63829 56
63830 0
63831 0
63832 0
63833 2
63834 12
63835 0
63836 0
63837 0
63838 0
63839 190
63840 0
63841 0
63842 0
63843 0
63844 4
63845 2
63846 0
63847 0
63848 0
63849 8
63850 0
63851 38
63852 0
63853 0
63854 80
63855 0
63856 0
63857 2
63858 0
63859 96
63860 0
63861 0
63862 0
63863 14
63864 4
63865 0
63866 0
63867 0
63868 8
63869 10
63870 0
63871 0
63872 0
63873 0
63874 256
63875 6
63876 0
63877 0
63878 0
63879 32
63880 56
63881 194
63882 0
63883 0
63884 4
63885 16
63886 0
63887 350
63888 0
63889 8
63890 20
63891 0
63892 0
63893 2
63894 28
63895 0
63896 0
63897 0
63898 0
63899 22
63900 0
63901 0
63902 8
63903 0
63904 4
63905 2
63906 0
63907 0
63908 0
63909 8
63910 0
63911 14
63912 0
63913 0
63914 4
63915 0
63916 0
63917 2
63918 0
63919 192
63920 20
63921 40
63922 0
63923 6
63924 4
63925 0
63926 0
63927 0
63928 0
63929 10
63930 0
63931 0
63932 0
63933 0
63934 4
63935 126
63936 8
63937 0
63938 0
63939 16
63940 0
63941 2
63942 0
63943 0
63944 28
63945 0
63946 0
63947 6
63948 0
63949 8
63950 0
63951 0
63952 20
63953 130
63954 4
63955 0
63956 0
63957 0
63958 0
63959 398
63960 0
63961 0
63962 0
63963 0
63964 4
63965 2
63966 0
63967 0
63968 0
63969 8
63970 8
63971 6
63972 0
63973 0
63974 4
63975 0
63976 0
63977 2
63978 0
63979 16
63980 0
63981 0
63982 0
63983 1246
63984 4
63985 0
63986 20
63987 32
63988 0
63989 10
63990 0
63991 0
63992 144
63993 0
63994 4
63995 6
63996 0
63997 0
63998 0
63999 2048
64000 0
64001 2
64002 0
64003 0
64004 140
64005 0
64006 0
64007 654
64008 0
64009 8
64010 0
64011 0
64012 0
64013 2
64014 24
64015 0
64016 0
64017 0
64018 0
64019 102
64020 0
64021 16
64022 0
64023 0
64024 28
64025 2
64026 0
64027 0
64028 0
64029 8
64030 0
64031 62
64032 0
64033 0
64034 4
64035 0
64036 0
64037 2
64038 8
64039 32
64040 0
64041 0
64042 0
64043 6
64044 4
64045 40
64046 0
64047 0
64048 0
64049 10
64050 0
64051 0
64052 20
64053 0
64054 4
64055 78
64056 0
64057 0
64058 0
64059 16
64060 0
64061 2
64062 0
64063 0
64064 4
64065 0
64066 0
64067 6
64068 0
64069 8
64070 24
64071 0
64072 8
64073 2
64074 4
64075 0
64076 20
64077 0
64078 0
64079 94
64080 0
64081 0
64082 0
64083 0
64084 4
64085 42
64086 0
64087 0
64088 0
64089 72
64090 0
64091 6
64092 0
64093 0
64094 4
64095 0
64096 0
64097 2
64098 0
64099 16
64100 0
64101 0
64102 0
64103 14
64104 4
64105 0
64106 8
64107 160
64108 0
64109 10
64110 0
64111 0
64112 56
64113 0
64114 4
64115 6
64116 0
64117 0
64118 20
64119 32
64120 0
64121 2
64122 0
64123 32
64124 256
64125 0
64126 0
64127 254
64128 0
64129 8
64130 0
64131 0
64132 0
64133 50
64134 60
64135 0
64136 0
64137 0
64138 20
64139 22
64140 8
64141 0
64142 0
64143 0
64144 4
64145 2
64146 0
64147 0
64148 0
64149 8
64150 0
64151 174
64152 0
64153 0
64154 220
64155 0
64156 0
64157 18
64158 0
64159 128
64160 0
64161 0
64162 0
64163 6
64164 24
64165 0
64166 0
64167 0
64168 0
64169 50
64170 0
64171 0
64172 0
64173 0
64174 12
64175 30
64176 0
64177 0
64178 0
64179 16
64180 0
64181 2
64182 0
64183 0
64184 24
64185 0
64186 0
64187 6
64188 0
64189 8
64190 0
64191 512
64192 0
64193 2
64194 4
64195 0
64196 24
64197 0
64198 0
64199 46
64200 20
64201 264
64202 0
64203 0
64204 4
64205 2
64206 0
64207 0
64208 8
64209 8
64210 0
64211 6
64212 0
64213 0
64214 4
64215 0
64216 0
64217 42
64218 0
64219 112
64220 0
64221 0
64222 0
64223 62
64224 4
64225 16
64226 0
64227 0
64228 0
64229 10
64230 0
64231 160
64232 0
64233 0
64234 4
64235 6
64236 0
64237 0
64238 0
64239 64
64240 0
64241 114
64242 8
64243 0
64244 4
64245 0
64246 0
64247 14
64248 0
64249 296
64250 20
64251 0
64252 0
64253 2
64254 4
64255 0
64256 0
64257 0
64258 0
64259 662
64260 0
64261 112
64262 20
64263 0
64264 4
64265 2
64266 0
64267 0
64268 0
64269 8
64270 0
64271 30
64272 0
64273 0
64274 4
64275 0
64276 8
64277 2
64278 0
64279 32
64280 0
64281 0
64282 0
64283 86
64284 28
64285 0
64286 0
64287 0
64288 0
64289 10
64290 0
64291 0
64292 0
64293 56
64294 4
64295 302
64296 0
64297 0
64298 0
64299 16
64300 0
64301 2
64302 0
64303 0
64304 4
64305 0
64306 0
64307 6
64308 0
64309 8
64310 8
64311 0
64312 0
64313 2
64314 4
64315 0
64316 20
64317 0
64318 0
64319 382
64320 0
64321 0
64322 24
64323 0
64324 24
64325 2
64326 0
64327 64
64328 0
64329 8
64330 0
64331 6
64332 0
64333 0
64334 4
64335 0
64336 0
64337 2
64338 0
64339 16
64340 0
64341 0
64342 0
64343 14
64344 12
64345 0
64346 0
64347 0
64348 0
64349 290
64350 0
64351 0
64352 0
64353 0
64354 4
64355 86
64356 0
64357 0
64358 0
64359 32
64360 0
64361 18
64362 0
64363 0
64364 4
64365 0
64366 0
64367 30
64368 0
64369 48
64370 56
64371 0
64372 0
64373 2
64374 4
64375 0
64376 0
64377 0
64378 8
64379 22
64380 0
64381 0
64382 20
64383 0
64384 4
64385 554
64386 20
64387 0
64388 56
64389 8
64390 0
64391 14
64392 0
64393 0
64394 4
64395 32
64396 0
64397 2
64398 0
64399 64
64400 0
64401 0
64402 0
64403 6
64404 4
64405 0
64406 0
64407 0
64408 0
64409 10
64410 0
64411 0
64412 8
64413 0
64414 28
64415 702
64416 0
64417 40
64418 0
64419 16
64420 0
64421 2
64422 0
64423 0
64424 4
64425 0
64426 0
64427 6
64428 0
64429 24
64430 0
64431 0
64432 0
64433 2
64434 4
64435 0
64436 0
64437 0
64438 0
64439 46
64440 0
64441 0
64442 0
64443 0
64444 4
64445 2
64446 8
64447 0
64448 504
64449 8
64450 0
64451 6
64452 0
64453 0
64454 4
64455 0
64456 0
64457 2
64458 0
64459 16
64460 0
64461 0
64462 0
64463 158
64464 4
64465 0
64466 36
64467 0
64468 0
64469 10
64470 0
64471 0
64472 0
64473 0
64474 4
64475 6
64476 0
64477 0
64478 0
64479 1536
64480 8
64481 42
64482 0
64483 0
64484 4
64485 0
64486 0
64487 14
64488 0
64489 8
64490 0
64491 0
64492 0
64493 2
64494 4
64495 0
64496 0
64497 16
64498 0
64499 246
64500 0
64501 0
64502 0
64503 0
64504 4
64505 2
64506 144
64507 0
64508 0
64509 8
64510 20
64511 26622
64512 0
64513 0
64514 160
64515 224
64516 0
64517 2
64518 0
64519 32
64520 0
64521 0
64522 0
64523 6
64524 4
64525 0
64526 0
64527 0
64528 0
64529 10
64530 0
64531 32
64532 0
64533 0
64534 4
64535 14
64536 0
64537 0
64538 0
64539 16
64540 0
64541 42
64542 0
64543 0
64544 28
64545 0
64546 0
64547 86
64548 8
64549 8
64550 0
64551 0
64552 0
64553 2
64554 4
64555 0
64556 0
64557 0
64558 0
64559 94
64560 0
64561 0
64562 0
64563 0
64564 4
64565 18
64566 0
64567 0
64568 0
64569 8
64570 0
64571 6
64572 20
64573 0
64574 508
64575 0
64576 0
64577 2
64578 0
64579 16
64580 20
64581 0
64582 8
64583 14
64584 4
64585 0
64586 0
64587 0
64588 0
64589 10
64590 0
64591 0
64592 0
64593 0
64594 4
64595 6
64596 0
64597 0
64598 0
64599 96
64600 0
64601 2
64602 0
64603 80
64604 4
64605 0
64606 0
64607 62
64608 0
64609 152
64610 0
64611 0
64612 0
64613 42
64614 4
64615 0
64616 8
64617 0
64618 0
64619 22
64620 0
64621 0
64622 0
64623 0
64624 4
64625 2
64626 0
64627 0
64628 56
64629 8
64630 0
64631 14
64632 0
64633 16
64634 24
64635 0
64636 0
64637 554
64638 0
64639 512
64640 0
64641 0
64642 56
64643 6
64644 4
64645 0
64646 20
64647 0
64648 0
64649 10
64650 8
64651 0
64652 0
64653 0
64654 4
64655 30
64656 0
64657 0
64658 0
64659 16
64660 0
64661 2
64662 0
64663 0
64664 4
64665 40
64666 0
64667 38
64668 0
64669 8
64670 0
64671 0
64672 0
64673 2
64674 28
64675 0
64676 0
64677 0
64678 0
64679 206
64680 0
64681 0
64682 0
64683 0
64684 12
64685 2
64686 0
64687 0
64688 0
64689 8
64690 0
64691 6
64692 0
64693 0
64694 4
64695 0
64696 20
64697 2
64698 0
64699 16
64700 96
64701 16
64702 0
64703 126
64704 4
64705 0
64706 0
64707 0
64708 0
64709 10
64710 0
64711 0
64712 20
64713 0
64714 4
64715 6
64716 0
64717 0
64718 8
64719 64
64720 0
64721 2
64722 0
64723 0
64724 4
64725 0
64726 0
64727 174
64728 0
64729 8
64730 0
64731 0
64732 0
64733 2
64734 4
64735 256
64736 0
64737 0
64738 0
64739 118
64740 0
64741 0
64742 0
64743 0
64744 4
64745 42
64746 0
64747 0
64748 0
64749 8
64750 0
64751 30
64752 8
64753 0
64754 4
64755 0
64756 0
64757 114
64758 20
64759 32
64760 0
64761 0
64762 0
64763 678
64764 4
64765 0
64766 0
64767 0
64768 0
64769 394
64770 0
64771 0
64772 0
64773 0
64774 4
64775 14
64776 0
64777 0
64778 20
64779 96
64780 0
64781 2
64782 0
64783 0
64784 4
64785 0
64786 8
64787 6
64788 0
64789 88
64790 0
64791 0
64792 0
64793 2
64794 4
64795 0
64796 0
64797 0
64798 0
64799 190
64800 0
64801 0
64802 0
64803 32
64804 28
64805 2
64806 0
64807 0
64808 36
64809 8
64810 0
64811 86
64812 0
64813 0
64814 4
64815 0
64816 0
64817 2
64818 0
64819 16
64820 28
64821 0
64822 0
64823 14
64824 4
64825 0
64826 24
64827 0
64828 0
64829 10
64830 0
64831 0
64832 0
64833 0
64834 4
64835 6
64836 0
64837 16
64838 0
64839 32
64840 0
64841 2
64842 0
64843 0
64844 24
64845 0
64846 0
64847 30
64848 0
64849 8
64850 0
64851 80
64852 0
64853 2
64854 12
64855 0
64856 0
64857 0
64858 0
64859 22
64860 0
64861 0
64862 0
64863 0
64864 4
64865 2
64866 0
64867 0
64868 0
64869 56
64870 0
64871 78
64872 0
64873 0
64874 4
64875 0
64876 0
64877 42
64878 0
64879 64
64880 0
64881 0
64882 20
64883 6
64884 136
64885 0
64886 56
64887 0
64888 8
64889 58
64890 0
64891 0
64892 0
64893 0
64894 4
64895 254
64896 308
64897 0
64898 0
64899 16
64900 0
64901 2
64902 0
64903 0
64904 4
64905 16
64906 0
64907 6
64908 0
64909 8
64910 20
64911 0
64912 0
64913 42
64914 4
64915 0
64916 0
64917 0
64918 0
64919 46
64920 0
64921 0
64922 8
64923 0
64924 4
64925 2
64926 0
64927 0
64928 0
64929 8
64930 0
64931 6
64932 0
64933 0
64934 124
64935 0
64936 0
64937 2
64938 0
64939 48
64940 0
64941 0
64942 0
64943 350
64944 24
64945 0
64946 0
64947 0
64948 0
64949 10
64950 0
64951 0
64952 24
64953 0
64954 4
64955 6
64956 8
64957 0
64958 0
64959 256
64960 0
64961 2
64962 0
64963 0
64964 4
64965 0
64966 0
64967 14
64968 0
64969 8
64970 0
64971 0
64972 0
64973 18
64974 4
64975 320
64976 20
64977 0
64978 0
64979 166
64980 0
64981 0
64982 0
64983 0
64984 24
64985 2
64986 0
64987 0
64988 0
64989 8
64990 8
64991 62
64992 0
64993 0
64994 4
64995 0
64996 0
64997 2
64998 0
64999 224
65000 0
65001 0
65002 0
65003 6
65004 4
65005 0
65006 20
65007 128
65008 0
65009 50
65010 0
65011 0
65012 0
65013 0
65014 4
65015 654
65016 0
65017 0
65018 0
65019 16
65020 144
65021 2
65022 0
65023 28672
65024 140
65025 0
65026 0
65027 6
65028 0
65029 8
65030 0
65031 0
65032 0
65033 2
65034 4
65035 0
65036 0
65037 40
65038 0
65039 94
65040 0
65041 16
65042 20
65043 0
65044 4
65045 2
65046 0
65047 0
65048 0
65049 8
65050 0
65051 6
65052 0
65053 0
65054 4
65055 0
65056 0
65057 2
65058 8
65059 16
65060 0
65061 0
65062 0
65063 14
65064 76
65065 0
65066 0
65067 0
65068 20
65069 10
65070 0
65071 0
65072 0
65073 0
65074 4
65075 118
65076 0
65077 0
65078 24
65079 32
65080 0
65081 2
65082 0
65083 0
65084 4
65085 0
65086 0
65087 126
65088 0
65089 8
65090 0
65091 0
65092 8
65093 2
65094 4
65095 0
65096 0
65097 0
65098 0
65099 102
65100 0
65101 0
65102 0
65103 0
65104 4
65105 2
65106 0
65107 0
65108 20
65109 24
65110 0
65111 14
65112 0
65113 0
65114 4
65115 0
65116 0
65117 2
65118 0
65119 128
65120 0
65121 0
65122 0
65123 6
65124 4
65125 0
65126 8
65127 0
65128 0
65129 58
65130 40
65131 0
65132 0
65133 0
65134 4
65135 30
65136 0
65137 0
65138 0
65139 16
65140 0
65141 90
65142 0
65143 64
65144 60
65145 0
65146 0
65147 6
65148 0
65149 8
65150 308
65151 0
65152 0
65153 2
65154 4
65155 0
65156 0
65157 0
65158 0
65159 46
65160 8
65161 40
65162 0
65163 0
65164 4
65165 2
65166 0
65167 0
65168 0
65169 8
65170 0
65171 6
65172 0
65173 0
65174 24
65175 0
65176 0
65177 18
65178 0
65179 16
65180 0
65181 0
65182 0
65183 62
65184 4
65185 0
65186 0
65187 0
65188 0
65189 50
65190 0
65191 0
65192 20
65193 0
65194 36
65195 6
65196 0
65197 0
65198 0
65199 64
65200 0
65201 2
65202 0
65203 0
65204 28
65205 0
65206 0
65207 174
65208 0
65209 8
65210 0
65211 32
65212 0
65213 2
65214 4
65215 0
65216 0
65217 0
65218 0
65219 22
65220 0
65221 0
65222 0
65223 160
65224 4
65225 2
65226 0
65227 0
65228 8
65229 8
65230 0
65231 30
65232 0
65233 0
65234 4
65235 0
65236 0
65237 2
65238 0
65239 32
65240 20
65241 0
65242 0
65243 6
65244 4
65245 16
65246 0
65247 0
65248 0
65249 10
65250 0
65251 0
65252 0
65253 0
65254 24
65255 14
65256 0
65257 0
65258 0
65259 112
65260 0
65261 2
65262 8
65263 0
65264 4
65265 0
65266 0
65267 102
65268 0
65269 8
65270 0
65271 0
65272 0
65273 154
65274 4
65275 0
65276 0
65277 400
65278 0
65279 36350
65280 0
65281 0
65282 0
65283 0
65284 4
65285 42
65286 0
65287 0
65288 0
65289 8
65290 0
65291 6
65292 0
65293 0
65294 4
65295 0
65296 8
65297 2
65298 0
65299 16
65300 0
65301 0
65302 0
65303 14
65304 4
65305 0
65306 20
65307 0
65308 0
65309 10
65310 0
65311 0
65312 0
65313 16
65314 4
65315 6
65316 20
65317 0
65318 0
65319 32
65320 0
65321 74
65322 0
65323 0
65324 28
65325 0
65326 0
65327 30
65328 0
65329 8
65330 32
65331 0
65332 0
65333 2
65334 4
65335 0
65336 0
65337 0
65338 0
65339 102
65340 0
65341 0
65342 0
65343 0
65344 4
65345 2
65346 0
65347 112
65348 0
65349 8
65350 0
65351 14
65352 0
65353 0
65354 4
65355 0
65356 0
65357 2
65358 0
65359 64
65360 0
65361 0
65362 0
65363 6
65364 12
65365 0
65366 0
65367 0
65368 0
65369 10
65370 0
65371 0
65372 20
65373 0
65374 4
65375 62
65376 0
65377 0
65378 20
65379 16
65380 0
65381 18
65382 0
65383 0
65384 4
65385 0
65386 0
65387 6
65388 0
65389 56
65390 0
65391 0
65392 0
65393 50
65394 24
65395 0
65396 0
65397 0
65398 8
65399 46
65400 0
65401 0
65402 56
65403 0
65404 60
65405 42
65406 0
65407 32256
65408 0
65409 48
65410 0
65411 6
65412 0
65413 0
65414 4
65415 64
65416 0
65417 2
65418 0
65419 16
65420 0
65421 0
65422 0
65423 30
65424 4
65425 0
65426 0
65427 0
65428 0
65429 10
65430 0
65431 0
65432 8
65433 0
65434 4
65435 6
65436 0
65437 0
65438 20
65439 128
65440 20
65441 2
65442 0
65443 0
65444 4
65445 0
65446 0
65447 14
65448 0
65449 24
65450 0
65451 0
65452 0
65453 2
65454 28
65455 0
65456 24
65457 0
65458 0
65459 22
65460 0
65461 0
65462 0
65463 0
65464 4
65465 2
65466 8
65467 0
65468 0
65469 8
65470 0
65471 30846
65472 0
65473 0
65474 4
65475 0
65476 0
65477 2
65478 0
65479 32
65480 0
65481 0
65482 0
65483 38
65484 4
65485 0
65486 0
65487 0
65488 0
65489 10
65490 0
65491 0
65492 36
65493 0
65494 4
65495 14
65496 0
65497 0
65498 0
65499 16
65500 8
65501 2
65502 20
65503 33792
65504 24
65505 0
65506 0
65507 6
65508 0
65509 8
65510 0
65511 0
65512 0
65513 2
65514 4
65515 0
65516 0
65517 16
65518 0
65519 33118
65520 0
65521 0
65522 0
65523 0
65524 4
65525 2
65526 0
65527 32032
65528 0
65529 8
65530 0
65531 32934
65532 0
65533 33040
65534 32540
65535 0
65536 32544
65537 33042
65538 0
65539 32944
65540 0
65541 0
65542 0
65543 32046
65544 4
65545 0
65546 0
65547 0
65548 0
65549 10
65550 0
65551 33152
65552 0
65553 0
65554 4
65555 6
65556 0
65557 0
65558 0
65559 32
65560 0
65561 2
65562 0
65563 0
65564 24
65565 0
65566 0
65567 33854
65568 8
65569 8
65570 20
65571 0
65572 0
65573 2
65574 4
65575 0
65576 0
65577 0
65578 0
65579 22
65580 0
65581 0
65582 24
65583 0
65584 28
65585 18
65586 0
65587 0
65588 0
65589 8
65590 0
65591 14
65592 0
65593 0
65594 4
65595 80
65596 0
65597 2
65598 0
65599 30976
65600 0
65601 0
65602 8
65603 86
65604 4
65605 0
65606 0
65607 0
65608 0
65609 10
65610 0
65611 0
65612 0
65613 0
65614 4
65615 30
65616 0
65617 0
65618 0
65619 48
65620 0
65621 2
65622 0
65623 0
65624 4
65625 0
65626 20
65627 6
65628 0
65629 8
65630 0
65631 0
65632 0
65633 2
65634 4
65635 0
65636 28
65637 0
65638 0
65639 46
65640 0
65641 0
65642 0
65643 0
65644 4
65645 50
65646 0
65647 0
65648 0
65649 56
65650 0
65651 6
65652 0
65653 16
65654 4
65655 0
65656 0
65657 42
65658 56
65659 16
65660 56
65661 0
65662 0
65663 32510
65664 4
65665 0
65666 0
65667 0
65668 0
65669 50
65670 8
65671 0
65672 0
65673 0
65674 4
65675 6
65676 0
65677 0
65678 0
65679 64
65680 0
65681 2
65682 0
65683 0
65684 4
65685 0
65686 0
65687 78
65688 20
65689 8
65690 0
65691 0
65692 0
65693 2
65694 4
65695 0
65696 0
65697 0
65698 0
65699 22
65700 0
65701 0
65702 20
65703 0
65704 12
65705 2
65706 0
65707 0
65708 24
65709 8
65710 0
65711 30
65712 0
65713 0
65714 28
65715 0
65716 0
65717 2
65718 0
65719 192
65720 0
65721 16
65722 0
65723 6
65724 4
65725 0
65726 0
65727 0
65728 0
65729 10
65730 0
65731 0
65732 0
65733 0
65734 4
65735 174
65736 0
65737 0
65738 8
65739 16
65740 0
65741 2
65742 0
65743 0
65744 4
65745 0
65746 0
65747 6
65748 0
65749 8
65750 20
65751 0
65752 0
65753 2
65754 4
65755 32
65756 0
65757 0
65758 0
65759 190
65760 0
65761 0
65762 0
65763 0
65764 4
65765 2
65766 0
65767 0
65768 20
65769 8
65770 0
65771 102
65772 8
65773 0
65774 4
65775 0
65776 0
65777 2
65778 0
65779 112
65780 0
65781 40
65782 0
65783 14
65784 4
65785 112
65786 0
65787 0
65788 0
65789 394
65790 0
65791 36864
65792 0
65793 0
65794 4
65795 6
65796 0
65797 0
65798 0
65799 32
65800 0
65801 42
65802 0
65803 0
65804 24
65805 0
65806 8
65807 30
65808 0
65809 8
65810 0
65811 0
65812 40
65813 2
65814 4
65815 0
65816 0
65817 0
65818 0
65819 22
65820 0
65821 0
65822 0
65823 256
65824 4
65825 2
65826 0
65827 0
65828 0
65829 8
65830 0
65831 14
65832 0
65833 0
65834 84
65835 0
65836 0
65837 2
65838 0
65839 64
65840 8
65841 0
65842 0
65843 86
65844 28
65845 0
65846 0
65847 0
65848 0
65849 10
65850 0
65851 0
65852 0
65853 0
65854 4
65855 126
65856 0
65857 16
65858 0
65859 16
65860 0
65861 2
65862 0
65863 0
65864 4
65865 0
65866 0
65867 86
65868 0
65869 8
65870 0
65871 0
65872 0
65873 2
65874 32
65875 0
65876 0
65877 0
65878 0
65879 46
65880 0
65881 0
65882 0
65883 0
65884 4
65885 2
65886 0
65887 0
65888 0
65889 8
65890 0
65891 38
65892 0
65893 0
65894 4
65895 0
65896 0
65897 50
65898 0
65899 16
65900 20
65901 0
65902 0
65903 30
65904 4
65905 40
65906 0
65907 0
65908 8
65909 58
65910 0
65911 0
65912 56
65913 0
65914 4
65915 6
65916 0
65917 0
65918 308
65919 512
65920 0
65921 2
65922 0
65923 0
65924 4
65925 16
65926 0
65927 14
65928 0
65929 8
65930 0
65931 0
65932 0
65933 42
65934 4
65935 0
65936 20
65937 0
65938 0
65939 22
65940 0
65941 0
65942 8
65943 0
65944 4
65945 2
65946 0
65947 0
65948 0
65949 8
65950 0
65951 62
65952 0
65953 0
65954 4
65955 0
65956 0
65957 2
65958 0
65959 96
65960 24
65961 0
65962 0
65963 6
65964 4
65965 0
65966 20
65967 320
65968 0
65969 10
65970 0
65971 0
65972 0
65973 0
65974 76
65975 14
65976 8
65977 0
65978 0
65979 16
65980 0
65981 2
65982 0
65983 0
65984 4
65985 0
65986 0
65987 6
65988 0
65989 8
65990 0
65991 0
65992 0
65993 18
65994 4
65995 0
65996 0
65997 0
65998 20
65999 414
66000 0
66001 0
66002 0
66003 0
66004 4
66005 74
66006 0
66007 0
66008 0
66009 48
66010 8
66011 6
66012 0
66013 0
66014 4
66015 0
66016 0
66017 2
66018 0
66019 16
66020 0
66021 0
66022 0
66023 206
66024 4
66025 0
66026 0
66027 32
66028 0
66029 50
66030 0
66031 0
66032 20
66033 0
66034 4
66035 6
66036 0
66037 0
66038 0
66039 672
66040 0
66041 2
66042 0
66043 0
66044 140
66045 0
66046 0
66047 29694
66048 144
66049 8
66050 0
66051 0
66052 0
66053 2
66054 4
66055 0
66056 0
66057 0
66058 0
66059 22
66060 20
66061 16
66062 0
66063 0
66064 4
66065 42
66066 0
66067 0
66068 0
66069 8
66070 0
66071 14
66072 0
66073 0
66074 4
66075 0
66076 0
66077 2
66078 8
66079 128
66080 0
66081 0
66082 0
66083 6
66084 4
66085 0
66086 24
66087 0
66088 0
66089 10
66090 0
66091 80
66092 0
66093 0
66094 4
66095 158
66096 0
66097 0
66098 20
66099 16
66100 0
66101 2
66102 0
66103 0
66104 124
66105 0
66106 0
66107 6
66108 0
66109 8
66110 0
66111 0
66112 8
66113 2
66114 4
66115 0
66116 0
66117 0
66118 0
66119 46
66120 0
66121 0
66122 20
66123 0
66124 4
66125 2
66126 0
66127 0
66128 0
66129 24
66130 0
66131 86
66132 0
66133 0
66134 4
66135 0
66136 0
66137 2
66138 0
66139 16
66140 0
66141 0
66142 0
66143 62
66144 4
66145 0
66146 8
66147 0
66148 0
66149 58
66150 0
66151 0
66152 0
66153 80
66154 4
66155 6
66156 0
66157 0
66158 0
66159 64
66160 0
66161 2
66162 0
66163 32
66164 24
66165 0
66166 56
66167 14
66168 0
66169 56
66170 0
66171 0
66172 0
66173 2
66174 4
66175 0
66176 308
66177 0
66178 0
66179 22
66180 8
66181 0
66182 0
66183 0
66184 24
66185 2
66186 0
66187 0
66188 0
66189 8
66190 0
66191 30
66192 0
66193 0
66194 4
66195 0
66196 0
66197 58
66198 0
66199 32
66200 0
66201 0
66202 0
66203 6
66204 4
66205 0
66206 0
66207 0
66208 0
66209 10
66210 0
66211 0
66212 24
66213 0
66214 32
66215 174
66216 0
66217 0
66218 0
66219 16
66220 0
66221 2
66222 0
66223 0
66224 4
66225 0
66226 0
66227 6
66228 0
66229 8
66230 20
66231 64
66232 0
66233 2
66234 28
66235 0
66236 0
66237 0
66238 0
66239 382
66240 0
66241 0
66242 0
66243 0
66244 4
66245 2
66246 20
66247 0
66248 8
66249 8
66250 132
66251 6
66252 0
66253 0
66254 4
66255 0
66256 0
66257 2
66258 0
66259 16
66260 0
66261 0
66262 0
66263 174
66264 4
66265 16
66266 0
66267 0
66268 0
66269 10
66270 0
66271 0
66272 0
66273 0
66274 4
66275 102
66276 0
66277 40
66278 0
66279 32
66280 0
66281 2
66282 8
66283 0
66284 4
66285 0
66286 0
66287 30
66288 0
66289 8
66290 0
66291 0
66292 0
66293 114
66294 4
66295 0
66296 20
66297 0
66298 0
66299 662
66300 0
66301 0
66302 0
66303 0
66304 4
66305 402
66306 0
66307 0
66308 20
66309 8
66310 0
66311 14
66312 0
66313 0
66314 4
66315 0
66316 8
66317 2
66318 0
66319 64
66320 0
66321 0
66322 0
66323 6
66324 4
66325 0
66326 0
66327 0
66328 0
66329 50
66330 0
66331 0
66332 0
66333 16
66334 4
66335 62
66336 0
66337 0
66338 96
66339 96
66340 0
66341 2
66342 0
66343 0
66344 4
66345 0
66346 0
66347 150
66348 0
66349 8
66350 8
66351 0
66352 0
66353 2
66354 4
66355 0
66356 0
66357 0
66358 0
66359 46
66360 0
66361 0
66362 20
66363 0
66364 28
66365 2
66366 0
66367 512
66368 0
66369 8
66370 20
66371 6
66372 0
66373 0
66374 4
66375 0
66376 0
66377 2
66378 0
66379 16
66380 0
66381 0
66382 0
66383 30
66384 12
66385 0
66386 0
66387 0
66388 0
66389 10
66390 0
66391 0
66392 0
66393 0
66394 4
66395 86
66396 0
66397 0
66398 0
66399 128
66400 0
66401 106
66402 0
66403 0
66404 4
66405 0
66406 0
66407 14
66408 0
66409 8
66410 0
66411 0
66412 0
66413 2
66414 4
66415 0
66416 0
66417 0
66418 8
66419 102
66420 56
66421 0
66422 0
66423 0
66424 4
66425 2
66426 0
66427 0
66428 20
66429 656
66430 0
66431 254
66432 20
66433 0
66434 60
66435 32
66436 0
66437 2
66438 0
66439 32
66440 0
66441 0
66442 0
66443 6
66444 4
66445 0
66446 0
66447 0
66448 0
66449 10
66450 0
66451 0
66452 8
66453 0
66454 4
66455 14
66456 0
66457 0
66458 0
66459 16
66460 0
66461 42
66462 0
66463 640
66464 28
66465 0
66466 0
66467 6
66468 0
66469 24
66470 0
66471 0
66472 0
66473 2
66474 4
66475 0
66476 0
66477 0
66478 0
66479 94
66480 0
66481 0
66482 0
66483 0
66484 4
66485 2
66486 8
66487 0
66488 0
66489 8
66490 0
66491 6
66492 0
66493 0
66494 508
66495 0
66496 0
66497 2
66498 0
66499 16
66500 0
66501 0
66502 0
66503 78
66504 4
66505 0
66506 0
66507 0
66508 0
66509 10
66510 0
66511 0
66512 0
66513 0
66514 4
66515 6
66516 0
66517 0
66518 36
66519 32
66520 8
66521 2
66522 0
66523 0
66524 4
66525 40
66526 0
66527 1470
66528 0
66529 8
66530 0
66531 0
66532 0
66533 2
66534 4
66535 0
66536 0
66537 16
66538 0
66539 22
66540 0
66541 0
66542 0
66543 0
66544 4
66545 2
66546 0
66547 224
66548 0
66549 8
66550 0
66551 14
66552 0
66553 0
66554 140
66555 0
66556 20
66557 2
66558 0
66559 28672
66560 20
66561 0
66562 144
66563 230
66564 4
66565 0
66566 0
66567 0
66568 0
66569 10
66570 0
66571 32
66572 0
66573 0
66574 4
66575 30
66576 0
66577 0
66578 0
66579 16
66580 0
66581 2
66582 0
66583 0
66584 4
66585 0
66586 0
66587 86
66588 8
66589 8
66590 24
66591 0
66592 0
66593 42
66594 4
66595 0
66596 0
66597 0
66598 0
66599 46
66600 0
66601 0
66602 0
66603 0
66604 4
66605 18
66606 0
66607 0
66608 0
66609 8
66610 0
66611 6
66612 0
66613 0
66614 4
66615 0
66616 0
66617 2
66618 20
66619 16
66620 0
66621 0
66622 8
66623 126
66624 508
66625 0
66626 20
66627 0
66628 0
66629 10
66630 0
66631 0
66632 0
66633 0
66634 4
66635 6
66636 0
66637 0
66638 0
66639 192
66640 0
66641 2
66642 0
66643 0
66644 4
66645 0
66646 0
66647 14
66648 0
66649 48
66650 0
66651 0
66652 0
66653 50
66654 4
66655 0
66656 8
66657 0
66658 0
66659 102
66660 0
66661 0
66662 0
66663 0
66664 4
66665 2
66666 0
66667 0
66668 0
66669 8
66670 0
66671 30
66672 0
66673 16
66674 60
66675 0
66676 0
66677 2
66678 0
66679 32
66680 20
66681 0
66682 0
66683 6
66684 4
66685 0
66686 0
66687 0
66688 0
66689 754
66690 8
66691 0
66692 76
66693 0
66694 4
66695 14
66696 0
66697 0
66698 0
66699 16
66700 0
66701 2
66702 0
66703 0
66704 4
66705 0
66706 0
66707 38
66708 0
66709 8
66710 0
66711 160
66712 0
66713 2
66714 4
66715 0
66716 24
66717 0
66718 0
66719 190
66720 0
66721 0
66722 0
66723 0
66724 12
66725 42
66726 0
66727 0
66728 0
66729 8
66730 0
66731 6
66732 0
66733 0
66734 4
66735 0
66736 0
66737 2
66738 0
66739 16
66740 0
66741 16
66742 20
66743 14
66744 4
66745 0
66746 0
66747 0
66748 0
66749 10
66750 0
66751 0
66752 0
66753 0
66754 28
66755 6
66756 0
66757 0
66758 28
66759 32
66760 0
66761 2
66762 0
66763 0
66764 4
66765 0
66766 0
66767 30
66768 0
66769 8
66770 0
66771 0
66772 0
66773 42
66774 4
66775 64
66776 0
66777 0
66778 0
66779 118
66780 0
66781 0
66782 0
66783 0
66784 4
66785 2
66786 0
66787 0
66788 0
66789 8
66790 0
66791 174
66792 8
66793 0
66794 4
66795 0
66796 0
66797 2
66798 0
66799 64
66800 0
66801 112
66802 0
66803 6
66804 24
66805 0
66806 0
66807 0
66808 0
66809 282
66810 0
66811 0
66812 0
66813 0
66814 4
66815 510
66816 0
66817 0
66818 0
66819 688
66820 0
66821 114
66822 0
66823 0
66824 24
66825 0
66826 8
66827 6
66828 0
66829 48
66830 0
66831 0
66832 0
66833 2
66834 4
66835 160
66836 0
66837 0
66838 0
66839 46
66840 0
66841 0
66842 24
66843 32
66844 4
66845 2
66846 0
66847 0
66848 0
66849 8
66850 0
66851 6
66852 0
66853 0
66854 4
66855 0
66856 0
66857 42
66858 0
66859 16
66860 44
66861 0
66862 0
66863 30
66864 4
66865 0
66866 20
66867 0
66868 0
66869 10
66870 0
66871 0
66872 0
66873 0
66874 4
66875 6
66876 0
66877 16
66878 0
66879 256
66880 0
66881 2
66882 0
66883 0
66884 220
66885 0
66886 0
66887 14
66888 0
66889 8
66890 20
66891 0
66892 0
66893 2
66894 12
66895 0
66896 0
66897 40
66898 0
66899 22
66900 0
66901 0
66902 0
66903 0
66904 4
66905 50
66906 0
66907 0
66908 0
66909 8
66910 0
66911 318
66912 0
66913 0
66914 4
66915 0
66916 0
66917 2
66918 0
66919 32
66920 0
66921 0
66922 0
66923 86
66924 4
66925 0
66926 0
66927 0
66928 84
66929 10
66930 0
66931 0
66932 0
66933 264
66934 4
66935 14
66936 0
66937 0
66938 0
66939 16
66940 252
66941 2
66942 0
66943 0
66944 4
66945 16
66946 0
66947 6
66948 0
66949 56
66950 56
66951 0
66952 0
66953 2
66954 4
66955 0
66956 20
66957 0
66958 0
66959 414
66960 0
66961 0
66962 8
66963 0
66964 4
66965 2
66966 0
66967 0
66968 24
66969 8
66970 0
66971 6
66972 0
66973 0
66974 4
66975 0
66976 0
66977 2
66978 0
66979 48
66980 0
66981 0
66982 0
66983 14
66984 4
66985 0
66986 0
66987 0
66988 0
66989 50
66990 20
66991 0
66992 0
66993 0
66994 4
66995 6
66996 8
66997 0
66998 0
66999 32
67000 0
67001 2
67002 0
67003 0
67004 4
67005 0
67006 0
67007 126
67008 0
67009 8
67010 0
67011 0
67012 0
67013 18
67014 28
67015 0
67016 0
67017 0
67018 0
67019 22
67020 0
67021 40
67022 20
67023 0
67024 4
67025 2
67026 0
67027 0
67028 0
67029 8
67030 8
67031 494
67032 0
67033 0
67034 24
67035 0
67036 0
67037 2
67038 0
67039 128
67040 0
67041 0
67042 0
67043 6
67044 4
67045 0
67046 0
67047 64
67048 0
67049 10
67050 0
67051 0
67052 20
67053 0
67054 4
67055 1246
67056 0
67057 0
67058 0
67059 16
67060 0
67061 2
67062 0
67063 0
67064 140
67065 0
67066 0
67067 6
67068 0
67069 8
67070 0
67071 0
67072 0
67073 2
67074 4
67075 0
67076 144
67077 0
67078 0
67079 686
67080 0
67081 16
67082 0
67083 80
67084 4
67085 2
67086 0
67087 0
67088 20
67089 8
67090 0
67091 6
67092 0
67093 0
67094 28
67095 0
67096 0
67097 2
67098 8
67099 16
67100 0
67101 0
67102 0
67103 62
67104 4
67105 0
67106 0
67107 0
67108 0
67109 10
67110 0
67111 0
67112 0
67113 0
67114 24
67115 38
67116 0
67117 0
67118 0
67119 64
67120 0
67121 42
67122 0
67123 0
67124 4
67125 0
67126 0
67127 14
67128 0
67129 8
67130 0
67131 0
67132 8
67133 2
67134 4
67135 0
67136 0
67137 0
67138 0
67139 22
67140 0
67141 0
67142 0
67143 0
67144 28
67145 42
67146 0
67147 0
67148 0
67149 24
67150 0
67151 30
67152 0
67153 0
67154 24
67155 0
67156 0
67157 194
67158 0
67159 32
67160 0
67161 0
67162 0
67163 6
67164 4
67165 0
67166 8
67167 0
67168 0
67169 10
67170 0
67171 0
67172 0
67173 0
67174 4
67175 14
67176 40
67177 0
67178 0
67179 16
67180 0
67181 2
67182 56
67183 128
67184 4
67185 0
67186 0
67187 86
67188 0
67189 8
67190 0
67191 0
67192 0
67193 2
67194 4
67195 0
67196 0
67197 0
67198 0
67199 766
67200 8
67201 0
67202 252
67203 0
67204 4
67205 2
67206 0
67207 160
67208 56
67209 56
67210 0
67211 6
67212 0
67213 0
67214 4
67215 0
67216 0
67217 18
67218 0
67219 16
67220 44
67221 0
67222 0
67223 14
67224 4
67225 0
67226 0
67227 0
67228 0
67229 10
67230 0
67231 0
67232 0
67233 0
67234 12
67235 6
67236 0
67237 0
67238 20
67239 192
67240 0
67241 2
67242 0
67243 0
67244 4
67245 0
67246 0
67247 30
67248 0
67249 8
67250 0
67251 32
67252 0
67253 42
67254 4
67255 0
67256 0
67257 0
67258 0
67259 22
67260 0
67261 0
67262 0
67263 0
67264 4
67265 2
67266 0
67267 0
67268 8
67269 48
67270 0
67271 14
67272 0
67273 0
67274 124
67275 0
67276 0
67277 2
67278 0
67279 64
67280 0
67281 0
67282 0
67283 102
67284 4
67285 16
67286 20
67287 0
67288 0
67289 10
67290 0
67291 0
67292 0
67293 0
67294 4
67295 62
67296 0
67297 0
67298 0
67299 16
67300 20
67301 2
67302 8
67303 0
67304 4
67305 0
67306 0
67307 6
67308 0
67309 120
67310 0
67311 0
67312 0
67313 2
67314 4
67315 0
67316 0
67317 0
67318 0
67319 1294
67320 0
67321 0
67322 0
67323 0
67324 4
67325 2
67326 0
67327 0
67328 0
67329 8
67330 0
67331 86
67332 0
67333 288
67334 4
67335 0
67336 8
67337 114
67338 0
67339 304
67340 0
67341 0
67342 0
67343 30
67344 4
67345 0
67346 24
67347 0
67348 0
67349 10
67350 0
67351 0
67352 20
67353 16
67354 4
67355 6
67356 0
67357 0
67358 0
67359 128
67360 0
67361 2
67362 20
67363 0
67364 4
67365 0
67366 0
67367 14
67368 0
67369 8
67370 8
67371 0
67372 0
67373 74
67374 4
67375 0
67376 0
67377 0
67378 0
67379 22
67380 0
67381 0
67382 0
67383 0
67384 4
67385 42
67386 0
67387 32
67388 0
67389 8
67390 0
67391 126
67392 0
67393 40
67394 4
67395 0
67396 0
67397 2
67398 0
67399 32
67400 0
67401 0
67402 0
67403 6
67404 36
67405 0
67406 0
67407 0
67408 0
67409 58
67410 0
67411 0
67412 0
67413 0
67414 4
67415 14
67416 0
67417 0
67418 20
67419 16
67420 0
67421 18
67422 0
67423 0
67424 24
67425 0
67426 0
67427 6
67428 0
67429 8
67430 0
67431 0
67432 0
67433 2
67434 4
67435 0
67436 56
67437 0
67438 8
67439 94
67440 0
67441 0
67442 0
67443 0
67444 24
67445 2
67446 0
67447 0
67448 0
67449 8
67450 0
67451 1094
67452 0
67453 0
67454 4
67455 3584
67456 0
67457 2
67458 0
67459 16
67460 0
67461 0
67462 0
67463 14
67464 4
67465 0
67466 56
67467 0
67468 0
67469 58
67470 0
67471 0
67472 32
67473 0
67474 4
67475 6
67476 0
67477 0
67478 0
67479 416
67480 0
67481 2
67482 0
67483 0
67484 24
67485 0
67486 20
67487 62
67488 0
67489 24
67490 0
67491 0
67492 0
67493 2
67494 4
67495 0
67496 0
67497 0
67498 0
67499 22
67500 0
67501 0
67502 0
67503 0
67504 4
67505 2
67506 8
67507 0
67508 0
67509 8
67510 0
67511 14
67512 0
67513 0
67514 4
67515 0
67516 0
67517 962
67518 0
67519 256
67520 0
67521 0
67522 0
67523 38
67524 4
67525 0
67526 0
67527 0
67528 0
67529 10
67530 0
67531 0
67532 0
67533 0
67534 28
67535 414
67536 0
67537 0
67538 0
67539 16
67540 8
67541 2
67542 0
67543 0
67544 40
67545 0
67546 0
67547 6
67548 20
67549 8
67550 1076
67551 0
67552 0
67553 2
67554 4
67555 0
67556 0
67557 16
67558 0
67559 46
67560 0
67561 0
67562 0
67563 224
67564 4
67565 2
67566 0
67567 0
67568 0
67569 8
67570 0
67571 6
67572 0
67573 0
67574 140
67575 0
67576 0
67577 2
67578 0
67579 96
67580 0
67581 0
67582 0
67583 45054
67584 4
67585 0
67586 0
67587 0
67588 0
67589 10
67590 144
67591 64
67592 0
67593 0
67594 4
67595 230
67596 0
67597 0
67598 24
67599 448
67600 0
67601 2
67602 0
67603 0
67604 4
67605 0
67606 0
67607 14
67608 8
67609 8
67610 20
67611 0
67612 0
67613 2
67614 4
67615 0
67616 1076
67617 0
67618 0
67619 22
67620 0
67621 0
67622 0
67623 0
67624 4
67625 18
67626 0
67627 0
67628 0
67629 8
67630 0
67631 30
67632 0
67633 0
67634 4
67635 0
67636 0
67637 2
67638 0
67639 32
67640 0
67641 40
67642 8
67643 6
67644 4
67645 0
67646 0
67647 0
67648 0
67649 1970
67650 0
67651 0
67652 0
67653 0
67654 4
67655 14
67656 0
67657 0
67658 0
67659 48
67660 0
67661 50
67662 0
67663 0
67664 28
67665 0
67666 0
67667 6
67668 0
67669 8
67670 0
67671 0
67672 20
67673 2
67674 4
67675 0
67676 8
67677 0
67678 0
67679 190
67680 0
67681 0
67682 20
67683 0
67684 4
67685 2
67686 0
67687 0
67688 0
67689 8
67690 56
67691 6
67692 0
67693 16
67694 4
67695 0
67696 0
67697 2
67698 0
67699 16
67700 0
67701 0
67702 0
67703 174
67704 4
67705 0
67706 0
67707 0
67708 0
67709 10
67710 8
67711 0
67712 0
67713 0
67714 4
67715 1094
67716 0
67717 0
67718 0
67719 32
67720 0
67721 2
67722 0
67723 0
67724 84
67725 0
67726 0
67727 158
67728 0
67729 56
67730 0
67731 0
67732 0
67733 2
67734 24
67735 0
67736 0
67737 0
67738 0
67739 22
67740 0
67741 0
67742 0
67743 0
67744 12
67745 2
67746 0
67747 0
67748 20
67749 8
67750 0
67751 14
67752 0
67753 0
67754 4
67755 0
67756 0
67757 2
67758 0
67759 64
67760 0
67761 16
67762 0
67763 6
67764 4
67765 40
67766 0
67767 0
67768 0
67769 10
67770 0
67771 0
67772 0
67773 0
67774 4
67775 126
67776 0
67777 0
67778 8
67779 16
67780 0
67781 42
67782 0
67783 0
67784 4
67785 0
67786 0
67787 102
67788 0
67789 8
67790 0
67791 0
67792 0
67793 2
67794 76
67795 32
67796 20
67797 0
67798 0
67799 46
67800 0
67801 0
67802 0
67803 0
67804 4
67805 2
67806 0
67807 0
67808 0
67809 8
67810 0
67811 6
67812 8
67813 0
67814 24
67815 0
67816 0
67817 114
67818 0
67819 16
67820 0
67821 0
67822 0
67823 30
67824 4
67825 0
67826 0
67827 80
67828 0
67829 282
67830 0
67831 0
67832 0
67833 0
67834 4
67835 6
67836 0
67837 0
67838 0
67839 1024
67840 0
67841 2
67842 0
67843 0
67844 4
67845 0
67846 8
67847 1326
67848 0
67849 8
67850 24
67851 0
67852 0
67853 114
67854 24
67855 0
67856 0
67857 0
67858 40
67859 502
67860 0
67861 0
67862 0
67863 64
67864 4
67865 2
67866 0
67867 0
67868 0
67869 8
67870 0
67871 62
67872 0
67873 0
67874 4
67875 0
67876 0
67877 2
67878 0
67879 32
67880 28
67881 0
67882 0
67883 6
67884 4
67885 0
67886 36
67887 0
67888 0
67889 50
67890 0
67891 0
67892 0
67893 0
67894 4
67895 14
67896 0
67897 16
67898 0
67899 16
67900 0
67901 2
67902 0
67903 0
67904 4
67905 0
67906 0
67907 6
67908 0
67909 8
67910 0
67911 0
67912 0
67913 90
67914 12
67915 0
67916 0
67917 0
67918 0
67919 94
67920 20
67921 0
67922 0
67923 0
67924 28
67925 2
67926 0
67927 0
67928 0
67929 8
67930 0
67931 38
67932 0
67933 0
67934 4
67935 0
67936 0
67937 2
67938 0
67939 16
67940 0
67941 0
67942 0
67943 14
67944 60
67945 0
67946 20
67947 0
67948 8
67949 10
67950 0
67951 320
67952 0
67953 0
67954 4
67955 6
67956 0
67957 0
67958 0
67959 32
67960 0
67961 2
67962 468
67963 0
67964 4
67965 16
67966 0
67967 254
67968 0
67969 8
67970 0
67971 0
67972 0
67973 2
67974 4
67975 0
67976 96
67977 0
67978 0
67979 102
67980 0
67981 0
67982 84
67983 0
67984 4
67985 2
67986 0
67987 0
67988 0
67989 56
67990 0
67991 14
67992 0
67993 0
67994 4
67995 0
67996 0
67997 2
67998 0
67999 384
68000 0
68001 0
68002 0
68003 6
68004 4
68005 0
68006 0
68007 0
68008 0
68009 10
68010 0
68011 0
68012 20
68013 40
68014 4
68015 30
68016 8
68017 0
68018 0
68019 16
68020 0
68021 2
68022 0
68023 0
68024 4
68025 0
68026 0
68027 6
68028 0
68029 8
68030 0
68031 0
68032 0
68033 18
68034 4
68035 0
68036 0
68037 0
68038 0
68039 238
68040 0
68041 0
68042 0
68043 0
68044 24
68045 42
68046 0
68047 0
68048 0
68049 8
68050 8
68051 6
68052 0
68053 0
68054 28
68055 0
68056 0
68057 74
68058 0
68059 96
68060 0
68061 0
68062 0
68063 62
68064 4
68065 0
68066 0
68067 32
68068 0
68069 10
68070 0
68071 448
68072 0
68073 0
68074 4
68075 86
68076 0
68077 0
68078 20
68079 64
68080 0
68081 2
68082 0
68083 0
68084 140
68085 0
68086 0
68087 14
68088 0
68089 8
68090 0
68091 0
68092 0
68093 2
68094 4
68095 0
68096 0
68097 0
68098 0
68099 22
68100 0
68101 16
68102 24
68103 0
68104 148
68105 2
68106 20
68107 0
68108 0
68109 8
68110 0
68111 1246
68112 0
68113 0
68114 4
68115 0
68116 0
68117 2
68118 8
68119 224
68120 0
68121 0
68122 0
68123 6
68124 4
68125 0
68126 0
68127 0
68128 0
68129 10
68130 0
68131 0
68132 0
68133 0
68134 4
68135 78
68136 0
68137 40
68138 0
68139 16
68140 0
68141 2
68142 0
68143 0
68144 24
68145 0
68146 0
68147 6
68148 0
68149 8
68150 0
68151 0
68152 8
68153 2
68154 4
68155 0
68156 0
68157 0
68158 0
68159 382
68160 0
68161 0
68162 0
68163 0
68164 4
68165 50
68166 0
68167 0
68168 20
68169 24
68170 0
68171 6
68172 0
68173 0
68174 4
68175 0
68176 0
68177 42
68178 0
68179 16
68180 0
68181 0
68182 0
68183 14
68184 28
68185 0
68186 8
68187 0
68188 0
68189 10
68190 0
68191 0
68192 0
68193 0
68194 4
68195 6
68196 0
68197 0
68198 56
68199 352
68200 0
68201 2
68202 0
68203 32
68204 4
68205 0
68206 0
68207 30
68208 0
68209 8
68210 20
68211 0
68212 0
68213 2
68214 4
68215 0
68216 0
68217 0
68218 0
68219 22
68220 8
68221 0
68222 0
68223 0
68224 4
68225 2
68226 0
68227 0
68228 276
68229 8
68230 20
68231 14
68232 0
68233 0
68234 4
68235 0
68236 0
68237 18
68238 0
68239 64
68240 56
68241 0
68242 0
68243 86
68244 4
68245 0
68246 0
68247 0
68248 0
68249 442
68250 0
68251 0
68252 0
68253 0
68254 12
68255 62
68256 0
68257 0
68258 0
68259 16
68260 0
68261 42
68262 0
68263 0
68264 24
68265 0
68266 0
68267 6
68268 0
68269 8
68270 0
68271 128
68272 0
68273 2
68274 472
68275 0
68276 20
68277 0
68278 0
68279 46
68280 0
68281 0
68282 0
68283 0
68284 4
68285 2
68286 0
68287 0
68288 8
68289 8
68290 0
68291 102
68292 20
68293 0
68294 4
68295 0
68296 0
68297 2
68298 0
68299 544
68300 0
68301 0
68302 0
68303 30
68304 4
68305 16
68306 0
68307 0
68308 0
68309 50
68310 0
68311 0
68312 0
68313 0
68314 28
68315 6
68316 0
68317 0
68318 0
68319 128
68320 0
68321 2
68322 8
68323 80
68324 4
68325 112
68326 0
68327 14
68328 0
68329 8
68330 0
68331 0
68332 0
68333 2
68334 4
68335 0
68336 0
68337 0
68338 0
68339 566
68340 0
68341 0
68342 20
68343 0
68344 4
68345 2
68346 0
68347 0
68348 0
68349 8
68350 0
68351 510
68352 0
68353 0
68354 48
68355 0
68356 8
68357 2
68358 0
68359 32
68360 0
68361 288
68362 0
68363 6
68364 4
68365 0
68366 0
68367 0
68368 0
68369 122
68370 0
68371 0
68372 0
68373 16
68374 4
68375 174
68376 0
68377 0
68378 0
68379 112
68380 0
68381 2
68382 0
68383 0
68384 4
68385 40
68386 0
68387 6
68388 0
68389 8
68390 8
68391 0
68392 0
68393 2
68394 4
68395 0
68396 0
68397 0
68398 0
68399 670
68400 0
68401 0
68402 0
68403 0
68404 4
68405 2
68406 0
68407 64
68408 20
68409 8
68410 0
68411 6
68412 0
68413 0
68414 4
68415 0
68416 20
68417 50
68418 0
68419 16
68420 0
68421 0
68422 0
68423 14
68424 12
68425 0
68426 0
68427 0
68428 0
68429 10
68430 0
68431 0
68432 0
68433 0
68434 4
68435 6
68436 0
68437 0
68438 0
68439 32
68440 0
68441 58
68442 0
68443 0
68444 124
68445 0
68446 0
68447 702
68448 0
68449 8
68450 0
68451 0
68452 56
68453 2
68454 4
68455 0
68456 0
68457 0
68458 8
68459 22
68460 0
68461 0
68462 0
68463 0
68464 4
68465 2
68466 0
68467 0
68468 0
68469 48
68470 0
68471 14
68472 0
68473 504
68474 24
68475 32
68476 0
68477 2
68478 20
68479 512
68480 24
68481 0
68482 0
68483 6
68484 4
68485 0
68486 0
68487 0
68488 0
68489 10
68490 0
68491 0
68492 8
68493 0
68494 4
68495 30
68496 0
68497 0
68498 56
68499 16
68500 0
68501 2
68502 0
68503 0
68504 4
68505 0
68506 0
68507 86
68508 0
68509 112
68510 0
68511 0
68512 0
68513 2
68514 4
68515 0
68516 180
68517 0
68518 0
68519 46
68520 0
68521 0
68522 0
68523 0
68524 4
68525 2
68526 8
68527 0
68528 0
68529 8
68530 0
68531 6
68532 0
68533 0
68534 4
68535 0
68536 0
68537 2
68538 0
68539 16
68540 480
68541 0
68542 0
68543 2174
68544 4
68545 0
68546 0
68547 0
68548 0
68549 10
68550 0
68551 0
68552 0
68553 0
68554 4
68555 6
68556 0
68557 0
68558 0
68559 64
68560 8
68561 2
68562 0
68563 0
68564 4
68565 0
68566 0
68567 14
68568 0
68569 8
68570 36
68571 80
68572 0
68573 42
68574 28
68575 0
68576 0
68577 16
68578 0
68579 246
68580 0
68581 0
68582 0
68583 0
68584 4
68585 2
68586 0
68587 0
68588 0
68589 8
68590 0
68591 30
68592 0
68593 0
68594 140
68595 0
68596 0
68597 2
68598 0
68599 32
68600 0
68601 0
68602 20
68603 6
68604 4
68605 0
68606 44
68607 0
68608 0
68609 10
68610 0
68611 32
68612 0
68613 0
68614 4
68615 14
68616 0
68617 0
68618 144
68619 16
68620 0
68621 2
68622 0
68623 0
68624 4
68625 0
68626 0
68627 230
68628 8
68629 8
68630 0
68631 0
68632 0
68633 42
68634 4
68635 0
68636 0
68637 0
68638 0
68639 1598
68640 0
68641 0
68642 0
68643 0
68644 4
68645 18
68646 0
68647 0
68648 0
68649 8
68650 0
68651 6
68652 0
68653 0
68654 4
68655 0
68656 0
68657 2
68658 0
68659 16
68660 0
68661 0
68662 8
68663 14
68664 24
68665 0
68666 0
68667 0
68668 0
68669 58
68670 0
68671 0
68672 20
68673 0
68674 484
68675 6
68676 0
68677 0
68678 0
68679 96
68680 0
68681 2
68682 0
68683 0
68684 4
68685 0
68686 0
68687 30
68688 0
68689 8
68690 0
68691 0
68692 0
68693 2
68694 4
68695 160
68696 8
68697 0
68698 0
68699 22
68700 0
68701 0
68702 0
68703 0
68704 76
68705 42
68706 56
68707 0
68708 0
68709 8
68710 0
68711 14
68712 0
68713 16
68714 4
68715 0
68716 0
68717 2
68718 0
68719 64
68720 0
68721 0
68722 0
68723 6
68724 4
68725 0
68726 20
68727 0
68728 0
68729 10
68730 8
68731 0
68732 24
68733 0
68734 4
68735 254
68736 0
68737 0
68738 20
68739 16
68740 0
68741 506
68742 0
68743 0
68744 4
68745 0
68746 0
68747 38
68748 0
68749 8
68750 0
68751 0
68752 0
68753 2
68754 4
68755 0
68756 56
68757 40
68758 0
68759 46
68760 0
68761 0
68762 0
68763 0
68764 12
68765 2
68766 0
68767 0
68768 0
68769 56
68770 0
68771 86
68772 0
68773 0
68774 4
68775 0
68776 0
68777 2
68778 0
68779 16
68780 0
68781 16
68782 0
68783 30
68784 4
68785 0
68786 0
68787 0
68788 20
68789 10
68790 0
68791 0
68792 0
68793 0
68794 4
68795 390
68796 0
68797 0
68798 8
68799 256
68800 0
68801 2
68802 0
68803 0
68804 24
68805 0
68806 0
68807 14
68808 0
68809 8
68810 0
68811 0
68812 0
68813 2
68814 4
68815 128
68816 336
68817 0
68818 0
68819 102
68820 0
68821 0
68822 0
68823 0
68824 4
68825 2
68826 0
68827 0
68828 0
68829 8
68830 0
68831 62
68832 8
68833 112
68834 28
68835 0
68836 0
68837 42
68838 0
68839 32
68840 0
68841 0
68842 0
68843 6
68844 4
68845 0
68846 0
68847 0
68848 0
68849 282
68850 20
68851 0
68852 0
68853 0
68854 4
68855 14
68856 0
68857 0
68858 24
68859 16
68860 0
68861 2
68862 0
68863 0
68864 4
68865 0
68866 8
68867 6
68868 0
68869 8
68870 20
68871 0
68872 0
68873 2
68874 4
68875 576
68876 0
68877 0
68878 0
68879 414
68880 0
68881 80
68882 0
68883 32
68884 4
68885 114
68886 0
68887 0
68888 0
68889 8
68890 0
68891 6
68892 0
68893 0
68894 4
68895 0
68896 0
68897 2
68898 0
68899 112
68900 8
68901 0
68902 0
68903 174
68904 4
68905 0
68906 0
68907 0
68908 0
68909 10
68910 0
68911 0
68912 56
68913 0
68914 4
68915 6
68916 0
68917 16
68918 0
68919 32
68920 0
68921 50
68922 0
68923 0
68924 4
68925 0
68926 0
68927 126
68928 0
68929 8
68930 0
68931 0
68932 0
68933 2
68934 12
68935 0
68936 20
68937 0
68938 0
68939 22
68940 0
68941 0
68942 0
68943 320
68944 4
68945 2
68946 0
68947 0
68948 0
68949 8
68950 0
68951 78
68952 0
68953 0
68954 4
68955 0
68956 0
68957 2
68958 0
68959 128
68960 56
68961 0
68962 0
68963 6
68964 28
68965 0
68966 0
68967 0
68968 8
68969 50
68970 0
68971 0
68972 0
68973 0
68974 24
68975 30
68976 0
68977 0
68978 0
68979 16
68980 0
68981 2
68982 132
68983 0
68984 424
68985 16
68986 0
68987 6
68988 0
68989 8
68990 0
68991 0
68992 0
68993 2
68994 4
68995 0
68996 0
68997 0
68998 0
68999 46
69000 0
69001 0
69002 28
69003 0
69004 4
69005 42
69006 0
69007 0
69008 0
69009 8
69010 0
69011 6
69012 0
69013 0
69014 60
69015 0
69016 0
69017 2
69018 0
69019 48
69020 0
69021 0
69022 0
69023 62
69024 4
69025 0
69026 0
69027 0
69028 0
69029 250
69030 0
69031 0
69032 0
69033 0
69034 4
69035 86
69036 28
69037 0
69038 0
69039 64
69040 0
69041 2
69042 0
69043 0
69044 4
69045 0
69046 0
69047 206
69048 0
69049 8
69050 0
69051 0
69052 0
69053 18
69054 4
69055 0
69056 0
69057 0
69058 0
69059 22
69060 0
69061 0
69062 0
69063 0
69064 4
69065 2
69066 0
69067 80
69068 20
69069 8
69070 8
69071 30
69072 0
69073 0
69074 4
69075 0
69076 0
69077 2
69078 0
69079 32
69080 0
69081 0
69082 0
69083 150
69084 24
69085 0
69086 0
69087 2048
69088 0
69089 10
69090 0
69091 0
69092 0
69093 0
69094 28
69095 14
69096 0
69097 0
69098 20
69099 16
69100 0
69101 42
69102 0
69103 0
69104 140
69105 0
69106 0
69107 6
69108 0
69109 8
69110 24
69111 0
69112 0
69113 2
69114 4
69115 0
69116 0
69117 0
69118 0
69119 3070
69120 0
69121 16
69122 0
69123 0
69124 4
69125 2
69126 0
69127 0
69128 0
69129 48
69130 0
69131 6
69132 144
69133 0
69134 24
69135 0
69136 0
69137 2
69138 8
69139 16
69140 0
69141 0
69142 0
69143 462
69144 4
69145 0
69146 0
69147 0
69148 0
69149 10
69150 0
69151 0
69152 0
69153 0
69154 4
69155 38
69156 0
69157 0
69158 0
69159 608
69160 20
69161 2
69162 0
69163 0
69164 4
69165 0
69166 0
69167 350
69168 0
69169 8
69170 0
69171 0
69172 8
69173 50
69174 4
69175 0
69176 0
69177 0
69178 120
69179 22
69180 0
69181 0
69182 0
69183 0
69184 4
69185 2
69186 0
69187 0
69188 0
69189 24
69190 0
69191 174
69192 0
69193 0
69194 4
69195 0
69196 0
69197 2
69198 0
69199 64
69200 20
69201 0
69202 0
69203 6
69204 4
69205 0
69206 8
69207 0
69208 0
69209 10
69210 0
69211 0
69212 0
69213 0
69214 60
69215 62
69216 0
69217 0
69218 0
69219 16
69220 0
69221 2
69222 40
69223 64
69224 28
69225 0
69226 0
69227 6
69228 0
69229 8
69230 0
69231 0
69232 0
69233 42
69234 4
69235 0
69236 24
69237 0
69238 0
69239 46
69240 8
69241 0
69242 0
69243 0
69244 4
69245 2
69246 0
69247 0
69248 0
69249 8
69250 0
69251 6
69252 0
69253 40
69254 256
69255 0
69256 0
69257 18
69258 0
69259 16
69260 0
69261 0
69262 0
69263 30
69264 4
69265 0
69266 20
69267 0
69268 0
69269 10
69270 0
69271 0
69272 56
69273 0
69274 12
69275 6
69276 0
69277 0
69278 0
69279 128
69280 0
69281 2
69282 0
69283 0
69284 24
69285 0
69286 0
69287 14
69288 0
69289 96
69290 0
69291 32
69292 0
69293 2
69294 4
69295 0
69296 0
69297 0
69298 0
69299 198
69300 0
69301 0
69302 0
69303 0
69304 4
69305 2
69306 0
69307 0
69308 8
69309 8
69310 0
69311 126
69312 0
69313 0
69314 4
69315 80
69316 0
69317 2
69318 0
69319 32
69320 0
69321 0
69322 0
69323 6
69324 4
69325 16
69326 0
69327 0
69328 0
69329 10
69330 0
69331 0
69332 20
69333 0
69334 4
69335 14
69336 0
69337 0
69338 0
69339 16
69340 0
69341 114
69342 8
69343 0
69344 4
69345 0
69346 20
69347 6
69348 0
69349 8
69350 0
69351 0
69352 0
69353 2
69354 28
69355 0
69356 0
69357 0
69358 0
69359 2270
69360 0
69361 0
69362 24
69363 0
69364 4
69365 42
69366 0
69367 0
69368 0
69369 8
69370 0
69371 6
69372 0
69373 0
69374 4
69375 0
69376 8
69377 42
69378 0
69379 16
69380 0
69381 0
69382 0
69383 14
69384 4
69385 0
69386 0
69387 0
69388 0
69389 426
69390 0
69391 0
69392 0
69393 16
69394 4
69395 6
69396 0
69397 0
69398 20
69399 32
69400 0
69401 114
69402 0
69403 0
69404 4
69405 0
69406 0
69407 62
69408 20
69409 8
69410 8
69411 0
69412 0
69413 2
69414 4
69415 0
69416 0
69417 0
69418 0
69419 118
69420 0
69421 0
69422 0
69423 0
69424 4
69425 122
69426 0
69427 32
69428 0
69429 8
69430 0
69431 174
69432 0
69433 0
69434 4
69435 0
69436 0
69437 2
69438 0
69439 1536
69440 0
69441 0
69442 0
69443 6
69444 12
69445 0
69446 0
69447 0
69448 0
69449 10
69450 0
69451 0
69452 0
69453 0
69454 4
69455 30
69456 0
69457 0
69458 0
69459 16
69460 0
69461 18
69462 0
69463 0
69464 24
69465 0
69466 0
69467 6
69468 56
69469 8
69470 20
69471 0
69472 0
69473 2
69474 4
69475 0
69476 0
69477 0
69478 8
69479 46
69480 0
69481 0
69482 0
69483 0
69484 28
69485 2
69486 0
69487 0
69488 24
69489 8
69490 0
69491 6
69492 0
69493 0
69494 24
69495 2080
69496 0
69497 42
69498 0
69499 16
69500 0
69501 40
69502 0
69503 254
69504 4
69505 0
69506 0
69507 0
69508 0
69509 10
69510 0
69511 0
69512 8
69513 0
69514 4
69515 6
69516 0
69517 0
69518 0
69519 64
69520 0
69521 2
69522 0
69523 0
69524 4
69525 0
69526 0
69527 14
69528 0
69529 24
69530 76
69531 0
69532 20
69533 2
69534 4
69535 0
69536 0
69537 0
69538 0
69539 22
69540 0
69541 0
69542 0
69543 0
69544 4
69545 2
69546 8
69547 0
69548 0
69549 56
69550 0
69551 414
69552 0
69553 0
69554 4
69555 0
69556 0
69557 2
69558 0
69559 32
69560 0
69561 0
69562 0
69563 1958
69564 4
69565 0
69566 0
69567 0
69568 0
69569 10
69570 0
69571 0
69572 0
69573 0
69574 4
69575 14
69576 0
69577 0
69578 0
69579 16
69580 8
69581 2
69582 0
69583 0
69584 4
69585 0
69586 0
69587 6
69588 0
69589 8
69590 0
69591 0
69592 0
69593 2
69594 24
69595 224
69596 56
69597 2128
69598 0
69599 190
69600 0
69601 0
69602 0
69603 0
69604 4
69605 2
69606 0
69607 0
69608 0
69609 8
69610 0
69611 6
69612 0
69613 0
69614 2204
69615 0
69616 0
69617 2
69618 0
69619 16
69620 0
69621 0
69622 0
69623 14
69624 4
69625 40
69626 0
69627 0
69628 0
69629 50
69630 0
69631 32768
69632 0
69633 0
69634 4
69635 6
69636 0
69637 0
69638 0
69639 32
69640 0
69641 2
69642 0
69643 0
69644 4
69645 0
69646 144
69647 30
69648 2072
69649 8
69650 0
69651 0
69652 0
69653 2
69654 4
69655 0
69656 20
69657 0
69658 0
69659 246
69660 0
69661 0
69662 20
69663 0
69664 4
69665 2130
69666 0
69667 0
69668 0
69669 8
69670 0
69671 14
69672 0
69673 0
69674 4
69675 0
69676 0
69677 50
69678 0
69679 448
69680 0
69681 0
69682 8
69683 6
69684 4
69685 0
69686 0
69687 160
69688 0
69689 10
69690 0
69691 0
69692 0
69693 0
69694 4
69695 1406
69696 0
69697 0
69698 0
69699 1968
69700 0
69701 2
69702 0
69703 0
69704 4
69705 0
69706 0
69707 6
69708 0
69709 8
69710 0
69711 0
69712 0
69713 2
69714 4
69715 0
69716 8
69717 0
69718 20
69719 46
69720 0
69721 0
69722 56
69723 0
69724 4
69725 2
69726 0
69727 0
69728 20
69729 8
69730 0
69731 6
69732 0
69733 16
69734 4
69735 0
69736 0
69737 2
69738 0
69739 16
69740 24
69741 0
69742 0
69743 30
69744 28
69745 0
69746 0
69747 0
69748 0
69749 50
69750 8
69751 0
69752 0
69753 0
69754 4
69755 6
69756 0
69757 0
69758 0
69759 512
69760 0
69761 42
69762 0
69763 0
69764 4
69765 0
69766 0
69767 2094
69768 0
69769 8
69770 0
69771 0
69772 0
69773 2
69774 4
69775 0
69776 0
69777 0
69778 0
69779 22
69780 20
69781 0
69782 0
69783 0
69784 12
69785 2
69786 0
69787 0
69788 56
69789 8
69790 0
69791 62
69792 0
69793 0
69794 24
69795 0
69796 0
69797 2
69798 0
69799 32
69800 0
69801 16
69802 0
69803 102
69804 4
69805 0
69806 0
69807 0
69808 0
69809 58
69810 0
69811 80
69812 0
69813 0
69814 4
69815 14
69816 0
69817 0
69818 8
69819 16
69820 0
69821 2
69822 0
69823 0
69824 4
69825 0
69826 0
69827 86
69828 0
69829 8
69830 0
69831 0
69832 0
69833 2
69834 4
69835 32
69836 0
69837 0
69838 0
69839 94
69840 0
69841 0
69842 20
69843 0
69844 4
69845 2
69846 0
69847 0
69848 0
69849 120
69850 0
69851 6
69852 8
69853 0
69854 4
69855 0
69856 0
69857 2
69858 0
69859 16
69860 20
69861 0
69862 0
69863 14
69864 4
69865 0
69866 24
69867 0
69868 0
69869 282
69870 0
69871 0
69872 0
69873 40
69874 28
69875 6
69876 0
69877 0
69878 0
69879 32
69880 0
69881 2
69882 0
69883 0
69884 4
69885 0
69886 8
69887 510
69888 0
69889 8
69890 0
69891 0
69892 0
69893 42
69894 4
69895 0
69896 0
69897 0
69898 0
69899 22
69900 0
69901 0
69902 0
69903 4480
69904 2064
69905 2
69906 0
69907 0
69908 0
69909 8
69910 0
69911 14
69912 0
69913 0
69914 4
69915 0
69916 0
69917 114
69918 0
69919 128
69920 8
69921 0
69922 0
69923 6
69924 4
69925 0
69926 20
69927 0
69928 0
69929 58
69930 0
69931 0
69932 0
69933 0
69934 4
69935 350
69936 0
69937 16
69938 36
69939 112
69940 0
69941 2
69942 0
69943 0
69944 4
69945 0
69946 0
69947 6
69948 0
69949 8
69950 0
69951 0
69952 0
69953 2
69954 12
69955 0
69956 0
69957 0
69958 0
69959 206
69960 0
69961 0
69962 0
69963 0
69964 4
69965 2
69966 20
69967 0
69968 0
69969 8
69970 0
69971 38
69972 0
69973 0
69974 4
69975 0
69976 56
69977 2
69978 0
69979 16
69980 0
69981 0
69982 0
69983 62
69984 4
69985 0
69986 0
69987 0
69988 8
69989 10
69990 0
69991 0
69992 44
69993 0
69994 4
69995 6
69996 0
69997 40
69998 0
69999 64
70000 0
70001 2
70002 0
70003 0
70004 28
70005 16
70006 252
70007 14
70008 0
70009 8
70010 0
70011 0
70012 0
70013 2
70014 4
70015 0
70016 0
70017 0
70018 0
70019 22
70020 0
70021 0
70022 8
70023 0
70024 4
70025 42
70026 0
70027 0
70028 20
70029 8
70030 0
70031 30
70032 0
70033 0
70034 4
70035 0
70036 0
70037 2
70038 0
70039 96
70040 0
70041 0
70042 0
70043 6
70044 4
70045 0
70046 56
70047 0
70048 0
70049 10
70050 0
70051 0
70052 0
70053 0
70054 4
70055 206
70056 8
70057 0
70058 20
70059 96
70060 0
70061 2
70062 0
70063 0
70064 4
70065 0
70066 0
70067 6
70068 0
70069 152
70070 0
70071 0
70072 0
70073 18
70074 4
70075 0
70076 0
70077 0
70078 0
70079 382
70080 0
70081 0
70082 0
70083 0
70084 4
70085 2
70086 0
70087 0
70088 0
70089 8
70090 28
70091 86
70092 0
70093 0
70094 4
70095 0
70096 0
70097 2
70098 0
70099 16
70100 0
70101 0
70102 0
70103 462
70104 4
70105 0
70106 0
70107 32
70108 0
70109 122
70110 0
70111 0
70112 0
70113 0
70114 4
70115 6
70116 0
70117 0
70118 24
70119 32
70120 0
70121 42
70122 0
70123 0
70124 160
70125 0
70126 0
70127 30
70128 0
70129 8
70130 0
70131 0
70132 0
70133 2
70134 28
70135 0
70136 0
70137 0
70138 0
70139 22
70140 0
70141 16
70142 0
70143 0
70144 4
70145 2
70146 0
70147 0
70148 0
70149 8
70150 0
70151 14
70152 20
70153 0
70154 4
70155 0
70156 0
70157 42
70158 8
70159 64
70160 144
70161 0
70162 0
70163 6
70164 4
70165 0
70166 0
70167 0
70168 0
70169 10
70170 0
70171 0
70172 0
70173 0
70174 4
70175 2110
70176 0
70177 0
70178 0
70179 16
70180 0
70181 50
70182 0
70183 160
70184 4
70185 0
70186 0
70187 6
70188 0
70189 8
70190 20
70191 0
70192 8
70193 2
70194 4
70195 0
70196 0
70197 0
70198 0
70199 1006
70200 0
70201 0
70202 0
70203 0
70204 4
70205 2
70206 0
70207 0
70208 0
70209 24
70210 0
70211 6
70212 0
70213 0
70214 384
70215 0
70216 0
70217 2
70218 0
70219 16
70220 0
70221 0
70222 0
70223 350
70224 4
70225 0
70226 8
70227 0
70228 0
70229 10
70230 56
70231 0
70232 0
70233 0
70234 4
70235 6
70236 0
70237 0
70238 0
70239 128
70240 0
70241 2
70242 0
70243 32
70244 28
70245 80
70246 0
70247 14
70248 0
70249 8
70250 0
70251 0
70252 0
70253 2
70254 4
70255 0
70256 20
70257 0
70258 0
70259 22
70260 8
70261 0
70262 0
70263 0
70264 28
70265 2
70266 0
70267 0
70268 0
70269 8
70270 0
70271 254
70272 0
70273 0
70274 4
70275 0
70276 20
70277 18
70278 0
70279 32
70280 252
70281 0
70282 0
70283 6
70284 4
70285 0
70286 0
70287 0
70288 0
70289 50
70290 0
70291 0
70292 0
70293 0
70294 12
70295 14
70296 0
70297 0
70298 0
70299 16
70300 0
70301 2
70302 0
70303 0
70304 60
70305 0
70306 0
70307 182
70308 0
70309 8
70310 0
70311 64
70312 0
70313 2
70314 24
70315 0
70316 0
70317 0
70318 0
70319 94
70320 0
70321 0
70322 20
70323 0
70324 4
70325 2
70326 0
70327 0
70328 8
70329 56
70330 0
70331 6
70332 0
70333 0
70334 4
70335 0
70336 0
70337 2
70338 20
70339 16
70340 0
70341 0
70342 0
70343 14
70344 4
70345 16
70346 0
70347 0
70348 132
70349 10
70350 0
70351 0
70352 0
70353 0
70354 4
70355 86
70356 0
70357 112
70358 0
70359 32
70360 0
70361 2
70362 8
70363 0
70364 4
70365 0
70366 0
70367 62
70368 0
70369 48
70370 24
70371 0
70372 0
70373 2
70374 4
70375 0
70376 0
70377 0
70378 0
70379 566
70380 0
70381 0
70382 0
70383 0
70384 4
70385 2
70386 0
70387 0
70388 20
70389 8
70390 0
70391 14
70392 0
70393 0
70394 28
70395 0
70396 8
70397 2
70398 0
70399 1024
70400 20
70401 0
70402 0
70403 6
70404 4
70405 0
70406 0
70407 0
70408 0
70409 10
70410 0
70411 0
70412 0
70413 16
70414 4
70415 30
70416 0
70417 288
70418 0
70419 16
70420 0
70421 42
70422 0
70423 0
70424 4
70425 0
70426 0
70427 6
70428 0
70429 8
70430 8
70431 640
70432 0
70433 306
70434 4
70435 0
70436 0
70437 0
70438 0
70439 46
70440 0
70441 0
70442 0
70443 0
70444 4
70445 2
70446 0
70447 128
70448 0
70449 8
70450 0
70451 150
70452 0
70453 0
70454 24
70455 0
70456 0
70457 2
70458 0
70459 112
70460 0
70461 0
70462 20
70463 126
70464 12
70465 0
70466 0
70467 0
70468 0
70469 10
70470 0
70471 0
70472 0
70473 0
70474 4
70475 6
70476 0
70477 0
70478 0
70479 64
70480 0
70481 18
70482 0
70483 0
70484 60
70485 0
70486 0
70487 174
70488 0
70489 8
70490 0
70491 0
70492 0
70493 42
70494 4
70495 0
70496 24
70497 0
70498 8
70499 22
70500 0
70501 0
70502 0
70503 0
70504 4
70505 2
70506 0
70507 0
70508 0
70509 8
70510 0
70511 30
70512 0
70513 0
70514 4
70515 32
70516 0
70517 506
70518 0
70519 192
70520 20
70521 0
70522 0
70523 6
70524 96
70525 0
70526 0
70527 0
70528 0
70529 10
70530 0
70531 0
70532 8
70533 0
70534 4
70535 14
70536 0
70537 0
70538 0
70539 16
70540 0
70541 2
70542 0
70543 0
70544 4
70545 0
70546 0
70547 6
70548 0
70549 24
70550 0
70551 0
70552 0
70553 42
70554 4
70555 80
70556 0
70557 0
70558 0
70559 958
70560 0
70561 0
70562 56
70563 0
70564 4
70565 2
70566 8
70567 0
70568 0
70569 8
70570 0
70571 6
70572 0
70573 0
70574 4
70575 0
70576 0
70577 2
70578 0
70579 16
70580 0
70581 0
70582 0
70583 78
70584 4
70585 0
70586 480
70587 0
70588 0
70589 58
70590 0
70591 0
70592 0
70593 0
70594 4
70595 6
70596 0
70597 0
70598 0
70599 32
70600 8
70601 2
70602 0
70603 0
70604 4
70605 0
70606 0
70607 30
70608 0
70609 8
70610 0
70611 224
70612 0
70613 2
70614 4
70615 0
70616 0
70617 56
70618 0
70619 102
70620 0
70621 0
70622 60
70623 0
70624 4
70625 2
70626 0
70627 0
70628 0
70629 8
70630 0
70631 14
70632 0
70633 0
70634 140
70635 0
70636 0
70637 2
70638 0
70639 64
70640 0
70641 0
70642 0
70643 6
70644 4
70645 0
70646 0
70647 0
70648 20
70649 10
70650 0
70651 32
70652 20
70653 0
70654 28
70655 2046
70656 0
70657 0
70658 0
70659 16
70660 0
70661 2
70662 0
70663 0
70664 4
70665 0
70666 0
70667 6
70668 8
70669 8
70670 0
70671 0
70672 0
70673 2
70674 148
70675 0
70676 0
70677 0
70678 0
70679 206
70680 0
70681 0
70682 0
70683 0
70684 4
70685 106
70686 0
70687 0
70688 0
70689 8
70690 0
70691 230
70692 0
70693 0
70694 4
70695 0
70696 0
70697 2
70698 0
70699 16
70700 0
70701 0
70702 8
70703 30
70704 4
70705 0
70706 0
70707 0
70708 0
70709 10
70710 20
70711 0
70712 0
70713 0
70714 4
70715 6
70716 0
70717 0
70718 20
70719 2304
70720 0
70721 2
70722 0
70723 0
70724 484
70725 0
70726 0
70727 14
70728 0
70729 8
70730 0
70731 0
70732 0
70733 2
70734 4
70735 0
70736 8
70737 0
70738 56
70739 22
70740 0
70741 40
70742 0
70743 0
70744 4
70745 2
70746 0
70747 0
70748 24
70749 8
70750 0
70751 702
70752 0
70753 16
70754 4
70755 0
70756 0
70757 2
70758 0
70759 32
70760 0
70761 0
70762 0
70763 6
70764 4
70765 0
70766 0
70767 0
70768 0
70769 10
70770 8
70771 0
70772 20
70773 0
70774 4
70775 14
70776 0
70777 0
70778 0
70779 16
70780 0
70781 2
70782 0
70783 0
70784 144
70785 0
70786 0
70787 38
70788 0
70789 8
70790 0
70791 0
70792 0
70793 506
70794 4
70795 0
70796 0
70797 0
70798 0
70799 94
70800 0
70801 0
70802 0
70803 80
70804 12
70805 2
70806 0
70807 0
70808 0
70809 8
70810 0
70811 102
70812 0
70813 0
70814 4
70815 0
70816 0
70817 42
70818 0
70819 16
70820 56
70821 16
70822 0
70823 14
70824 4
70825 0
70826 0
70827 0
70828 0
70829 10
70830 0
70831 0
70832 0
70833 0
70834 24
70835 6
70836 0
70837 0
70838 8
70839 32
70840 0
70841 2
70842 0
70843 0
70844 4
70845 0
70846 0
70847 126
70848 0
70849 416
70850 20
70851 0
70852 0
70853 2
70854 4
70855 64
70856 0
70857 0
70858 0
70859 22
70860 0
70861 0
70862 0
70863 0
70864 4
70865 154
70866 0
70867 0
70868 0
70869 8
70870 0
70871 14
70872 8
70873 0
70874 28
70875 0
70876 0
70877 2
70878 0
70879 128
70880 0
70881 0
70882 0
70883 86
70884 4
70885 0
70886 0
70887 0
70888 0
70889 282
70890 0
70891 0
70892 0
70893 0
70894 4
70895 30
70896 20
70897 0
70898 0
70899 16
70900 0
70901 2
70902 0
70903 0
70904 4
70905 0
70906 8
70907 6
70908 0
70909 8
70910 0
70911 0
70912 0
70913 2
70914 28
70915 0
70916 20
70917 0
70918 0
70919 46
70920 0
70921 0
70922 0
70923 32
70924 4
70925 2
70926 0
70927 640
70928 0
70929 48
70930 0
70931 582
70932 0
70933 0
70934 4
70935 0
70936 0
70937 50
70938 0
70939 16
70940 8
70941 0
70942 0
70943 62
70944 4
70945 0
70946 0
70947 0
70948 0
70949 162
70950 0
70951 0
70952 0
70953 0
70954 4
70955 6
70956 0
70957 16
70958 20
70959 64
70960 0
70961 2
70962 0
70963 0
70964 40
70965 0
70966 0
70967 14
70968 0
70969 8
70970 0
70971 0
70972 0
70973 2
70974 12
70975 0
70976 0
70977 0
70978 0
70979 886
70980 0
70981 0
70982 20
70983 0
70984 4
70985 2
70986 0
70987 0
70988 0
70989 48
70990 0
70991 158
70992 1008
70993 0
70994 4
70995 0
70996 0
70997 2
70998 0
70999 32
71000 24
71001 0
71002 0
71003 6
71004 4
71005 936
71006 0
71007 0
71008 8
71009 10
71010 0
71011 0
71012 0
71013 0
71014 4
71015 174
71016 0
71017 0
71018 0
71019 16
71020 20
71021 2
71022 0
71023 0
71024 4
71025 16
71026 0
71027 6
71028 252
71029 8
71030 0
71031 1056
71032 0
71033 2
71034 4
71035 0
71036 0
71037 0
71038 0
71039 766
71040 0
71041 0
71042 8
71043 0
71044 28
71045 2
71046 0
71047 0
71048 20
71049 8
71050 0
71051 86
71052 0
71053 0
71054 4
71055 0
71056 0
71057 2
71058 0
71059 48
71060 0
71061 0
71062 0
71063 206
71064 4
71065 0
71066 0
71067 0
71068 0
71069 10
71070 0
71071 0
71072 0
71073 0
71074 4
71075 6
71076 8
71077 0
71078 56
71079 32
71080 0
71081 42
71082 20
71083 0
71084 4
71085 0
71086 0
71087 30
71088 0
71089 8
71090 0
71091 0
71092 0
71093 18
71094 4
71095 0
71096 0
71097 0
71098 0
71099 22
71100 0
71101 0
71102 0
71103 0
71104 4
71105 2
71106 0
71107 0
71108 0
71109 56
71110 8
71111 14
71112 0
71113 40
71114 24
71115 0
71116 0
71117 2
71118 0
71119 960
71120 0
71121 0
71122 0
71123 6
71124 4
71125 0
71126 24
71127 64
71128 0
71129 10
71130 0
71131 0
71132 0
71133 0
71134 24
71135 1214
71136 0
71137 0
71138 0
71139 16
71140 0
71141 2
71142 0
71143 0
71144 160
71145 0
71146 0
71147 86
71148 0
71149 8
71150 0
71151 0
71152 0
71153 2
71154 4
71155 0
71156 0
71157 0
71158 0
71159 46
71160 0
71161 16
71162 0
71163 0
71164 4
71165 2
71166 0
71167 0
71168 0
71169 8
71170 0
71171 6
71172 0
71173 0
71174 28
71175 160
71176 0
71177 2
71178 8
71179 16
71180 20
71181 0
71182 0
71183 30
71184 4
71185 0
71186 0
71187 0
71188 144
71189 58
71190 0
71191 0
71192 0
71193 0
71194 4
71195 38
71196 0
71197 0
71198 0
71199 128
71200 0
71201 2
71202 0
71203 0
71204 4
71205 0
71206 20
71207 462
71208 0
71209 8
71210 0
71211 0
71212 8
71213 42
71214 4
71215 0
71216 0
71217 0
71218 0
71219 22
71220 0
71221 0
71222 0
71223 0
71224 4
71225 2
71226 0
71227 0
71228 0
71229 24
71230 0
71231 126
71232 0
71233 0
71234 4
71235 0
71236 0
71237 42
71238 0
71239 224
71240 0
71241 0
71242 0
71243 6
71244 4
71245 0
71246 84
71247 0
71248 0
71249 10
71250 0
71251 0
71252 96
71253 0
71254 4
71255 14
71256 0
71257 0
71258 0
71259 16
71260 0
71261 2
71262 0
71263 256
71264 4
71265 0
71266 0
71267 6
71268 40
71269 8
71270 0
71271 0
71272 0
71273 2
71274 4
71275 0
71276 0
71277 0
71278 0
71279 414
71280 8
71281 0
71282 0
71283 0
71284 4
71285 2
71286 0
71287 0
71288 0
71289 8
71290 0
71291 6
71292 0
71293 0
71294 4
71295 0
71296 0
71297 18
71298 0
71299 96
71300 0
71301 0
71302 0
71303 14
71304 28
71305 0
71306 252
71307 0
71308 0
71309 10
71310 0
71311 0
71312 20
71313 0
71314 12
71315 102
71316 0
71317 0
71318 0
71319 32
71320 0
71321 2
71322 0
71323 0
71324 4
71325 0
71326 0
71327 62
71328 0
71329 8
71330 20
71331 32
71332 0
71333 2
71334 4
71335 0
71336 56
71337 0
71338 0
71339 102
71340 0
71341 0
71342 0
71343 0
71344 4
71345 42
71346 0
71347 0
71348 8
71349 8
71350 0
71351 14
71352 0
71353 0
71354 4
71355 0
71356 0
71357 2
71358 0
71359 256
71360 0
71361 40
71362 0
71363 6
71364 4
71365 16
71366 0
71367 0
71368 0
71369 250
71370 0
71371 0
71372 0
71373 112
71374 4
71375 30
71376 0
71377 0
71378 44
71379 16
71380 0
71381 2
71382 8
71383 0
71384 4
71385 0
71386 0
71387 6
71388 0
71389 8
71390 0
71391 0
71392 20
71393 2
71394 4
71395 0
71396 0
71397 0
71398 0
71399 1134
71400 0
71401 0
71402 0
71403 0
71404 4
71405 2
71406 0
71407 0
71408 0
71409 8
71410 0
71411 86
71412 0
71413 0
71414 4
71415 0
71416 8
71417 2
71418 0
71419 16
71420 0
71421 0
71422 0
71423 5630
71424 4
71425 0
71426 0
71427 0
71428 0
71429 10
71430 0
71431 0
71432 0
71433 16
71434 76
71435 6
71436 0
71437 0
71438 0
71439 64
71440 0
71441 50
71442 0
71443 0
71444 24
71445 288
71446 0
71447 14
71448 0
71449 8
71450 8
71451 0
71452 0
71453 2
71454 24
71455 0
71456 0
71457 0
71458 0
71459 22
71460 0
71461 0
71462 0
71463 0
71464 4
71465 114
71466 0
71467 32
71468 0
71469 8
71470 0
71471 30
71472 0
71473 0
71474 4
71475 0
71476 0
71477 114
71478 0
71479 32
71480 0
71481 0
71482 0
71483 6
71484 12
71485 40
71486 0
71487 0
71488 0
71489 10
71490 0
71491 0
71492 0
71493 0
71494 4
71495 1454
71496 0
71497 0
71498 0
71499 112
71500 56
71501 18
71502 0
71503 0
71504 28
71505 0
71506 0
71507 6
71508 0
71509 8
71510 20
71511 0
71512 0
71513 2
71514 4
71515 0
71516 20
71517 0
71518 8
71519 190
71520 0
71521 0
71522 0
71523 0
71524 4
71525 2
71526 0
71527 0
71528 0
71529 8
71530 0
71531 6
71532 0
71533 0
71534 4
71535 128
71536 0
71537 2
71538 0
71539 1024
71540 0
71541 0
71542 0
71543 174
71544 24
71545 0
71546 0
71547 80
71548 0
71549 10
71550 0
71551 0
71552 8
71553 0
71554 4
71555 6
71556 0
71557 0
71558 0
71559 32
71560 0
71561 2
71562 0
71563 0
71564 28
71565 0
71566 0
71567 414
71568 0
71569 24
71570 0
71571 0
71572 0
71573 2
71574 4
71575 0
71576 20
71577 0
71578 20
71579 22
71580 0
71581 0
71582 0
71583 0
71584 4
71585 2
71586 8
71587 0
71588 0
71589 8
71590 0
71591 14
71592 0
71593 0
71594 60
71595 0
71596 0
71597 2
71598 0
71599 64
71600 0
71601 0
71602 0
71603 38
71604 4
71605 0
71606 0
71607 0
71608 0
71609 970
71610 0
71611 0
71612 0
71613 0
71614 4
71615 126
71616 0
71617 0
71618 0
71619 16
71620 8
71621 2
71622 0
71623 0
71624 4
71625 0
71626 0
71627 230
71628 0
71629 56
71630 24
71631 0
71632 0
71633 2
71634 4
71635 0
71636 0
71637 16
71638 0
71639 46
71640 20
71641 0
71642 20
71643 0
71644 1060
71645 2
71646 0
71647 0
71648 36
71649 8
71650 0
71651 6
71652 0
71653 0
71654 140
71655 0
71656 0
71657 2
71658 0
71659 16
71660 0
71661 0
71662 0
71663 30
71664 4
71665 0
71666 0
71667 0
71668 0
71669 10
71670 0
71671 224
71672 0
71673 0
71674 4
71675 86
71676 0
71677 0
71678 0
71679 8192
71680 0
71681 2
71682 0
71683 0
71684 4
71685 0
71686 0
71687 14
71688 8
71689 8
71690 0
71691 0
71692 0
71693 50
71694 28
71695 0
71696 0
71697 0
71698 0
71699 22
71700 0
71701 0
71702 164
71703 0
71704 4
71705 18
71706 0
71707 0
71708 20
71709 8
71710 0
71711 62
71712 0
71713 0
71714 1060
71715 0
71716 0
71717 2
71718 0
71719 32
71720 0
71721 0
71722 8
71723 230
71724 4
71725 0
71726 0
71727 0
71728 0
71729 10
71730 0
71731 0
71732 0
71733 40
71734 4
71735 14
71736 0
71737 0
71738 0
71739 48
71740 0
71741 42
71742 0
71743 0
71744 4
71745 0
71746 0
71747 6
71748 0
71749 968
71750 0
71751 0
71752 0
71753 2
71754 60
71755 0
71756 32
71757 0
71758 0
71759 478
71760 0
71761 0
71762 0
71763 0
71764 24
71765 2
71766 0
71767 0
71768 0
71769 8
71770 0
71771 6
71772 0
71773 16
71774 24
71775 0
71776 0
71777 2
71778 0
71779 16
71780 0
71781 0
71782 0
71783 14
71784 4
71785 0
71786 0
71787 0
71788 0
71789 10
71790 8
71791 0
71792 0
71793 0
71794 4
71795 86
71796 0
71797 0
71798 0
71799 32
71800 0
71801 2
71802 0
71803 0
71804 4
71805 0
71806 0
71807 3838
71808 0
71809 8
71810 0
71811 0
71812 0
71813 2
71814 4
71815 0
71816 0
71817 0
71818 0
71819 1126
71820 0
71821 0
71822 0
71823 0
71824 36
71825 2
71826 20
71827 0
71828 0
71829 8
71830 0
71831 14
71832 0
71833 0
71834 4
71835 0
71836 0
71837 2
71838 0
71839 128
71840 20
71841 16
71842 0
71843 6
71844 4
71845 0
71846 0
71847 0
71848 0
71849 10
71850 0
71851 0
71852 56
71853 0
71854 4
71855 30
71856 0
71857 40
71858 8
71859 16
71860 0
71861 2
71862 0
71863 0
71864 4
71865 0
71866 0
71867 6
71868 0
71869 8
71870 0
71871 0
71872 0
71873 42
71874 4
71875 32
71876 0
71877 0
71878 0
71879 46
71880 0
71881 112
71882 24
71883 0
71884 4
71885 2
71886 0
71887 0
71888 20
71889 152
71890 0
71891 6
71892 8
71893 0
71894 4
71895 0
71896 0
71897 2
71898 0
71899 16
71900 0
71901 0
71902 0
71903 62
71904 4
71905 0
71906 20
71907 0
71908 0
71909 282
71910 0
71911 0
71912 0
71913 0
71914 4
71915 6
71916 0
71917 0
71918 0
71919 384
71920 0
71921 2
71922 0
71923 0
71924 4
71925 0
71926 8
71927 14
71928 0
71929 8
71930 0
71931 0
71932 0
71933 2
71934 4
71935 0
71936 0
71937 0
71938 0
71939 102
71940 0
71941 0
71942 0
71943 64
71944 4
71945 50
71946 0
71947 0
71948 0
71949 8
71950 40
71951 30
71952 0
71953 0
71954 144
71955 0
71956 0
71957 2
71958 0
71959 1184
71960 8
71961 0
71962 0
71963 6
71964 4
71965 0
71966 0
71967 0
71968 0
71969 10
71970 0
71971 0
71972 20
71973 0
71974 4
71975 14
71976 0
71977 16
71978 0
71979 16
71980 0
71981 154
71982 0
71983 0
71984 4
71985 0
71986 0
71987 6
71988 0
71989 8
71990 36
71991 0
71992 0
71993 2
71994 12
71995 0
71996 0
71997 0
71998 0
71999 382
72000 0
72001 0
72002 0
72003 0
72004 4
72005 42
72006 0
72007 0
72008 80
72009 8
72010 0
72011 38
72012 20
72013 0
72014 4
72015 0
72016 0
72017 2
72018 0
72019 112
72020 0
72021 0
72022 0
72023 14
72024 4
72025 0
72026 0
72027 0
72028 8
72029 10
72030 0
72031 0
72032 0
72033 0
72034 4
72035 6
72036 0
72037 0
72038 20
72039 32
72040 0
72041 2
72042 0
72043 80
72044 4
72045 16
72046 0
72047 30
72048 0
72049 8
72050 252
72051 0
72052 0
72053 2
72054 4
72055 0
72056 0
72057 0
72058 0
72059 22
72060 0
72061 0
72062 8
72063 0
72064 4
72065 2
72066 0
72067 0
72068 0
72069 8
72070 0
72071 942
72072 0
72073 0
72074 24
72075 0
72076 0
72077 2
72078 0
72079 192
72080 0
72081 0
72082 0
72083 6
72084 28
72085 0
72086 0
72087 0
72088 0
72089 10
72090 0
72091 0
72092 0
72093 672
72094 4
72095 62
72096 8
72097 0
72098 0
72099 16
72100 0
72101 2
72102 0
72103 0
72104 24
72105 40
72106 0
72107 6
72108 0
72109 8
72110 56
72111 0
72112 0
72113 18
72114 4
72115 0
72116 0
72117 0
72118 0
72119 46
72120 0
72121 0
72122 0
72123 0
72124 4
72125 2
72126 0
72127 0
72128 0
72129 8
72130 8
72131 6
72132 0
72133 0
72134 28
72135 448
72136 20
72137 42
72138 0
72139 16
72140 0
72141 0
72142 0
72143 30
72144 4
72145 0
72146 0
72147 32
72148 0
72149 58
72150 0
72151 0
72152 0
72153 0
72154 4
72155 6
72156 0
72157 0
72158 0
72159 768
72160 0
72161 74
72162 0
72163 0
72164 140
72165 0
72166 0
72167 174
72168 0
72169 8
72170 20
72171 0
72172 0
72173 2
72174 4
72175 0
72176 0
72177 0
72178 0
72179 22
72180 0
72181 16
72182 0
72183 0
72184 4
72185 2
72186 0
72187 0
72188 0
72189 8
72190 0
72191 1022
72192 0
72193 0
72194 4
72195 0
72196 0
72197 50
72198 28
72199 32
72200 0
72201 0
72202 0
72203 86
72204 4
72205 0
72206 0
72207 0
72208 0
72209 10
72210 0
72211 0
72212 0
72213 0
72214 28
72215 78
72216 144
72217 0
72218 0
72219 16
72220 0
72221 2
72222 0
72223 0
72224 4
72225 0
72226 0
72227 6
72228 0
72229 48
72230 0
72231 0
72232 8
72233 2
72234 4
72235 0
72236 20
72237 0
72238 0
72239 990
72240 0
72241 0
72242 0
72243 0
72244 4
72245 2
72246 0
72247 0
72248 0
72249 24
72250 0
72251 6
72252 0
72253 0
72254 4
72255 0
72256 0
72257 2
72258 0
72259 16
72260 44
72261 0
72262 56
72263 14
72264 4
72265 0
72266 8
72267 0
72268 0
72269 50
72270 0
72271 0
72272 0
72273 0
72274 4
72275 6
72276 0
72277 0
72278 0
72279 224
72280 0
72281 2
72282 0
72283 32
72284 4
72285 0
72286 0
72287 62
72288 0
72289 8
72290 0
72291 160
72292 0
72293 2
72294 4
72295 0
72296 0
72297 0
72298 0
72299 22
72300 8
72301 0
72302 20
72303 0
72304 4
72305 2
72306 0
72307 0
72308 0
72309 8
72310 0
72311 14
72312 0
72313 0
72314 4
72315 0
72316 0
72317 18
72318 0
72319 512
72320 0
72321 0
72322 20
72323 102
72324 4
72325 0
72326 0
72327 0
72328 0
72329 10
72330 0
72331 0
72332 252
72333 0
72334 12
72335 350
72336 0
72337 0
72338 0
72339 16
72340 0
72341 2
72342 0
72343 0
72344 220
72345 0
72346 0
72347 6
72348 0
72349 8
72350 0
72351 256
72352 0
72353 42
72354 4
72355 0
72356 0
72357 0
72358 0
72359 46
72360 0
72361 0
72362 0
72363 0
72364 24
72365 2
72366 0
72367 0
72368 84
72369 8
72370 0
72371 6
72372 0
72373 0
72374 4
72375 0
72376 0
72377 2
72378 0
72379 16
72380 0
72381 0
72382 0
72383 126
72384 24
72385 16
72386 24
72387 0
72388 0
72389 122
72390 0
72391 0
72392 0
72393 0
72394 4
72395 6
72396 0
72397 264
72398 0
72399 64
72400 0
72401 42
72402 8
72403 0
72404 4
72405 0
72406 0
72407 14
72408 0
72409 56
72410 0
72411 0
72412 0
72413 2
72414 4
72415 640
72416 0
72417 0
72418 0
72419 566
72420 0
72421 0
72422 0
72423 0
72424 4
72425 2
72426 0
72427 0
72428 0
72429 8
72430 0
72431 30
72432 0
72433 0
72434 24
72435 0
72436 8
72437 2
72438 0
72439 32
72440 0
72441 0
72442 0
72443 6
72444 4
72445 0
72446 20
72447 0
72448 0
72449 58
72450 0
72451 0
72452 0
72453 16
72454 4
72455 14
72456 0
72457 0
72458 0
72459 16
72460 0
72461 2
72462 0
72463 0
72464 4
72465 0
72466 0
72467 86
72468 0
72469 8
72470 8
72471 0
72472 0
72473 290
72474 28
72475 0
72476 0
72477 40
72478 0
72479 190
72480 0
72481 0
72482 0
72483 0
72484 4
72485 2
72486 0
72487 64
72488 0
72489 8
72490 0
72491 6
72492 0
72493 0
72494 4
72495 0
72496 0
72497 114
72498 0
72499 16
72500 20
72501 0
72502 0
72503 302
72504 12
72505 0
72506 0
72507 0
72508 20
72509 10
72510 0
72511 0
72512 24
72513 0
72514 4
72515 6
72516 56
72517 0
72518 0
72519 32
72520 0
72521 18
72522 0
72523 0
72524 4
72525 0
72526 0
72527 30
72528 0
72529 8
72530 0
72531 0
72532 0
72533 42
72534 4
72535 0
72536 0
72537 0
72538 8
72539 582
72540 0
72541 0
72542 0
72543 0
72544 4
72545 2
72546 0
72547 0
72548 0
72549 8
72550 0
72551 14
72552 0
72553 0
72554 4
72555 32
72556 0
72557 2
72558 0
72559 64
72560 0
72561 504
72562 0
72563 6
72564 4
72565 0
72566 20
72567 0
72568 0
72569 50
72570 20
72571 0
72572 8
72573 0
72574 4
72575 3326
72576 0
72577 0
72578 0
72579 16
72580 0
72581 2
72582 0
72583 0
72584 4
72585 0
72586 0
72587 6
72588 0
72589 24
72590 0
72591 0
72592 0
72593 2
72594 4
72595 0
72596 0
72597 0
72598 0
72599 206
72600 0
72601 40
72602 0
72603 0
72604 28
72605 2
72606 8
72607 0
72608 0
72609 8
72610 0
72611 6
72612 0
72613 0
72614 4
72615 0
72616 0
72617 2
72618 0
72619 16
72620 0
72621 0
72622 0
72623 158
72624 4
72625 0
72626 56
72627 0
72628 0
72629 10
72630 0
72631 0
72632 480
72633 0
72634 4
72635 6
72636 0
72637 0
72638 24
72639 256
72640 8
72641 2
72642 0
72643 224
72644 4
72645 0
72646 0
72647 14
72648 0
72649 8
72650 0
72651 0
72652 0
72653 2
72654 4
72655 0
72656 0
72657 16
72658 0
72659 22
72660 0
72661 0
72662 0
72663 160
72664 4
72665 42
72666 0
72667 0
72668 0
72669 56
72670 0
72671 62
72672 0
72673 0
72674 176
72675 0
72676 0
72677 2
72678 0
72679 32
72680 0
72681 0
72682 0
72683 6
72684 4
72685 0
72686 0
72687 0
72688 0
72689 10
72690 0
72691 32
72692 0
72693 0
72694 24
72695 14
72696 0
72697 0
72698 20
72699 16
72700 0
72701 50
72702 0
72703 0
72704 4
72705 0
72706 0
72707 6
72708 8
72709 8
72710 0
72711 0
72712 0
72713 2
72714 4
72715 0
72716 0
72717 0
72718 0
72719 94
72720 0
72721 0
72722 0
72723 0
72724 4
72725 58
72726 0
72727 0
72728 0
72729 8
72730 144
72731 86
72732 0
72733 0
72734 28
72735 0
72736 0
72737 2
72738 0
72739 16
72740 0
72741 0
72742 8
72743 14
72744 4
72745 0
72746 0
72747 0
72748 0
72749 10
72750 0
72751 0
72752 0
72753 0
72754 4
72755 230
72756 20
72757 0
72758 0
72759 96
72760 0
72761 2
72762 0
72763 0
72764 48
72765 0
72766 0
72767 126
72768 0
72769 8
72770 56
72771 0
72772 0
72773 2
72774 484
72775 0
72776 8
72777 0
72778 0
72779 22
72780 0
72781 0
72782 0
72783 0
72784 4
72785 2
72786 0
72787 80
72788 0
72789 8
72790 0
72791 14
72792 0
72793 16
72794 4
72795 0
72796 0
72797 42
72798 0
72799 2432
72800 0
72801 0
72802 0
72803 6
72804 4
72805 0
72806 0
72807 0
72808 0
72809 10
72810 8
72811 0
72812 0
72813 0
72814 4
72815 30
72816 0
72817 0
72818 20
72819 496
72820 0
72821 2
72822 0
72823 0
72824 4
72825 0
72826 0
72827 134
72828 0
72829 8
72830 20
72831 0
72832 0
72833 2
72834 4
72835 0
72836 0
72837 0
72838 0
72839 46
72840 0
72841 0
72842 0
72843 0
72844 12
72845 506
72846 0
72847 0
72848 0
72849 48
72850 0
72851 6
72852 0
72853 0
72854 4
72855 0
72856 0
72857 2
72858 0
72859 16
72860 0
72861 16
72862 0
72863 702
72864 28
72865 0
72866 0
72867 0
72868 0
72869 10
72870 0
72871 0
72872 0
72873 0
72874 4
72875 6
72876 0
72877 0
72878 8
72879 64
72880 20
72881 2
72882 0
72883 0
72884 172
72885 0
72886 0
72887 14
72888 0
72889 8
72890 96
72891 0
72892 0
72893 2
72894 4
72895 512
72896 20
72897 112
72898 0
72899 22
72900 0
72901 0
72902 0
72903 0
72904 4
72905 2
72906 0
72907 0
72908 0
72909 8
72910 0
72911 350
72912 8
72913 0
72914 4
72915 0
72916 0
72917 2
72918 0
72919 32
72920 0
72921 0
72922 0
72923 6
72924 4
72925 0
72926 0
72927 0
72928 0
72929 370
72930 0
72931 0
72932 0
72933 0
72934 4
72935 14
72936 0
72937 0
72938 0
72939 16
72940 0
72941 2
72942 20
72943 0
72944 4
72945 0
72946 8
72947 6
72948 0
72949 8
72950 0
72951 0
72952 0
72953 50
72954 4
72955 0
72956 0
72957 0
72958 0
72959 1534
72960 0
72961 0
72962 20
72963 32
72964 4
72965 2
72966 0
72967 0
72968 0
72969 8
72970 0
72971 6
72972 0
72973 80
72974 4
72975 0
72976 0
72977 2
72978 0
72979 96
72980 8
72981 0
72982 0
72983 14
72984 4
72985 0
72986 0
72987 576
72988 0
72989 10
72990 0
72991 0
72992 0
72993 0
72994 28
72995 86
72996 0
72997 16
72998 0
72999 32
73000 0
73001 2
73002 0
73003 0
73004 24
73005 0
73006 0
73007 30
73008 0
73009 8
73010 0
73011 0
73012 0
73013 114
73014 12
73015 0
73016 60
73017 0
73018 0
73019 22
73020 0
73021 0
73022 0
73023 0
73024 60
73025 2
73026 0
73027 0
73028 20
73029 8
73030 0
73031 78
73032 0
73033 0
73034 4
73035 80
73036 0
73037 2
73038 0
73039 64
73040 0
73041 0
73042 0
73043 6
73044 4
73045 0
73046 0
73047 0
73048 8
73049 10
73050 0
73051 0
73052 0
73053 0
73054 4
73055 62
73056 0
73057 0
73058 0
73059 112
73060 0
73061 42
73062 0
73063 0
73064 4
73065 16
73066 20
73067 6
73068 0
73069 8
73070 0
73071 0
73072 252
73073 2
73074 4
73075 0
73076 0
73077 0
73078 0
73079 238
73080 132
73081 0
73082 8
73083 0
73084 4
73085 2
73086 0
73087 0
73088 0
73089 8
73090 0
73091 6
73092 0
73093 0
73094 24
73095 0
73096 0
73097 42
73098 0
73099 48
73100 0
73101 0
73102 0
73103 30
73104 4
73105 0
73106 0
73107 0
73108 0
73109 10
73110 0
73111 0
73112 0
73113 0
73114 4
73115 6
73116 8
73117 0
73118 0
73119 128
73120 0
73121 2
73122 0
73123 0
73124 124
73125 0
73126 0
73127 174
73128 20
73129 8
73130 0
73131 0
73132 0
73133 18
73134 4
73135 0
73136 0
73137 0
73138 0
73139 22
73140 0
73141 0
73142 80
73143 0
73144 4
73145 2
73146 0
73147 0
73148 0
73149 8
73150 8
73151 3710
73152 0
73153 0
73154 4
73155 0
73156 0
73157 2
73158 0
73159 192
73160 20
73161 0
73162 0
73163 6
73164 4
73165 0
73166 0
73167 128
73168 0
73169 10
73170 0
73171 0
73172 0
73173 0
73174 4
73175 14
73176 0
73177 0
73178 0
73179 16
73180 0
73181 2
73182 0
73183 0
73184 160
73185 0
73186 0
73187 150
73188 0
73189 56
73190 20
73191 0
73192 0
73193 42
73194 4
73195 0
73196 0
73197 0
73198 0
73199 94
73200 0
73201 16
73202 0
73203 0
73204 4
73205 50
73206 0
73207 0
73208 0
73209 8
73210 0
73211 6
73212 0
73213 0
73214 4
73215 0
73216 0
73217 2
73218 8
73219 16
73220 0
73221 40
73222 0
73223 14
73224 4
73225 0
73226 20
73227 0
73228 0
73229 10
73230 0
73231 0
73232 0
73233 0
73234 4
73235 38
73236 0
73237 0
73238 0
73239 32
73240 0
73241 2
73242 0
73243 0
73244 212
73245 0
73246 0
73247 62
73248 0
73249 8
73250 0
73251 0
73252 28
73253 2
73254 76
73255 0
73256 0
73257 0
73258 0
73259 102
73260 0
73261 0
73262 0
73263 0
73264 4
73265 2
73266 0
73267 0
73268 24
73269 24
73270 0
73271 462
73272 0
73273 0
73274 4
73275 0
73276 0
73277 2
73278 56
73279 256
73280 0
73281 0
73282 0
73283 86
73284 4
73285 0
73286 8
73287 0
73288 0
73289 10
73290 0
73291 0
73292 20
73293 0
73294 4
73295 30
73296 0
73297 0
73298 0
73299 16
73300 0
73301 2
73302 0
73303 64
73304 4
73305 0
73306 0
73307 6
73308 0
73309 8
73310 0
73311 0
73312 0
73313 2
73314 44
73315 0
73316 0
73317 0
73318 0
73319 238
73320 8
73321 0
73322 0
73323 0
73324 4
73325 42
73326 0
73327 0
73328 0
73329 8
73330 0
73331 102
73332 0
73333 0
73334 4
73335 0
73336 0
73337 18
73338 0
73339 16
73340 0
73341 0
73342 0
73343 254
73344 4
73345 40
73346 0
73347 0
73348 0
73349 10
73350 0
73351 0
73352 0
73353 0
73354 12
73355 6
73356 0
73357 0
73358 272
73359 64
73360 0
73361 2
73362 0
73363 0
73364 4
73365 0
73366 0
73367 14
73368 0
73369 8
73370 0
73371 32
73372 0
73373 2
73374 4
73375 0
73376 20
73377 0
73378 0
73379 22
73380 0
73381 0
73382 0
73383 0
73384 28
73385 2
73386 0
73387 0
73388 8
73389 48
73390 0
73391 350
73392 0
73393 0
73394 28
73395 0
73396 0
73397 2
73398 0
73399 32
73400 56
73401 0
73402 0
73403 6
73404 4
73405 128
73406 0
73407 1280
73408 0
73409 10
73410 0
73411 0
73412 0
73413 0
73414 4
73415 14
73416 0
73417 0
73418 0
73419 16
73420 0
73421 2
73422 8
73423 0
73424 24
73425 0
73426 0
73427 6
73428 0
73429 8
73430 0
73431 0
73432 0
73433 2
73434 4
73435 0
73436 0
73437 0
73438 20
73439 4542
73440 0
73441 0
73442 0
73443 0
73444 4
73445 2
73446 0
73447 0
73448 0
73449 56
73450 0
73451 6
73452 0
73453 0
73454 4
73455 0
73456 8
73457 90
73458 0
73459 16
73460 0
73461 0
73462 0
73463 14
73464 4
73465 0
73466 0
73467 0
73468 0
73469 50
73470 0
73471 0
73472 0
73473 16
73474 4
73475 6
73476 0
73477 0
73478 0
73479 32
73480 0
73481 2
73482 0
73483 0
73484 4
73485 0
73486 0
73487 30
73488 0
73489 8
73490 28
73491 0
73492 0
73493 2
73494 4
73495 0
73496 0
73497 0
73498 0
73499 22
73500 20
73501 288
73502 0
73503 0
73504 4
73505 2
73506 0
73507 32
73508 0
73509 8
73510 0
73511 14
73512 0
73513 0
73514 28
73515 0
73516 0
73517 2
73518 0
73519 64
73520 24
73521 0
73522 0
73523 86
73524 12
73525 0
73526 0
73527 0
73528 0
73529 194
73530 0
73531 80
73532 56
73533 0
73534 4
73535 126
73536 0
73537 0
73538 0
73539 16
73540 0
73541 18
73542 0
73543 0
73544 4
73545 0
73546 0
73547 6
73548 0
73549 8
73550 0
73551 0
73552 0
73553 2
73554 4
73555 0
73556 20
73557 0
73558 8
73559 46
73560 0
73561 0
73562 20
73563 0
73564 4
73565 2
73566 0
73567 0
73568 0
73569 8
73570 0
73571 6
73572 0
73573 0
73574 4
73575 64
73576 0
73577 2
73578 0
73579 112
73580 0
73581 0
73582 0
73583 4446
73584 4
73585 0
73586 0
73587 0
73588 0
73589 50
73590 0
73591 0
73592 8
73593 40
73594 24
73595 6
73596 0
73597 0
73598 0
73599 512
73600 0
73601 2
73602 0
73603 0
73604 4
73605 0
73606 0
73607 14
73608 0
73609 24
73610 0
73611 0
73612 0
73613 2
73614 4
73615 0
73616 0
73617 0
73618 0
73619 22
73620 0
73621 0
73622 20
73623 0
73624 24
73625 2
73626 8
73627 0
73628 0
73629 8
73630 0
73631 62
73632 0
73633 0
73634 4
73635 0
73636 0
73637 2
73638 0
73639 32
73640 0
73641 0
73642 0
73643 38
73644 28
73645 0
73646 24
73647 0
73648 0
73649 10
73650 0
73651 0
73652 0
73653 0
73654 4
73655 3854
73656 0
73657 0
73658 56
73659 240
73660 8
73661 2
73662 0
73663 0
73664 4
73665 0
73666 0
73667 6
73668 0
73669 8
73670 0
73671 0
73672 0
73673 2
73674 4
73675 0
73676 0
73677 16
73678 0
73679 94
73680 0
73681 0
73682 0
73683 0
73684 4
73685 2
73686 20
73687 0
73688 20
73689 8
73690 0
73691 4230
73692 0
73693 0
73694 140
73695 0
73696 0
73697 2
73698 0
73699 16
73700 36
73701 0
73702 0
73703 14
73704 4
73705 0
73706 0
73707 0
73708 0
73709 4138
73710 0
73711 128
73712 0
73713 0
73714 4
73715 6
73716 0
73717 40
73718 4004
73719 32
73720 0
73721 42
73722 0
73723 0
73724 4
73725 0
73726 0
73727 16382
73728 8
73729 8
73730 0
73731 0
73732 0
73733 2
73734 4
73735 0
73736 4004
73737 0
73738 0
73739 22
73740 0
73741 0
73742 0
73743 0
73744 4
73745 4146
73746 0
73747 0
73748 20
73749 8
73750 0
73751 14
73752 0
73753 0
73754 24
73755 0
73756 0
73757 2
73758 144
73759 128
73760 0
73761 0
73762 8
73763 4230
73764 4
73765 0
73766 0
73767 0
73768 0
73769 10
73770 0
73771 0
73772 24
73773 0
73774 28
73775 30
73776 0
73777 0
73778 0
73779 128
73780 0
73781 2
73782 0
73783 0
73784 4
73785 0
73786 56
73787 310
73788 0
73789 8
73790 0
73791 0
73792 0
73793 2
73794 4
73795 0
73796 8
73797 0
73798 0
73799 3886
73800 0
73801 0
73802 0
73803 0
73804 4
73805 2
73806 0
73807 0
73808 0
73809 8
73810 20
73811 6
73812 0
73813 16
73814 4
73815 0
73816 0
73817 2
73818 0
73819 16
73820 20
73821 0
73822 0
73823 62
73824 4
73825 0
73826 0
73827 0
73828 0
73829 10
73830 8
73831 0
73832 0
73833 0
73834 4
73835 102
73836 0
73837 0
73838 0
73839 448
73840 0
73841 42
73842 0
73843 0
73844 4
73845 0
73846 0
73847 78
73848 0
73849 8
73850 0
73851 0
73852 0
73853 42
73854 4
73855 0
73856 0
73857 0
73858 0
73859 22
73860 0
73861 0
73862 0
73863 0
73864 12
73865 2
73866 0
73867 0
73868 0
73869 8
73870 0
73871 4062
73872 20
73873 0
73874 4
73875 0
73876 0
73877 2
73878 0
73879 32
73880 0
73881 16
73882 0
73883 6
73884 4
73885 0
73886 20
73887 0
73888 0
73889 10
73890 0
73891 0
73892 0
73893 0
73894 4
73895 14
73896 0
73897 0
73898 32
73899 16
73900 0
73901 2
73902 0
73903 320
73904 28
73905 0
73906 0
73907 6
73908 0
73909 8
73910 0
73911 0
73912 0
73913 114
73914 4
73915 32
73916 56
73917 0
73918 0
73919 1662
73920 0
73921 0
73922 0
73923 0
73924 4
73925 2
73926 0
73927 0
73928 0
73929 8
73930 0
73931 6
73932 8
73933 0
73934 24
73935 0
73936 0
73937 2
73938 0
73939 16
73940 0
73941 0
73942 0
73943 14
73944 4
73945 0
73946 0
73947 0
73948 0
73949 282
73950 0
73951 0
73952 20
73953 0
73954 4
73955 6
73956 0
73957 0
73958 0
73959 32
73960 0
73961 50
73962 0
73963 0
73964 4
73965 40
73966 8
73967 30
73968 0
73969 56
73970 0
73971 0
73972 0
73973 2
73974 4
73975 0
73976 0
73977 0
73978 0
73979 22
73980 0
73981 0
73982 0
73983 2048
73984 4
73985 42
73986 0
73987 0
73988 0
73989 8
73990 0
73991 14
73992 0
73993 0
73994 4
73995 0
73996 40
73997 2
73998 0
73999 64
74000 8
74001 0
74002 0
74003 6
74004 24
74005 0
74006 0
74007 0
74008 0
74009 10
74010 0
74011 0
74012 0
74013 0
74014 4
74015 4670
74016 0
74017 16
74018 20
74019 16
74020 0
74021 2
74022 0
74023 0
74024 28
74025 0
74026 0
74027 86
74028 0
74029 8
74030 0
74031 0
74032 0
74033 2
74034 36
74035 0
74036 0
74037 0
74038 0
74039 46
74040 56
74041 0
74042 36
74043 0
74044 4
74045 114
74046 0
74047 0
74048 0
74049 8
74050 0
74051 118
74052 0
74053 0
74054 4
74055 0
74056 0
74057 2
74058 20
74059 16
74060 0
74061 0
74062 0
74063 30
74064 4
74065 0
74066 0
74067 0
74068 8
74069 10
74070 0
74071 0
74072 0
74073 0
74074 4
74075 6
74076 0
74077 0
74078 0
74079 128
74080 0
74081 2
74082 0
74083 0
74084 24
74085 16
74086 0
74087 206
74088 0
74089 48
74090 0
74091 0
74092 0
74093 2
74094 256
74095 0
74096 0
74097 0
74098 0
74099 118
74100 0
74101 0
74102 8
74103 0
74104 4
74105 2
74106 0
74107 0
74108 0
74109 8
74110 0
74111 254
74112 0
74113 0
74114 4
74115 0
74116 0
74117 42
74118 0
74119 96
74120 20
74121 0
74122 0
74123 6
74124 4
74125 0
74126 0
74127 0
74128 0
74129 10
74130 0
74131 0
74132 0
74133 0
74134 4
74135 14
74136 8
74137 0
74138 0
74139 16
74140 0
74141 2
74142 0
74143 0
74144 4
74145 0
74146 0
74147 6
74148 0
74149 8
74150 44
74151 160
74152 0
74153 18
74154 4
74155 0
74156 0
74157 0
74158 0
74159 94
74160 0
74161 0
74162 0
74163 0
74164 76
74165 2
74166 0
74167 448
74168 0
74169 8
74170 8
74171 6
74172 0
74173 0
74174 60
74175 0
74176 0
74177 2
74178 0
74179 16
74180 0
74181 0
74182 20
74183 174
74184 4
74185 0
74186 0
74187 32
74188 0
74189 10
74190 0
74191 0
74192 0
74193 0
74194 4
74195 6
74196 0
74197 0
74198 0
74199 32
74200 0
74201 2
74202 0
74203 0
74204 140
74205 0
74206 0
74207 62
74208 0
74209 48
74210 0
74211 0
74212 0
74213 162
74214 4
74215 0
74216 20
74217 0
74218 0
74219 22
74220 0
74221 16
74222 0
74223 0
74224 4
74225 2
74226 0
74227 0
74228 0
74229 56
74230 0
74231 14
74232 0
74233 0
74234 4
74235 0
74236 0
74237 2
74238 8
74239 2048
74240 0
74241 0
74242 0
74243 6
74244 24
74245 0
74246 0
74247 0
74248 0
74249 50
74250 0
74251 0
74252 0
74253 0
74254 4
74255 158
74256 0
74257 0
74258 0
74259 16
74260 0
74261 2
74262 0
74263 0
74264 4
74265 0
74266 0
74267 6
74268 0
74269 8
74270 0
74271 0
74272 280
74273 2
74274 4
74275 80
74276 24
74277 0
74278 0
74279 46
74280 0
74281 0
74282 20
74283 0
74284 4
74285 2
74286 0
74287 0
74288 0
74289 24
74290 0
74291 6
74292 0
74293 0
74294 180
74295 0
74296 0
74297 2
74298 0
74299 16
74300 0
74301 0
74302 0
74303 3710
74304 4
74305 0
74306 28
74307 0
74308 0
74309 10
74310 0
74311 0
74312 0
74313 0
74314 4
74315 86
74316 0
74317 0
74318 0
74319 64
74320 0
74321 2
74322 0
74323 32
74324 4
74325 0
74326 0
74327 14
74328 0
74329 8
74330 0
74331 0
74332 0
74333 2
74334 4
74335 0
74336 0
74337 80
74338 0
74339 118
74340 8
74341 0
74342 0
74343 0
74344 4
74345 2
74346 0
74347 0
74348 20
74349 8
74350 0
74351 30
74352 0
74353 0
74354 4
74355 0
74356 0
74357 18
74358 0
74359 224
74360 0
74361 0
74362 0
74363 6
74364 4
74365 0
74366 0
74367 0
74368 20
74369 10
74370 0
74371 0
74372 0
74373 0
74374 12
74375 14
74376 0
74377 0
74378 0
74379 16
74380 0
74381 42
74382 0
74383 0
74384 256
74385 0
74386 0
74387 6
74388 0
74389 8
74390 0
74391 64
74392 0
74393 2
74394 4
74395 0
74396 0
74397 0
74398 0
74399 830
74400 0
74401 0
74402 24
74403 0
74404 4
74405 2
74406 0
74407 0
74408 8
74409 8
74410 0
74411 6
74412 0
74413 0
74414 44
74415 0
74416 0
74417 2
74418 0
74419 16
74420 0
74421 112
74422 0
74423 14
74424 28
74425 16
74426 0
74427 0
74428 0
74429 10
74430 20
74431 0
74432 56
74433 0
74434 4
74435 6
74436 0
74437 0
74438 0
74439 32
74440 0
74441 2
74442 8
74443 0
74444 4
74445 0
74446 132
74447 350
74448 0
74449 8
74450 0
74451 0
74452 0
74453 2
74454 4
74455 0
74456 0
74457 0
74458 0
74459 566
74460 0
74461 40
74462 0
74463 0
74464 4
74465 50
74466 0
74467 0
74468 0
74469 8
74470 0
74471 14
74472 0
74473 0
74474 184
74475 0
74476 8
74477 2
74478 0
74479 64
74480 20
74481 0
74482 0
74483 6
74484 4
74485 0
74486 0
74487 0
74488 0
74489 58
74490 0
74491 0
74492 20
74493 16
74494 4
74495 510
74496 0
74497 0
74498 0
74499 16
74500 0
74501 2
74502 0
74503 0
74504 4
74505 0
74506 0
74507 6
74508 0
74509 8
74510 8
74511 0
74512 0
74513 42
74514 4
74515 0
74516 0
74517 0
74518 0
74519 46
74520 0
74521 0
74522 0
74523 80
74524 4
74525 2
74526 0
74527 256
74528 96
74529 296
74530 0
74531 6
74532 0
74533 0
74534 4
74535 0
74536 0
74537 2
74538 0
74539 16
74540 0
74541 0
74542 0
74543 30
74544 12
74545 0
74546 20
74547 0
74548 56
74549 10
74550 0
74551 0
74552 0
74553 0
74554 48
74555 150
74556 0
74557 0
74558 0
74559 256
74560 0
74561 130
74562 0
74563 0
74564 4
74565 0
74566 0
74567 14
74568 0
74569 8
74570 0
74571 0
74572 0
74573 2
74574 4
74575 0
74576 0
74577 0
74578 8
74579 102
74580 0
74581 0
74582 0
74583 0
74584 4
74585 42
74586 0
74587 0
74588 0
74589 8
74590 0
74591 830
74592 0
74593 0
74594 4
74595 32
74596 0
74597 2
74598 0
74599 32
74600 0
74601 0
74602 0
74603 6
74604 4
74605 504
74606 0
74607 0
74608 0
74609 10
74610 0
74611 0
74612 28
74613 0
74614 4
74615 14
74616 20
74617 0
74618 0
74619 384
74620 0
74621 2
74622 0
74623 0
74624 4
74625 0
74626 0
74627 6
74628 0
74629 24
74630 0
74631 0
74632 0
74633 2
74634 4
74635 0
74636 0
74637 0
74638 0
74639 94
74640 0
74641 0
74642 0
74643 0
74644 4
74645 42
74646 8
74647 160
74648 0
74649 8
74650 0
74651 6
74652 0
74653 0
74654 28
74655 0
74656 0
74657 2
74658 0
74659 16
74660 0
74661 0
74662 0
74663 78
74664 4
74665 0
74666 0
74667 0
74668 0
74669 10
74670 0
74671 0
74672 0
74673 0
74674 4
74675 230
74676 0
74677 0
74678 480
74679 32
74680 8
74681 2
74682 0
74683 0
74684 28
74685 0
74686 0
74687 126
74688 0
74689 8
74690 56
74691 0
74692 0
74693 2
74694 4
74695 0
74696 0
74697 16
74698 0
74699 22
74700 0
74701 0
74702 0
74703 0
74704 4
74705 2
74706 0
74707 0
74708 0
74709 48
74710 0
74711 174
74712 0
74713 0
74714 140
74715 0
74716 0
74717 50
74718 0
74719 128
74720 0
74721 0
74722 0
74723 6
74724 4
74725 0
74726 36
74727 0
74728 0
74729 10
74730 0
74731 32
74732 0
74733 0
74734 4
74735 30
74736 0
74737 0
74738 0
74739 16
74740 20
74741 2
74742 0
74743 0
74744 24
74745 0
74746 0
74747 6
74748 8
74749 56
74750 0
74751 0
74752 0
74753 2
74754 4
74755 0
74756 0
74757 0
74758 0
74759 46
74760 0
74761 0
74762 0
74763 0
74764 4
74765 18
74766 0
74767 0
74768 0
74769 8
74770 0
74771 86
74772 0
74773 0
74774 4
74775 0
74776 0
74777 42
74778 0
74779 16
74780 24
74781 0
74782 8
74783 62
74784 4
74785 0
74786 144
74787 0
74788 0
74789 10
74790 0
74791 0
74792 0
74793 0
74794 4
74795 6
74796 0
74797 0
74798 0
74799 192
74800 0
74801 2
74802 76
74803 0
74804 4
74805 0
74806 0
74807 14
74808 0
74809 8
74810 20
74811 0
74812 0
74813 2
74814 28
74815 0
74816 8
74817 0
74818 0
74819 246
74820 0
74821 0
74822 0
74823 0
74824 484
74825 2
74826 0
74827 0
74828 0
74829 8
74830 0
74831 30
74832 0
74833 56
74834 4
74835 0
74836 0
74837 2
74838 0
74839 32
74840 0
74841 0
74842 0
74843 182
74844 4
74845 0
74846 0
74847 0
74848 0
74849 10
74850 8
74851 0
74852 0
74853 0
74854 4
74855 14
74856 0
74857 0
74858 0
74859 16
74860 0
74861 2
74862 0
74863 0
74864 24
74865 0
74866 0
74867 38
74868 0
74869 8
74870 0
74871 0
74872 0
74873 2
74874 4
74875 0
74876 20
74877 0
74878 0
74879 16126
74880 0
74881 0
74882 0
74883 0
74884 12
74885 2
74886 0
74887 0
74888 0
74889 8
74890 0
74891 6
74892 0
74893 0
74894 4
74895 6080
74896 0
74897 5186
74898 0
74899 16
74900 0
74901 16
74902 0
74903 14
74904 4
74905 0
74906 24
74907 0
74908 0
74909 50
74910 0
74911 0
74912 0
74913 0
74914 4
74915 6
74916 0
74917 0
74918 8
74919 32
74920 0
74921 2
74922 0
74923 0
74924 4
74925 0
74926 20
74927 30
74928 0
74929 120
74930 0
74931 0
74932 0
74933 2
74934 4
74935 64
74936 0
74937 0
74938 0
74939 22
74940 0
74941 0
74942 20
74943 0
74944 28
74945 2
74946 0
74947 0
74948 56
74949 8
74950 0
74951 14
74952 8
74953 0
74954 4
74955 0
74956 0
74957 42
74958 0
74959 64
74960 0
74961 0
74962 0
74963 6
74964 4
74965 0
74966 0
74967 0
74968 0
74969 330
74970 0
74971 0
74972 0
74973 0
74974 4
74975 702
74976 0
74977 0
74978 0
74979 16
74980 0
74981 2
74982 0
74983 0
74984 4
74985 0
74986 8
74987 6
74988 20
74989 8
74990 0
74991 0
74992 0
74993 2
74994 4
74995 0
74996 0
74997 0
74998 0
74999 46
75000 0
75001 0
75002 0
75003 32
75004 4
75005 2
75006 0
75007 0
75008 20
75009 56
75010 0
75011 6
75012 0
75013 0
75014 4
75015 0
75016 0
75017 2
75018 0
75019 176
75020 8
75021 0
75022 0
75023 30
75024 4
75025 0
75026 0
75027 0
75028 0
75029 50
75030 0
75031 0
75032 24
75033 0
75034 4
75035 6
75036 0
75037 16
75038 0
75039 128
75040 0
75041 42
75042 0
75043 576
75044 4
75045 0
75046 0
75047 14
75048 0
75049 8
75050 20
75051 0
75052 0
75053 2
75054 12
75055 0
75056 56
75057 0
75058 0
75059 22
75060 0
75061 0
75062 0
75063 0
75064 4
75065 2
75066 0
75067 0
75068 36
75069 8
75070 0
75071 638
75072 0
75073 0
75074 240
75075 0
75076 0
75077 114
75078 0
75079 32
75080 0
75081 40
75082 0
75083 6
75084 4
75085 0
75086 0
75087 0
75088 8
75089 10
75090 0
75091 0
75092 0
75093 0
75094 4
75095 206
75096 0
75097 0
75098 0
75099 16
75100 0
75101 2
75102 0
75103 0
75104 4
75105 16
75106 0
75107 86
75108 0
75109 8
75110 0
75111 0
75112 20
75113 2
75114 4
75115 0
75116 252
75117 0
75118 0
75119 94
75120 0
75121 0
75122 8
75123 0
75124 4
75125 2
75126 0
75127 0
75128 0
75129 272
75130 0
75131 6
75132 0
75133 0
75134 4
75135 0
75136 0
75137 2
75138 0
75139 144
75140 20
75141 0
75142 0
75143 174
75144 4
75145 0
75146 0
75147 0
75148 0
75149 10
75150 0
75151 0
75152 0
75153 0
75154 4
75155 6
75156 8
75157 0
75158 24
75159 32
75160 0
75161 2
75162 0
75163 0
75164 4
75165 0
75166 0
75167 62
75168 0
75169 8
75170 0
75171 0
75172 0
75173 58
75174 24
75175 0
75176 0
75177 0
75178 0
75179 22
75180 0
75181 0
75182 0
75183 896
75184 4
75185 2
75186 0
75187 0
75188 0
75189 8
75190 8
75191 14
75192 0
75193 0
75194 4
75195 0
75196 0
75197 2
75198 0
75199 256
75200 0
75201 0
75202 0
75203 6
75204 28
75205 40
75206 76
75207 64
75208 0
75209 10
75210 0
75211 0
75212 0
75213 0
75214 4
75215 30
75216 0
75217 0
75218 0
75219 16
75220 0
75221 50
75222 0
75223 0
75224 140
75225 0
75226 0
75227 6
75228 0
75229 8
75230 0
75231 0
75232 0
75233 2
75234 24
75235 0
75236 20
75237 0
75238 0
75239 494
75240 0
75241 16
75242 0
75243 0
75244 4
75245 2
75246 0
75247 0
75248 0
75249 8
75250 0
75251 6
75252 0
75253 0
75254 4
75255 0
75256 0
75257 2
75258 8
75259 16
75260 0
75261 0
75262 0
75263 1022
75264 4
75265 0
75266 0
75267 80
75268 0
75269 58
75270 0
75271 0
75272 20
75273 0
75274 4
75275 38
75276 0
75277 0
75278 0
75279 64
75280 0
75281 2
75282 0
75283 0
75284 28
75285 0
75286 0
75287 14
75288 0
75289 8
75290 0
75291 0
75292 8
75293 2
75294 4
75295 0
75296 0
75297 0
75298 20
75299 22
75300 144
75301 0
75302 0
75303 0
75304 4
75305 42
75306 0
75307 0
75308 0
75309 24
75310 56
75311 30
75312 0
75313 0
75314 4
75315 0
75316 0
75317 2
75318 0
75319 32
75320 0
75321 0
75322 0
75323 6
75324 4
75325 0
75326 8
75327 0
75328 0
75329 50
75330 0
75331 0
75332 0
75333 0
75334 28
75335 462
75336 0
75337 0
75338 20
75339 16
75340 0
75341 2
75342 0
75343 128
75344 4
75345 0
75346 0
75347 390
75348 0
75349 8
75350 0
75351 0
75352 0
75353 2
75354 4
75355 0
75356 0
75357 0
75358 0
75359 190
75360 48
75361 0
75362 0
75363 0
75364 4
75365 2
75366 0
75367 0
75368 0
75369 8
75370 336
75371 86
75372 0
75373 0
75374 4
75375 0
75376 0
75377 18
75378 0
75379 16
75380 0
75381 0
75382 0
75383 14
75384 4
75385 0
75386 0
75387 0
75388 0
75389 10
75390 0
75391 2560
75392 0
75393 0
75394 12
75395 6
75396 0
75397 0
75398 0
75399 224
75400 0
75401 2
75402 0
75403 0
75404 24
75405 0
75406 0
75407 30
75408 0
75409 8
75410 276
75411 32
75412 0
75413 2
75414 4
75415 0
75416 0
75417 0
75418 0
75419 22
75420 0
75421 0
75422 20
75423 0
75424 4
75425 2
75426 0
75427 0
75428 8
75429 8
75430 0
75431 14
75432 0
75433 0
75434 4
75435 0
75436 0
75437 154
75438 0
75439 384
75440 0
75441 0
75442 0
75443 6
75444 4
75445 16
75446 0
75447 0
75448 0
75449 10
75450 0
75451 0
75452 0
75453 40
75454 4
75455 126
75456 0
75457 0
75458 0
75459 16
75460 0
75461 2
75462 8
75463 0
75464 180
75465 0
75466 0
75467 6
75468 0
75469 8
75470 20
75471 0
75472 0
75473 50
75474 4
75475 0
75476 0
75477 0
75478 0
75479 1134
75480 0
75481 0
75482 0
75483 0
75484 24
75485 2
75486 0
75487 0
75488 0
75489 8
75490 0
75491 6
75492 0
75493 0
75494 4
75495 0
75496 8
75497 2
75498 0
75499 16
75500 0
75501 0
75502 0
75503 350
75504 4
75505 0
75506 0
75507 0
75508 0
75509 10
75510 0
75511 0
75512 0
75513 16
75514 4
75515 86
75516 0
75517 0
75518 0
75519 1024
75520 0
75521 2
75522 0
75523 0
75524 4
75525 0
75526 0
75527 14
75528 0
75529 152
75530 8
75531 0
75532 0
75533 2
75534 4
75535 0
75536 44
75537 0
75538 0
75539 22
75540 0
75541 0
75542 0
75543 0
75544 4
75545 2
75546 20
75547 32
75548 0
75549 8
75550 0
75551 62
75552 0
75553 0
75554 4
75555 0
75556 0
75557 290
75558 0
75559 32
75560 0
75561 0
75562 0
75563 6
75564 68
75565 0
75566 0
75567 0
75568 0
75569 50
75570 0
75571 0
75572 0
75573 0
75574 4
75575 14
75576 0
75577 40
75578 0
75579 16
75580 0
75581 90
75582 0
75583 0
75584 4
75585 0
75586 0
75587 6
75588 0
75589 8
75590 0
75591 0
75592 0
75593 114
75594 28
75595 0
75596 0
75597 0
75598 8
75599 478
75600 0
75601 0
75602 20
75603 0
75604 4
75605 2
75606 0
75607 0
75608 20
75609 8
75610 0
75611 6
75612 0
75613 0
75614 4
75615 256
75616 0
75617 2
75618 0
75619 16
75620 0
75621 0
75622 0
75623 14
75624 4
75625 0
75626 0
75627 1008
75628 0
75629 10
75630 0
75631 0
75632 8
75633 0
75634 4
75635 86
75636 0
75637 0
75638 0
75639 192
75640 0
75641 2
75642 0
75643 0
75644 24
75645 0
75646 0
75647 254
75648 0
75649 24
75650 0
75651 0
75652 0
75653 2
75654 4
75655 0
75656 0
75657 0
75658 0
75659 118
75660 0
75661 0
75662 24
75663 0
75664 4
75665 2
75666 8
75667 0
75668 20
75669 8
75670 20
75671 14
75672 0
75673 0
75674 4
75675 0
75676 0
75677 2
75678 0
75679 128
75680 0
75681 0
75682 0
75683 38
75684 4
75685 0
75686 0
75687 0
75688 0
75689 10
75690 0
75691 224
75692 0
75693 0
75694 4
75695 30
75696 0
75697 0
75698 0
75699 16
75700 8
75701 962
75702 0
75703 0
75704 4
75705 0
75706 0
75707 6
75708 0
75709 8
75710 0
75711 0
75712 0
75713 2
75714 4
75715 0
75716 0
75717 16
75718 0
75719 46
75720 0
75721 0
75722 56
75723 0
75724 28
75725 50
75726 0
75727 0
75728 0
75729 8
75730 0
75731 6
75732 20
75733 0
75734 160
75735 0
75736 0
75737 2
75738 1056
75739 16
75740 0
75741 0
75742 0
75743 62
75744 4
75745 0
75746 0
75747 0
75748 0
75749 10
75750 0
75751 64
75752 36
75753 0
75754 4
75755 6
75756 0
75757 0
75758 0
75759 64
75760 0
75761 2
75762 0
75763 80
75764 4
75765 0
75766 0
75767 174
75768 8
75769 8
75770 0
75771 0
75772 0
75773 2
75774 4
75775 0
75776 0
75777 0
75778 0
75779 22
75780 0
75781 0
75782 0
75783 0
75784 4
75785 18
75786 0
75787 0
75788 24
75789 56
75790 0
75791 30
75792 0
75793 0
75794 24
75795 0
75796 0
75797 2
75798 0
75799 32
75800 20
75801 0
75802 8
75803 6
75804 4
75805 0
75806 0
75807 0
75808 0
75809 10
75810 0
75811 0
75812 1056
75813 0
75814 148
75815 14
75816 0
75817 0
75818 56
75819 48
75820 0
75821 2
75822 0
75823 0
75824 4
75825 40
75826 0
75827 6
75828 0
75829 8
75830 0
75831 0
75832 0
75833 42
75834 4
75835 0
75836 8
75837 0
75838 0
75839 382
75840 0
75841 0
75842 0
75843 0
75844 4
75845 2
75846 0
75847 0
75848 0
75849 968
75850 0
75851 326
75852 0
75853 16
75854 28
75855 0
75856 20
75857 2
75858 0
75859 16
75860 0
75861 0
75862 0
75863 14
75864 4
75865 0
75866 20
75867 0
75868 0
75869 10
75870 8
75871 0
75872 0
75873 0
75874 4
75875 6
75876 0
75877 0
75878 0
75879 32
75880 0
75881 2
75882 0
75883 0
75884 4
75885 0
75886 0
75887 478
75888 0
75889 8
75890 0
75891 0
75892 0
75893 2
75894 4
75895 0
75896 0
75897 0
75898 0
75899 102
75900 0
75901 0
75902 0
75903 0
75904 12
75905 2
75906 0
75907 0
75908 0
75909 8
75910 0
75911 14
75912 0
75913 0
75914 364
75915 0
75916 0
75917 2
75918 20
75919 448
75920 0
75921 16
75922 0
75923 1014
75924 4
75925 0
75926 0
75927 0
75928 0
75929 10
75930 0
75931 0
75932 20
75933 0
75934 4
75935 62
75936 0
75937 0
75938 8
75939 16
75940 0
75941 2
75942 0
75943 0
75944 4
75945 112
75946 0
75947 6
75948 0
75949 48
75950 0
75951 0
75952 0
75953 2
75954 4
75955 32
75956 0
75957 0
75958 0
75959 46
75960 0
75961 0
75962 0
75963 0
75964 4
75965 42
75966 0
75967 0
75968 0
75969 8
75970 0
75971 6
75972 8
75973 0
75974 4
75975 0
75976 0
75977 50
75978 0
75979 16
75980 76
75981 0
75982 0
75983 30
75984 76
75985 0
75986 0
75987 0
75988 0
75989 282
75990 0
75991 0
75992 0
75993 0
75994 4
75995 6
75996 0
75997 0
75998 20
75999 128
76000 0
76001 2
76002 0
76003 0
76004 4
76005 0
76006 8
76007 14
76008 0
76009 8
76010 0
76011 80
76012 0
76013 2
76014 4
76015 0
76016 0
76017 0
76018 0
76019 22
76020 0
76021 0
76022 0
76023 64
76024 4
76025 2
76026 0
76027 0
76028 0
76029 8
76030 0
76031 5630
76032 0
76033 0
76034 4
76035 0
76036 0
76037 2
76038 0
76039 32
76040 32
76041 0
76042 40
76043 6
76044 4
76045 0
76046 0
76047 0
76048 0
76049 250
76050 0
76051 0
76052 0
76053 0
76054 24
76055 14
76056 0
76057 16
76058 0
76059 16
76060 0
76061 2
76062 0
76063 0
76064 24
76065 0
76066 0
76067 6
76068 0
76069 8
76070 0
76071 1152
76072 56
76073 42
76074 12
76075 0
76076 0
76077 0
76078 0
76079 94
76080 0
76081 0
76082 0
76083 0
76084 4
76085 2
76086 0
76087 0
76088 0
76089 8
76090 0
76091 38
76092 0
76093 0
76094 40
76095 0
76096 0
76097 42
76098 0
76099 16
76100 0
76101 0
76102 0
76103 206
76104 24
76105 0
76106 0
76107 0
76108 8
76109 122
76110 0
76111 0
76112 0
76113 0
76114 28
76115 6
76116 0
76117 0
76118 0
76119 32
76120 0
76121 2
76122 0
76123 0
76124 4
76125 16
76126 0
76127 62
76128 0
76129 8
76130 20
76131 0
76132 0
76133 2
76134 4
76135 160
76136 0
76137 0
76138 252
76139 22
76140 0
76141 0
76142 8
76143 0
76144 4
76145 2
76146 0
76147 0
76148 0
76149 8
76150 0
76151 14
76152 0
76153 0
76154 4
76155 0
76156 0
76157 2
76158 0
76159 1536
76160 0
76161 0
76162 0
76163 86
76164 4
76165 0
76166 116
76167 0
76168 0
76169 10
76170 0
76171 0
76172 0
76173 0
76174 4
76175 30
76176 8
76177 0
76178 0
76179 112
76180 0
76181 2
76182 0
76183 0
76184 4
76185 0
76186 0
76187 6
76188 0
76189 8
76190 0
76191 0
76192 0
76193 18
76194 4
76195 0
76196 20
76197 40
76198 0
76199 494
76200 0
76201 0
76202 0
76203 0
76204 4
76205 2
76206 0
76207 0
76208 0
76209 8
76210 8
76211 6
76212 0
76213 0
76214 4
76215 0
76216 0
76217 2
76218 0
76219 16
76220 0
76221 0
76222 0
76223 126
76224 4
76225 0
76226 0
76227 32
76228 20
76229 98
76230 0
76231 0
76232 0
76233 0
76234 4
76235 6
76236 0
76237 0
76238 56
76239 64
76240 0
76241 2
76242 0
76243 0
76244 164
76245 0
76246 0
76247 14
76248 0
76249 8
76250 0
76251 0
76252 0
76253 2
76254 4
76255 0
76256 0
76257 0
76258 0
76259 1142
76260 0
76261 16
76262 20
76263 0
76264 4
76265 74
76266 0
76267 0
76268 0
76269 8
76270 0
76271 30
76272 0
76273 0
76274 4
76275 0
76276 0
76277 2
76278 8
76279 32
76280 0
76281 0
76282 0
76283 6
76284 4
76285 0
76286 0
76287 0
76288 0
76289 10
76290 20
76291 0
76292 24
76293 0
76294 4
76295 238
76296 0
76297 0
76298 0
76299 16
76300 0
76301 2
76302 0
76303 0
76304 4
76305 0
76306 0
76307 6
76308 0
76309 56
76310 0
76311 0
76312 8
76313 2
76314 4
76315 0
76316 0
76317 0
76318 0
76319 190
76320 0
76321 40
76322 0
76323 0
76324 4
76325 2
76326 56
76327 0
76328 164
76329 24
76330 0
76331 6
76332 0
76333 0
76334 4
76335 0
76336 0
76337 2
76338 0
76339 16
76340 0
76341 0
76342 0
76343 14
76344 4
76345 0
76346 8
76347 0
76348 0
76349 10
76350 0
76351 0
76352 20
76353 0
76354 4
76355 102
76356 0
76357 0
76358 0
76359 32
76360 0
76361 42
76362 0
76363 32
76364 4
76365 0
76366 0
76367 926
76368 0
76369 8
76370 0
76371 0
76372 0
76373 2
76374 28
76375 0
76376 0
76377 0
76378 0
76379 22
76380 8
76381 0
76382 0
76383 1280
76384 4
76385 2
76386 0
76387 0
76388 0
76389 8
76390 0
76391 14
76392 0
76393 0
76394 24
76395 0
76396 0
76397 18
76398 0
76399 64
76400 0
76401 0
76402 0
76403 6
76404 4
76405 0
76406 0
76407 0
76408 0
76409 10
76410 0
76411 0
76412 0
76413 0
76414 32
76415 254
76416 0
76417 0
76418 24
76419 16
76420 0
76421 2
76422 0
76423 0
76424 4
76425 0
76426 0
76427 86
76428 0
76429 8
76430 0
76431 128
76432 0
76433 2
76434 4
76435 0
76436 252
76437 0
76438 0
76439 1774
76440 0
76441 0
76442 0
76443 0
76444 4
76445 42
76446 0
76447 0
76448 8
76449 8
76450 0
76451 6
76452 0
76453 2016
76454 4
76455 0
76456 0
76457 2
76458 0
76459 16
76460 1760
76461 0
76462 0
76463 30
76464 24
76465 16
76466 0
76467 1872
76468 0
76469 10
76470 0
76471 0
76472 0
76473 0
76474 4
76475 6
76476 20
76477 0
76478 0
76479 256
76480 0
76481 50
76482 8
76483 0
76484 4
76485 0
76486 0
76487 14
76488 0
76489 8
76490 0
76491 0
76492 0
76493 42
76494 4
76495 2112
76496 56
76497 0
76498 0
76499 566
76500 0
76501 0
76502 0
76503 0
76504 28
76505 2
76506 0
76507 80
76508 0
76509 8
76510 0
76511 62
76512 0
76513 0
76514 4
76515 0
76516 8
76517 2
76518 0
76519 32
76520 0
76521 0
76522 0
76523 6
76524 4
76525 0
76526 20
76527 0
76528 0
76529 10
76530 0
76531 0
76532 0
76533 16
76534 4
76535 14
76536 0
76537 0
76538 20
76539 16
76540 0
76541 2
76542 0
76543 0
76544 28
76545 0
76546 0
76547 6
76548 0
76549 8
76550 8
76551 0
76552 0
76553 2
76554 4
76555 0
76556 0
76557 0
76558 0
76559 414
76560 0
76561 0
76562 0
76563 0
76564 4
76565 2
76566 0
76567 64
76568 0
76569 96
76570 0
76571 6
76572 0
76573 0
76574 4
76575 0
76576 0
76577 2
76578 0
76579 16
76580 56
76581 0
76582 0
76583 14
76584 12
76585 288
76586 0
76587 0
76588 0
76589 10
76590 0
76591 0
76592 20
76593 0
76594 4
76595 6
76596 0
76597 0
76598 0
76599 32
76600 20
76601 18
76602 0
76603 0
76604 4
76605 0
76606 0
76607 3966
76608 0
76609 8
76610 0
76611 0
76612 0
76613 2
76614 4
76615 0
76616 0
76617 0
76618 8
76619 22
76620 0
76621 0
76622 0
76623 0
76624 4
76625 154
76626 0
76627 0
76628 0
76629 8
76630 0
76631 174
76632 0
76633 0
76634 124
76635 32
76636 0
76637 2
76638 0
76639 128
76640 0
76641 0
76642 0
76643 6
76644 4
76645 0
76646 0
76647 0
76648 0
76649 514
76650 0
76651 0
76652 8
76653 0
76654 4
76655 30
76656 0
76657 0
76658 20
76659 16
76660 0
76661 2
76662 20
76663 0
76664 4
76665 0
76666 0
76667 6
76668 0
76669 64
76670 24
76671 0
76672 0
76673 2
76674 4
76675 0
76676 0
76677 0
76678 0
76679 46
76680 0
76681 0
76682 0
76683 0
76684 4
76685 2
76686 8
76687 0
76688 0
76689 8
76690 0
76691 86
76692 0
76693 40
76694 4
76695 0
76696 0
76697 2
76698 0
76699 112
76700 0
76701 0
76702 0
76703 318
76704 4
76705 0
76706 0
76707 224
76708 0
76709 10
76710 0
76711 0
76712 0
76713 0
76714 4
76715 6
76716 0
76717 0
76718 0
76719 64
76720 8
76721 2
76722 0
76723 0
76724 684
76725 0
76726 0
76727 14
76728 0
76729 8
76730 0
76731 0
76732 0
76733 50
76734 4
76735 0
76736 0
76737 16
76738 0
76739 22
76740 0
76741 0
76742 0
76743 0
76744 4
76745 2
76746 0
76747 0
76748 0
76749 8
76750 0
76751 30
76752 0
76753 0
76754 196
76755 80
76756 0
76757 42
76758 0
76759 32
76760 0
76761 0
76762 0
76763 6
76764 28
76765 0
76766 0
76767 0
76768 0
76769 10
76770 0
76771 32
76772 0
76773 0
76774 4
76775 14
76776 0
76777 0
76778 36
76779 16
76780 0
76781 2
76782 0
76783 0
76784 4
76785 0
76786 20
76787 6
76788 8
76789 8
76790 20
76791 0
76792 0
76793 2
76794 4
76795 0
76796 24
76797 0
76798 0
76799 6142
76800 0
76801 0
76802 0
76803 0
76804 4
76805 18
76806 0
76807 0
76808 0
76809 8
76810 0
76811 6
76812 0
76813 0
76814 4
76815 0
76816 0
76817 42
76818 0
76819 16
76820 0
76821 0
76822 8
76823 174
76824 4
76825 0
76826 0
76827 0
76828 0
76829 58
76830 0
76831 0
76832 0
76833 0
76834 60
76835 6
76836 0
76837 0
76838 0
76839 96
76840 0
76841 2
76842 144
76843 0
76844 4
76845 0
76846 0
76847 30
76848 20
76849 8
76850 0
76851 0
76852 0
76853 2
76854 4
76855 0
76856 28
76857 0
76858 0
76859 118
76860 0
76861 0
76862 0
76863 0
76864 4
76865 2
76866 0
76867 0
76868 0
76869 8
76870 0
76871 14
76872 0
76873 16
76874 484
76875 0
76876 0
76877 2
76878 0
76879 384
76880 0
76881 0
76882 0
76883 230
76884 4
76885 0
76886 0
76887 0
76888 0
76889 50
76890 8
76891 0
76892 0
76893 0
76894 76
76895 62
76896 0
76897 0
76898 0
76899 16
76900 0
76901 2
76902 0
76903 0
76904 4
76905 0
76906 0
76907 38
76908 0
76909 8
76910 20
76911 0
76912 0
76913 2
76914 4
76915 0
76916 0
76917 0
76918 0
76919 46
76920 0
76921 0
76922 44
76923 0
76924 12
76925 2
76926 0
76927 0
76928 0
76929 8
76930 0
76931 6
76932 0
76933 0
76934 4
76935 0
76936 0
76937 2
76938 0
76939 16
76940 0
76941 56
76942 0
76943 30
76944 4
76945 0
76946 0
76947 0
76948 0
76949 514
76950 0
76951 0
76952 0
76953 0
76954 4
76955 86
76956 0
76957 0
76958 8
76959 896
76960 0
76961 114
76962 0
76963 0
76964 4
76965 0
76966 0
76967 14
76968 0
76969 8
76970 0
76971 0
76972 20
76973 2
76974 4
76975 128
76976 0
76977 0
76978 0
76979 22
76980 0
76981 0
76982 0
76983 0
76984 4
76985 194
76986 0
76987 0
76988 20
76989 8
76990 0
76991 126
76992 8
76993 0
76994 4
76995 0
76996 0
76997 2
76998 0
76999 32
77000 0
77001 0
77002 0
77003 86
77004 4
77005 0
77006 0
77007 0
77008 0
77009 282
77010 0
77011 0
77012 56
77013 0
77014 4
77015 14
77016 0
77017 0
77018 0
77019 16
77020 0
77021 42
77022 0
77023 0
77024 28
77025 0
77026 8
77027 6
77028 0
77029 8
77030 0
77031 0
77032 0
77033 2
77034 24
77035 0
77036 0
77037 0
77038 0
77039 94
77040 0
77041 0
77042 0
77043 32
77044 4
77045 2
77046 0
77047 0
77048 24
77049 8
77050 0
77051 6
77052 0
77053 0
77054 24
77055 0
77056 0
77057 2
77058 0
77059 16
77060 8
77061 0
77062 0
77063 14
77064 4
77065 80
77066 0
77067 0
77068 0
77069 10
77070 0
77071 0
77072 0
77073 0
77074 4
77075 6
77076 0
77077 16
77078 0
77079 192
77080 0
77081 2
77082 0
77083 0
77084 4
77085 0
77086 0
77087 702
77088 56
77089 56
77090 0
77091 0
77092 0
77093 2
77094 12
77095 0
77096 20
77097 0
77098 0
77099 854
77100 0
77101 0
77102 0
77103 0
77104 4
77105 2
77106 0
77107 0
77108 0
77109 8
77110 0
77111 270
77112 0
77113 0
77114 4
77115 0
77116 0
77117 2
77118 0
77119 256
77120 56
77121 0
77122 0
77123 6
77124 4
77125 0
77126 0
77127 160
77128 8
77129 10
77130 0
77131 0
77132 0
77133 0
77134 4
77135 30
77136 0
77137 0
77138 0
77139 16
77140 0
77141 114
77142 0
77143 0
77144 4
77145 16
77146 0
77147 6
77148 0
77149 8
77150 0
77151 0
77152 0
77153 42
77154 28
77155 0
77156 0
77157 0
77158 20
77159 46
77160 252
77161 0
77162 8
77163 0
77164 4
77165 2
77166 0
77167 0
77168 0
77169 8
77170 0
77171 6
77172 0
77173 0
77174 28
77175 0
77176 0
77177 2
77178 132
77179 48
77180 0
77181 0
77182 0
77183 254
77184 4
77185 0
77186 20
77187 0
77188 0
77189 50
77190 0
77191 0
77192 0
77193 0
77194 4
77195 6
77196 8
77197 0
77198 0
77199 64
77200 0
77201 2
77202 0
77203 0
77204 4
77205 0
77206 0
77207 14
77208 0
77209 8
77210 0
77211 0
77212 0
77213 18
77214 4
77215 1792
77216 0
77217 0
77218 0
77219 582
77220 20
77221 0
77222 0
77223 0
77224 4
77225 2
77226 0
77227 0
77228 0
77229 8
77230 8
77231 30
77232 0
77233 0
77234 4
77235 0
77236 0
77237 50
77238 0
77239 32
77240 0
77241 0
77242 0
77243 6
77244 4
77245 0
77246 0
77247 512
77248 0
77249 10
77250 0
77251 80
77252 20
77253 0
77254 4
77255 14
77256 0
77257 0
77258 0
77259 16
77260 0
77261 2
77262 0
77263 0
77264 140
77265 0
77266 0
77267 6
77268 0
77269 8
77270 56
77271 0
77272 0
77273 2
77274 4
77275 0
77276 0
77277 0
77278 0
77279 190
77280 0
77281 16
77282 20
77283 0
77284 48
77285 42
77286 0
77287 0
77288 0
77289 8
77290 0
77291 150
77292 0
77293 0
77294 4
77295 0
77296 0
77297 2
77298 8
77299 16
77300 24
77301 0
77302 0
77303 14
77304 4
77305 0
77306 0
77307 0
77308 0
77309 10
77310 0
77311 0
77312 0
77313 40
77314 4
77315 38
77316 0
77317 0
77318 20
77319 32
77320 0
77321 2
77322 0
77323 0
77324 4
77325 0
77326 0
77327 30
77328 0
77329 8
77330 0
77331 0
77332 8
77333 2
77334 4
77335 0
77336 0
77337 0
77338 0
77339 22
77340 0
77341 0
77342 56
77343 0
77344 24
77345 2
77346 0
77347 0
77348 0
77349 168
77350 0
77351 174
77352 0
77353 0
77354 4
77355 0
77356 144
77357 2
77358 0
77359 64
77360 0
77361 0
77362 0
77363 102
77364 4
77365 0
77366 8
77367 0
77368 0
77369 10
77370 0
77371 0
77372 0
77373 0
77374 4
77375 1406
77376 0
77377 0
77378 0
77379 16
77380 0
77381 2
77382 0
77383 64
77384 24
77385 0
77386 0
77387 6
77388 0
77389 8
77390 0
77391 0
77392 0
77393 2
77394 4
77395 0
77396 0
77397 0
77398 0
77399 494
77400 8
77401 0
77402 0
77403 0
77404 4
77405 2
77406 40
77407 0
77408 0
77409 8
77410 0
77411 6
77412 0
77413 0
77414 28
77415 0
77416 0
77417 58
77418 0
77419 16
77420 0
77421 0
77422 0
77423 30
77424 4
77425 0
77426 24
77427 0
77428 0
77429 10
77430 0
77431 0
77432 0
77433 0
77434 12
77435 6
77436 0
77437 40
77438 0
77439 512
77440 0
77441 2
77442 0
77443 0
77444 4
77445 0
77446 0
77447 14
77448 0
77449 8
77450 20
77451 32
77452 0
77453 362
77454 4
77455 0
77456 0
77457 0
77458 0
77459 22
77460 0
77461 0
77462 252
77463 0
77464 4
77465 2
77466 0
77467 0
77468 28
77469 120
77470 0
77471 62
77472 0
77473 0
77474 4
77475 0
77476 0
77477 2
77478 0
77479 224
77480 0
77481 0
77482 0
77483 86
77484 4
77485 16
77486 0
77487 0
77488 0
77489 98
77490 0
77491 0
77492 0
77493 0
77494 4
77495 14
77496 0
77497 0
77498 0
77499 96
77500 0
77501 2
77502 8
77503 0
77504 4
77505 0
77506 0
77507 6
77508 0
77509 8
77510 0
77511 0
77512 0
77513 2
77514 4
77515 0
77516 20
77517 0
77518 0
77519 2270
77520 0
77521 0
77522 0
77523 0
77524 4
77525 2
77526 0
77527 0
77528 56
77529 8
77530 20
77531 6
77532 0
77533 0
77534 4
77535 0
77536 8
77537 2
77538 0
77539 16
77540 0
77541 0
77542 0
77543 14
77544 28
77545 0
77546 0
77547 0
77548 0
77549 50
77550 0
77551 0
77552 24
77553 16
77554 4
77555 6
77556 0
77557 0
77558 0
77559 32
77560 0
77561 42
77562 0
77563 0
77564 4
77565 0
77566 0
77567 510
77568 0
77569 8
77570 8
77571 0
77572 0
77573 2
77574 4
77575 0
77576 0
77577 0
77578 0
77579 22
77580 0
77581 0
77582 20
77583 0
77584 4
77585 2
77586 0
77587 32
77588 0
77589 8
77590 0
77591 14
77592 20
77593 0
77594 4
77595 0
77596 56
77597 2
77598 0
77599 128
77600 0
77601 0
77602 0
77603 6
77604 12
77605 0
77606 0
77607 0
77608 0
77609 58
77610 0
77611 0
77612 0
77613 288
77614 4
77615 734
77616 0
77617 0
77618 0
77619 16
77620 0
77621 18
77622 0
77623 160
77624 4
77625 0
77626 0
77627 6
77628 0
77629 8
77630 0
77631 0
77632 0
77633 74
77634 4
77635 0
77636 0
77637 0
77638 8
77639 46
77640 0
77641 0
77642 0
77643 0
77644 4
77645 2
77646 0
77647 0
77648 20
77649 8
77650 0
77651 6
77652 0
77653 0
77654 24
77655 64
77656 0
77657 114
77658 0
77659 16
77660 0
77661 0
77662 0
77663 62
77664 4
77665 0
77666 0
77667 0
77668 0
77669 10
77670 0
77671 3744
77672 8
77673 0
77674 28
77675 6
77676 0
77677 0
77678 24
77679 64
77680 0
77681 42
77682 0
77683 0
77684 4
77685 40
77686 0
77687 14
77688 0
77689 24
77690 0
77691 0
77692 0
77693 2
77694 24
77695 0
77696 0
77697 0
77698 0
77699 22
77700 0
77701 0
77702 0
77703 0
77704 4
77705 2
77706 8
77707 0
77708 0
77709 8
77710 0
77711 30
77712 0
77713 0
77714 24
77715 0
77716 20
77717 2
77718 0
77719 32
77720 0
77721 0
77722 0
77723 262
77724 4
77725 0
77726 0
77727 0
77728 0
77729 10
77730 0
77731 0
77732 0
77733 0
77734 4
77735 14
77736 0
77737 0
77738 0
77739 112
77740 8
77741 50
77742 0
77743 0
77744 4
77745 0
77746 0
77747 1926
77748 0
77749 8
77750 0
77751 0
77752 0
77753 2
77754 4
77755 0
77756 0
77757 16
77758 0
77759 382
77760 0
77761 0
77762 0
77763 0
77764 4
77765 2
77766 0
77767 0
77768 0
77769 8
77770 0
77771 6
77772 0
77773 0
77774 140
77775 0
77776 0
77777 2
77778 20
77779 16
77780 20
77781 0
77782 0
77783 14
77784 4
77785 2112
77786 56
77787 0
77788 0
77789 10
77790 0
77791 256
77792 0
77793 0
77794 4
77795 6
77796 0
77797 0
77798 0
77799 32
77800 0
77801 2
77802 0
77803 0
77804 2104
77805 0
77806 0
77807 30
77808 8
77809 48
77810 0
77811 0
77812 0
77813 42
77814 4
77815 0
77816 0
77817 0
77818 0
77819 22
77820 0
77821 0
77822 0
77823 0
77824 4
77825 18
77826 0
77827 0
77828 0
77829 8
77830 0
77831 14
77832 0
77833 0
77834 4
77835 0
77836 0
77837 2
77838 0
77839 64
77840 20
77841 0
77842 2072
77843 6
77844 4
77845 0
77846 20
77847 0
77848 0
77849 10
77850 56
77851 0
77852 0
77853 0
77854 4
77855 62
77856 0
77857 0
77858 0
77859 48
77860 0
77861 2114
77862 0
77863 0
77864 4
77865 0
77866 0
77867 102
77868 0
77869 56
77870 144
77871 320
77872 0
77873 2
77874 4
77875 0
77876 8
77877 0
77878 0
77879 206
77880 0
77881 0
77882 0
77883 0
77884 4
77885 2
77886 0
77887 0
77888 0
77889 8
77890 0
77891 6
77892 0
77893 16
77894 4
77895 0
77896 0
77897 2
77898 0
77899 1936
77900 0
77901 0
77902 20
77903 30
77904 4
77905 0
77906 0
77907 0
77908 0
77909 10
77910 8
77911 0
77912 20
77913 0
77914 4
77915 230
77916 0
77917 0
77918 0
77919 128
77920 0
77921 2
77922 0
77923 0
77924 4
77925 0
77926 0
77927 78
77928 0
77929 8
77930 24
77931 0
77932 0
77933 42
77934 208
77935 0
77936 0
77937 0
77938 0
77939 22
77940 0
77941 0
77942 0
77943 0
77944 12
77945 42
77946 0
77947 0
77948 0
77949 8
77950 0
77951 254
77952 0
77953 0
77954 4
77955 0
77956 0
77957 2
77958 0
77959 32
77960 0
77961 16
77962 0
77963 6
77964 24
77965 0
77966 0
77967 0
77968 0
77969 10
77970 0
77971 0
77972 0
77973 0
77974 4
77975 2030
77976 0
77977 112
77978 28
77979 16
77980 0
77981 2
77982 0
77983 0
77984 4
77985 0
77986 0
77987 6
77988 0
77989 8
77990 0
77991 0
77992 0
77993 50
77994 4
77995 112
77996 0
77997 0
77998 0
77999 478
78000 0
78001 0
78002 0
78003 0
78004 4
78005 2
78006 0
78007 0
78008 0
78009 8
78010 0
78011 86
78012 8
78013 0
78014 4
78015 0
78016 0
78017 2
78018 0
78019 16
78020 0
78021 0
78022 0
78023 14
78024 4
78025 0
78026 20
78027 0
78028 0
78029 282
78030 0
78031 0
78032 0
78033 0
78034 4
78035 6
78036 0
78037 0
78038 0
78039 32
78040 0
78041 2
78042 0
78043 0
78044 80
78045 0
78046 8
78047 62
78048 0
78049 8
78050 0
78051 0
78052 0
78053 2
78054 4
78055 0
78056 24
78057 40
78058 0
78059 22
78060 0
78061 0
78062 0
78063 128
78064 28
78065 2
78066 0
78067 0
78068 0
78069 8
78070 0
78071 14
78072 0
78073 0
78074 4
78075 0
78076 0
78077 42
78078 0
78079 1024
78080 8
78081 0
78082 0
78083 6
78084 4
78085 0
78086 0
78087 0
78088 40
78089 10
78090 0
78091 0
78092 0
78093 0
78094 4
78095 30
78096 0
78097 16
78098 0
78099 16
78100 0
78101 2
78102 0
78103 0
78104 80
78105 0
78106 0
78107 6
78108 0
78109 8
78110 20
78111 0
78112 0
78113 2
78114 12
78115 0
78116 0
78117 0
78118 0
78119 398
78120 0
78121 0
78122 0
78123 0
78124 4
78125 2
78126 0
78127 2304
78128 0
78129 56
78130 0
78131 38
78132 0
78133 0
78134 4
78135 0
78136 0
78137 2
78138 0
78139 16
78140 0
78141 0
78142 0
78143 1406
78144 4
78145 0
78146 36
78147 0
78148 8
78149 10
78150 20
78151 0
78152 0
78153 0
78154 4
78155 6
78156 0
78157 0
78158 0
78159 64
78160 0
78161 2
78162 0
78163 0
78164 4
78165 16
78166 0
78167 14
78168 0
78169 8
78170 0
78171 0
78172 0
78173 114
78174 4
78175 0
78176 20
78177 0
78178 0
78179 22
78180 0
78181 40
78182 284
78183 0
78184 4
78185 2
78186 0
78187 0
78188 0
78189 8
78190 0
78191 30
78192 0
78193 0
78194 28
78195 0
78196 0
78197 2
78198 0
78199 96
78200 0
78201 0
78202 0
78203 6
78204 4
78205 0
78206 0
78207 0
78208 0
78209 50
78210 0
78211 0
78212 20
78213 0
78214 4
78215 14
78216 8
78217 0
78218 0
78219 16
78220 0
78221 2
78222 0
78223 0
78224 4
78225 0
78226 0
78227 6
78228 0
78229 8
78230 0
78231 448
78232 0
78233 18
78234 4
78235 0
78236 0
78237 0
78238 0
78239 190
78240 0
78241 0
78242 20
78243 80
78244 4
78245 50
78246 0
78247 0
78248 0
78249 8
78250 8
78251 6
78252 0
78253 0
78254 4
78255 0
78256 0
78257 2
78258 0
78259 304
78260 0
78261 0
78262 0
78263 14
78264 4
78265 0
78266 0
78267 32
78268 0
78269 10
78270 0
78271 0
78272 0
78273 0
78274 24
78275 86
78276 0
78277 0
78278 0
78279 32
78280 0
78281 2
78282 0
78283 0
78284 140
78285 0
78286 0
78287 30
78288 0
78289 8
78290 0
78291 0
78292 0
78293 2
78294 4
78295 0
78296 0
78297 0
78298 0
78299 22
78300 0
78301 16
78302 56
78303 0
78304 4
78305 42
78306 0
78307 0
78308 44
78309 48
78310 0
78311 14
78312 0
78313 0
78314 4
78315 0
78316 0
78317 74
78318 8
78319 64
78320 0
78321 0
78322 0
78323 6
78324 28
78325 0
78326 0
78327 0
78328 0
78329 10
78330 0
78331 0
78332 0
78333 0
78334 4
78335 5118
78336 20
78337 0
78338 0
78339 16
78340 0
78341 42
78342 0
78343 0
78344 4
78345 0
78346 0
78347 6
78348 0
78349 8
78350 0
78351 0
78352 8
78353 2
78354 4
78355 0
78356 0
78357 0
78358 56
78359 46
78360 0
78361 0
78362 0
78363 0
78364 4
78365 2
78366 0
78367 640
78368 0
78369 24
78370 0
78371 102
78372 0
78373 0
78374 24
78375 0
78376 0
78377 2
78378 0
78379 16
78380 0
78381 0
78382 0
78383 30
78384 148
78385 0
78386 8
78387 0
78388 0
78389 250
78390 0
78391 0
78392 0
78393 0
78394 4
78395 6
78396 0
78397 0
78398 20
78399 256
78400 0
78401 2
78402 0
78403 32
78404 4
78405 0
78406 0
78407 174
78408 0
78409 8
78410 0
78411 0
78412 0
78413 2
78414 4
78415 0
78416 0
78417 0
78418 0
78419 22
78420 8
78421 0
78422 0
78423 0
78424 4
78425 2
78426 0
78427 0
78428 0
78429 88
78430 0
78431 1854
78432 0
78433 0
78434 28
78435 0
78436 0
78437 18
78438 0
78439 32
78440 20
78441 0
78442 0
78443 6
78444 4
78445 0
78446 0
78447 0
78448 0
78449 10
78450 0
78451 0
78452 0
78453 0
78454 36
78455 14
78456 0
78457 0
78458 0
78459 16
78460 20
78461 2
78462 0
78463 0
78464 4
78465 0
78466 0
78467 6
78468 0
78469 8
78470 0
78471 64
78472 0
78473 42
78474 4
78475 0
78476 0
78477 0
78478 0
78479 94
78480 0
78481 0
78482 0
78483 0
78484 4
78485 114
78486 0
78487 0
78488 260
78489 8
78490 0
78491 86
78492 0
78493 0
78494 4
78495 0
78496 0
78497 50
78498 0
78499 16
78500 0
78501 0
78502 0
78503 14
78504 4
78505 16
78506 20
78507 0
78508 0
78509 10
78510 0
78511 0
78512 0
78513 0
78514 24
78515 6
78516 0
78517 0
78518 0
78519 224
78520 0
78521 2
78522 28
78523 0
78524 4
78525 0
78526 0
78527 126
78528 0
78529 8
78530 0
78531 0
78532 0
78533 2
78534 4
78535 0
78536 0
78537 0
78538 0
78539 646
78540 0
78541 0
78542 0
78543 0
78544 136
78545 2
78546 0
78547 0
78548 0
78549 8
78550 0
78551 14
78552 0
78553 40
78554 4
78555 0
78556 8
78557 2
78558 0
78559 128
78560 80
78561 0
78562 0
78563 6
78564 4
78565 0
78566 0
78567 0
78568 0
78569 10
78570 0
78571 0
78572 20
78573 16
78574 4
78575 30
78576 0
78577 0
78578 0
78579 16
78580 0
78581 2
78582 0
78583 0
78584 48
78585 0
78586 0
78587 6
78588 0
78589 8
78590 8
78591 0
78592 0
78593 2
78594 4
78595 0
78596 0
78597 0
78598 0
78599 46
78600 0
78601 0
78602 0
78603 0
78604 4
78605 42
78606 0
78607 128
78608 0
78609 8
78610 0
78611 6
78612 56
78613 0
78614 4
78615 160
78616 0
78617 2
78618 0
78619 16
78620 0
78621 0
78622 0
78623 3134
78624 12
78625 0
78626 0
78627 0
78628 0
78629 10
78630 0
78631 0
78632 0
78633 0
78634 4
78635 6
78636 0
78637 0
78638 20
78639 64
78640 0
78641 2610
78642 0
78643 0
78644 4
78645 0
78646 20
78647 2702
78648 0
78649 56
78650 0
78651 0
78652 0
78653 2
78654 4
78655 0
78656 0
78657 0
78658 8
78659 166
78660 0
78661 0
78662 0
78663 0
78664 4
78665 2
78666 0
78667 0
78668 0
78669 8
78670 0
78671 350
78672 0
78673 0
78674 4
78675 32
78676 0
78677 42
78678 0
78679 32
78680 0
78681 0
78682 0
78683 6
78684 4
78685 0
78686 24
78687 0
78688 0
78689 122
78690 0
78691 0
78692 8
78693 504
78694 4
78695 14
78696 0
78697 0
78698 0
78699 16
78700 0
78701 2
78702 0
78703 0
78704 24
78705 0
78706 0
78707 6
78708 20
78709 24
78710 0
78711 0
78712 0
78713 2
78714 76
78715 0
78716 0
78717 0
78718 0
78719 3326
78720 0
78721 0
78722 0
78723 0
78724 4
78725 2
78726 8
78727 0
78728 0
78729 8
78730 0
78731 6
78732 0
78733 0
78734 4
78735 0
78736 0
78737 42
78738 0
78739 320
78740 0
78741 0
78742 0
78743 78
78744 4
78745 0
78746 0
78747 0
78748 0
78749 58
78750 0
78751 0
78752 0
78753 0
78754 4
78755 6
78756 0
78757 0
78758 0
78759 32
78760 8
78761 2
78762 0
78763 0
78764 4
78765 0
78766 0
78767 30
78768 0
78769 8
78770 480
78771 0
78772 0
78773 2
78774 4
78775 0
78776 0
78777 16
78778 0
78779 118
78780 0
78781 0
78782 0
78783 0
78784 4
78785 2
78786 0
78787 0
78788 0
78789 8
78790 0
78791 14
78792 0
78793 0
78794 140
78795 0
78796 0
78797 2
78798 0
78799 64
78800 0
78801 40
78802 0
78803 86
78804 4
78805 0
78806 0
78807 0
78808 0
78809 10
78810 0
78811 32
78812 24
78813 0
78814 4
78815 62
78816 0
78817 0
78818 56
78819 16
78820 0
78821 2
78822 0
78823 0
78824 4
78825 0
78826 0
78827 6
78828 8
78829 8
78830 36
78831 0
78832 20
78833 2
78834 4
78835 0
78836 20
78837 0
78838 0
78839 46
78840 0
78841 0
78842 0
78843 0
78844 28
78845 18
78846 0
78847 0
78848 0
78849 8
78850 0
78851 6
78852 0
78853 0
78854 4
78855 0
78856 0
78857 2
78858 0
78859 16
78860 0
78861 0
78862 8
78863 350
78864 4
78865 0
78866 56
78867 0
78868 0
78869 50
78870 0
78871 0
78872 0
78873 0
78874 4
78875 102
78876 0
78877 0
78878 0
78879 384
78880 0
78881 2
78882 0
78883 0
78884 4
78885 0
78886 0
78887 14
78888 0
78889 8
78890 0
78891 0
78892 0
78893 2
78894 24
78895 0
78896 8
78897 0
78898 144
78899 22
78900 0
78901 0
78902 20
78903 0
78904 4
78905 2
78906 0
78907 0
78908 0
78909 56
78910 0
78911 126
78912 0
78913 16
78914 4
78915 0
78916 0
78917 2
78918 0
78919 32
78920 0
78921 0
78922 0
78923 6
78924 484
78925 40
78926 0
78927 0
78928 0
78929 10
78930 8
78931 0
78932 0
78933 0
78934 4
78935 174
78936 0
78937 0
78938 24
78939 16
78940 0
78941 2
78942 0
78943 0
78944 4
78945 0
78946 0
78947 262
78948 0
78949 8
78950 0
78951 0
78952 0
78953 2
78954 4
78955 0
78956 20
78957 0
78958 0
78959 94
78960 0
78961 0
78962 0
78963 0
78964 12
78965 2
78966 0
78967 0
78968 20
78969 8
78970 0
78971 6
78972 0
78973 0
78974 124
78975 0
78976 0
78977 2
78978 0
78979 16
78980 0
78981 16
78982 0
78983 14
78984 4
78985 0
78986 0
78987 80
78988 0
78989 10
78990 0
78991 0
78992 0
78993 112
78994 4
78995 6
78996 0
78997 0
78998 8
78999 32
79000 0
79001 594
79002 0
79003 0
79004 4
79005 0
79006 0
79007 62
79008 0
79009 8
79010 0
79011 0
79012 0
79013 2
79014 4
79015 64
79016 0
79017 0
79018 20
79019 22
79020 0
79021 0
79022 0
79023 0
79024 4
79025 2
79026 0
79027 0
79028 0
79029 8
79030 0
79031 14
79032 8
79033 0
79034 24
79035 0
79036 0
79037 2
79038 0
79039 1792
79040 0
79041 0
79042 0
79043 6
79044 4
79045 0
79046 0
79047 0
79048 0
79049 322
79050 0
79051 0
79052 0
79053 0
79054 4
79055 30
79056 0
79057 0
79058 0
79059 16
79060 0
79061 2
79062 0
79063 0
79064 28
79065 0
79066 8
79067 86
79068 0
79069 8
79070 0
79071 0
79072 0
79073 2
79074 4
79075 0
79076 56
79077 0
79078 0
79079 46
79080 20
79081 0
79082 0
79083 32
79084 4
79085 2
79086 0
79087 0
79088 0
79089 8
79090 0
79091 6
79092 0
79093 0
79094 4
79095 0
79096 0
79097 2
79098 0
79099 16
79100 28
79101 0
79102 0
79103 510
79104 28
79105 0
79106 0
79107 0
79108 0
79109 10
79110 0
79111 320
79112 0
79113 0
79114 4
79115 6
79116 0
79117 16
79118 0
79119 64
79120 56
79121 2
79122 0
79123 0
79124 4
79125 0
79126 0
79127 206
79128 0
79129 48
79130 0
79131 0
79132 0
79133 42
79134 12
79135 0
79136 0
79137 0
79138 0
79139 22
79140 0
79141 0
79142 20
79143 0
79144 4
79145 2
79146 0
79147 0
79148 0
79149 8
79150 0
79151 158
79152 0
79153 0
79154 4
79155 576
79156 0
79157 2
79158 0
79159 32
79160 0
79161 0
79162 0
79163 6
79164 4
79165 0
79166 20
79167 0
79168 8
79169 442
79170 0
79171 0
79172 36
79173 40
79174 4
79175 14
79176 0
79177 0
79178 0
79179 16
79180 0
79181 2
79182 0
79183 0
79184 4
79185 16
79186 0
79187 6
79188 0
79189 8
79190 24
79191 0
79192 0
79193 2
79194 4
79195 0
79196 0
79197 0
79198 468
79199 830
79200 0
79201 0
79202 8
79203 0
79204 276
79205 114
79206 0
79207 0
79208 0
79209 8
79210 0
79211 6
79212 0
79213 0
79214 4
79215 0
79216 0
79217 2
79218 0
79219 48
79220 0
79221 0
79222 0
79223 14
79224 4
79225 0
79226 0
79227 528
79228 0
79229 10
79230 0
79231 0
79232 20
79233 0
79234 28
79235 86
79236 8
79237 0
79238 0
79239 32
79240 0
79241 2
79242 0
79243 0
79244 4
79245 0
79246 0
79247 926
79248 0
79249 8
79250 0
79251 0
79252 0
79253 66
79254 4
79255 0
79256 0
79257 0
79258 0
79259 22
79260 0
79261 0
79262 0
79263 0
79264 4
79265 42
79266 20
79267 0
79268 0
79269 8
79270 8
79271 14
79272 0
79273 0
79274 4
79275 0
79276 0
79277 2
79278 0
79279 64
79280 0
79281 0
79282 0
79283 6
79284 4
79285 0
79286 0
79287 64
79288 0
79289 10
79290 0
79291 0
79292 0
79293 0
79294 4
79295 126
79296 0
79297 40
79298 20
79299 112
79300 0
79301 2
79302 0
79303 0
79304 140
79305 0
79306 0
79307 6
79308 0
79309 8
79310 0
79311 0
79312 0
79313 2
79314 4
79315 0
79316 24
79317 0
79318 0
79319 46
79320 0
79321 16
79322 0
79323 0
79324 4
79325 2
79326 0
79327 0
79328 20
79329 8
79330 0
79331 86
79332 0
79333 0
79334 80
79335 0
79336 0
79337 2
79338 8
79339 16
79340 0
79341 0
79342 0
79343 606
79344 4
79345 0
79346 0
79347 0
79348 0
79349 10
79350 0
79351 0
79352 0
79353 0
79354 4
79355 38
79356 0
79357 0
79358 0
79359 12288
79360 0
79361 2
79362 0
79363 0
79364 48
79365 0
79366 0
79367 14
79368 0
79369 8
79370 0
79371 0
79372 8
79373 2
79374 60
79375 0
79376 0
79377 0
79378 0
79379 118
79380 0
79381 0
79382 0
79383 0
79384 4
79385 2
79386 0
79387 0
79388 0
79389 24
79390 20
79391 62
79392 0
79393 0
79394 4
79395 0
79396 0
79397 42
79398 0
79399 32
79400 0
79401 0
79402 0
79403 6
79404 4
79405 0
79406 8
79407 0
79408 0
79409 10
79410 0
79411 0
79412 144
79413 0
79414 4
79415 14
79416 0
79417 0
79418 0
79419 16
79420 0
79421 42
79422 0
79423 512
79424 4
79425 0
79426 0
79427 6
79428 0
79429 56
79430 20
79431 0
79432 0
79433 2
79434 4
79435 0
79436 0
79437 0
79438 0
79439 94
79440 8
79441 0
79442 96
79443 0
79444 4
79445 2
79446 0
79447 0
79448 0
79449 8
79450 0
79451 6
79452 40
79453 0
79454 4
79455 0
79456 0
79457 18
79458 0
79459 16
79460 0
79461 0
79462 0
79463 622
79464 4
79465 0
79466 0
79467 0
79468 0
79469 10
79470 0
79471 0
79472 0
79473 0
79474 12
79475 6
79476 0
79477 0
79478 0
79479 32
79480 0
79481 2
79482 0
79483 80
79484 4
79485 0
79486 0
79487 254
79488 0
79489 8
79490 0
79491 32
79492 0
79493 2
79494 28
79495 0
79496 20
79497 0
79498 0
79499 22
79500 0
79501 112
79502 0
79503 0
79504 4
79505 50
79506 0
79507 0
79508 8
79509 8
79510 0
79511 14
79512 0
79513 0
79514 276
79515 0
79516 0
79517 2
79518 0
79519 128
79520 0
79521 0
79522 0
79523 6
79524 4
79525 16
79526 0
79527 0
79528 0
79529 50
79530 0
79531 0
79532 0
79533 0
79534 4
79535 30
79536 0
79537 0
79538 0
79539 96
79540 0
79541 2
79542 8
79543 0
79544 4
79545 40
79546 0
79547 6
79548 0
79549 8
79550 0
79551 0
79552 0
79553 2
79554 4
79555 0
79556 0
79557 0
79558 0
79559 2094
79560 0
79561 0
79562 20
79563 0
79564 4
79565 2
79566 0
79567 0
79568 24
79569 8
79570 0
79571 6
79572 0
79573 0
79574 4
79575 0
79576 388
79577 2
79578 0
79579 16
79580 0
79581 0
79582 0
79583 62
79584 4
79585 0
79586 0
79587 0
79588 0
79589 10
79590 0
79591 0
79592 56
79593 16
79594 4
79595 86
79596 0
79597 0
79598 0
79599 64
79600 0
79601 2
79602 0
79603 0
79604 4
79605 0
79606 0
79607 174
79608 0
79609 8
79610 8
79611 0
79612 0
79613 2
79614 4
79615 0
79616 0
79617 0
79618 0
79619 22
79620 0
79621 0
79622 0
79623 0
79624 76
79625 2
79626 0
79627 32
79628 76
79629 8
79630 0
79631 414
79632 0
79633 0
79634 4
79635 0
79636 0
79637 2
79638 20
79639 32
79640 0
79641 0
79642 0
79643 6
79644 12
79645 0
79646 0
79647 0
79648 0
79649 10
79650 0
79651 0
79652 0
79653 0
79654 4
79655 14
79656 0
79657 0
79658 0
79659 16
79660 0
79661 58
79662 0
79663 0
79664 4
79665 0
79666 0
79667 6
79668 0
79669 336
79670 0
79671 0
79672 0
79673 2
79674 4
79675 0
79676 0
79677 0
79678 8
79679 382
79680 0
79681 0
79682 0
79683 0
79684 4
79685 74
79686 0
79687 0
79688 0
79689 56
79690 0
79691 6
79692 0
79693 0
79694 48
79695 128
79696 0
79697 2
79698 0
79699 16
79700 20
79701 0
79702 0
79703 14
79704 4
79705 0
79706 0
79707 0
79708 0
79709 10
79710 0
79711 0
79712 8
79713 0
79714 4
79715 1014
79716 0
79717 0
79718 0
79719 32
79720 0
79721 114
79722 0
79723 0
79724 4
79725 0
79726 0
79727 350
79728 0
79729 24
79730 0
79731 80
79732 0
79733 2
79734 4
79735 0
79736 0
79737 0
79738 0
79739 22
79740 0
79741 0
79742 0
79743 0
79744 24
79745 2
79746 8
79747 0
79748 0
79749 8
79750 0
79751 14
79752 0
79753 0
79754 28
79755 224
79756 0
79757 50
79758 0
79759 64
79760 20
79761 0
79762 20
79763 38
79764 4
79765 0
79766 0
79767 0
79768 0
79769 10
79770 0
79771 0
79772 0
79773 0
79774 4
79775 62
79776 0
79777 0
79778 0
79779 16
79780 8
79781 2
79782 0
79783 0
79784 4
79785 0
79786 0
79787 6
79788 0
79789 8
79790 0
79791 0
79792 0
79793 962
79794 4
79795 0
79796 0
79797 16
79798 0
79799 46
79800 0
79801 0
79802 0
79803 0
79804 4
79805 2
79806 0
79807 0
79808 0
79809 8
79810 0
79811 6
79812 0
79813 0
79814 140
79815 0
79816 0
79817 2
79818 0
79819 112
79820 24
79821 0
79822 0
79823 30
79824 24
79825 0
79826 20
79827 0
79828 0
79829 10
79830 0
79831 64
79832 1056
79833 0
79834 4
79835 6
79836 0
79837 0
79838 0
79839 128
79840 0
79841 2
79842 0
79843 0
79844 4
79845 0
79846 0
79847 14
79848 8
79849 8
79850 56
79851 0
79852 0
79853 2
79854 4
79855 320
79856 36
79857 0
79858 0
79859 102
79860 0
79861 0
79862 0
79863 0
79864 4
79865 18
79866 0
79867 0
79868 0
79869 8
79870 0
79871 4094
79872 0
79873 0
79874 4
79875 0
79876 0
79877 2
79878 0
79879 32
79880 0
79881 0
79882 64
79883 102
79884 28
79885 0
79886 20
79887 0
79888 0
79889 10
79890 0
79891 0
79892 20
79893 0
79894 4
79895 14
79896 0
79897 0
79898 0
79899 48
79900 0
79901 2
79902 0
79903 0
79904 4
79905 0
79906 0
79907 6
79908 0
79909 8
79910 1056
79911 0
79912 0
79913 2
79914 4
79915 0
79916 8
79917 40
79918 0
79919 94
79920 0
79921 0
79922 0
79923 0
79924 4
79925 42
79926 144
79927 0
79928 0
79929 8
79930 0
79931 6
79932 0
79933 16
79934 4
79935 0
79936 0
79937 2
79938 0
79939 16
79940 0
79941 0
79942 0
79943 14
79944 4
79945 0
79946 24
79947 0
79948 20
79949 1018
79950 8
79951 0
79952 0
79953 0
79954 4
79955 6
79956 0
79957 0
79958 20
79959 32
79960 0
79961 2
79962 0
79963 0
79964 4
79965 0
79966 0
79967 318
79968 0
79969 8
79970 0
79971 0
79972 0
79973 2
79974 4
79975 0
79976 0
79977 0
79978 0
79979 326
79980 0
79981 0
79982 0
79983 0
79984 12
79985 2
79986 0
79987 0
79988 0
79989 8
79990 0
79991 174
79992 0
79993 0
79994 4
79995 0
79996 0
79997 2
79998 0
79999 512
80000 0
80001 16
80002 0
80003 6
80004 4
80005 0
80006 0
80007 0
80008 0
80009 170
80010 20
80011 0
80012 0
80013 0
80014 28
80015 30
80016 0
80017 0
80018 8
80019 16
80020 0
80021 2
80022 0
80023 0
80024 24
80025 0
80026 0
80027 1014
80028 0
80029 8
80030 0
80031 0
80032 0
80033 2
80034 4
80035 32
80036 0
80037 0
80038 0
80039 46
80040 0
80041 40
80042 0
80043 0
80044 4
80045 2
80046 0
80047 0
80048 0
80049 8
80050 0
80051 6
80052 8
80053 0
80054 4
80055 0
80056 0
80057 42
80058 0
80059 16
80060 0
80061 0
80062 0
80063 126
80064 4
80065 0
80066 0
80067 0
80068 0
80069 282
80070 0
80071 0
80072 44
80073 0
80074 4
80075 6
80076 0
80077 0
80078 0
80079 1216
80080 0
80081 2
80082 0
80083 0
80084 4
80085 0
80086 8
80087 14
80088 0
80089 8
80090 20
80091 0
80092 0
80093 2
80094 4
80095 0
80096 0
80097 0
80098 0
80099 22
80100 0
80101 240
80102 0
80103 224
80104 4
80105 2
80106 0
80107 0
80108 56
80109 8
80110 0
80111 30
80112 0
80113 0
80114 4
80115 0
80116 0
80117 2
80118 0
80119 32
80120 8
80121 0
80122 0
80123 86
80124 4
80125 0
80126 0
80127 0
80128 0
80129 10
80130 0
80131 0
80132 0
80133 0
80134 44
80135 206
80136 56
80137 16
80138 0
80139 16
80140 0
80141 2
80142 0
80143 0
80144 124
80145 0
80146 0
80147 6
80148 0
80149 8
80150 0
80151 0
80152 0
80153 2
80154 32
80155 0
80156 20
80157 0
80158 0
80159 190
80160 0
80161 0
80162 0
80163 0
80164 4
80165 42
80166 0
80167 0
80168 0
80169 8
80170 0
80171 38
80172 0
80173 0
80174 4
80175 0
80176 0
80177 2
80178 0
80179 16
80180 0
80181 0
80182 0
80183 1166
80184 4
80185 0
80186 0
80187 0
80188 8
80189 50
80190 0
80191 0
80192 0
80193 0
80194 4
80195 6
80196 20
80197 0
80198 60
80199 32
80200 0
80201 2
80202 0
80203 0
80204 4
80205 16
80206 0
80207 30
80208 0
80209 56
80210 0
80211 0
80212 0
80213 2
80214 4
80215 0
80216 0
80217 0
80218 0
80219 22
80220 0
80221 0
80222 28
80223 0
80224 4
80225 2
80226 252
80227 80
80228 0
80229 8
80230 0
80231 14
80232 0
80233 0
80234 4
80235 0
80236 0
80237 114
80238 0
80239 192
80240 0
80241 0
80242 0
80243 6
80244 4
80245 0
80246 0
80247 0
80248 0
80249 10
80250 0
80251 0
80252 0
80253 0
80254 4
80255 2814
80256 8
80257 0
80258 20
80259 16
80260 0
80261 194
80262 0
80263 448
80264 4
80265 0
80266 0
80267 6
80268 0
80269 8
80270 0
80271 0
80272 0
80273 18
80274 28
80275 0
80276 0
80277 0
80278 0
80279 46
80280 0
80281 0
80282 0
80283 0
80284 4
80285 2
80286 0
80287 0
80288 20
80289 48
80290 8
80291 6
80292 0
80293 0
80294 4
80295 0
80296 0
80297 2
80298 0
80299 16
80300 0
80301 0
80302 0
80303 30
80304 4
80305 0
80306 0
80307 32
80308 0
80309 10
80310 0
80311 0
80312 0
80313 0
80314 4
80315 6
80316 0
80317 0
80318 0
80319 256
80320 20
80321 42
80322 0
80323 0
80324 164
80325 0
80326 0
80327 14
80328 0
80329 8
80330 0
80331 0
80332 0
80333 2
80334 4
80335 0
80336 0
80337 0
80338 0
80339 118
80340 0
80341 16
80342 0
80343 0
80344 4
80345 2
80346 0
80347 0
80348 0
80349 8
80350 0
80351 702
80352 0
80353 0
80354 24
80355 0
80356 0
80357 2
80358 8
80359 192
80360 0
80361 0
80362 0
80363 6
80364 4
80365 0
80366 56
80367 0
80368 0
80369 82
80370 0
80371 0
80372 0
80373 0
80374 4
80375 78
80376 0
80377 0
80378 0
80379 16
80380 0
80381 2
80382 20
80383 0
80384 4
80385 0
80386 0
80387 182
80388 0
80389 8
80390 56
80391 0
80392 8
80393 2
80394 4
80395 0
80396 0
80397 0
80398 0
80399 94
80400 0
80401 0
80402 0
80403 0
80404 28
80405 2
80406 0
80407 0
80408 0
80409 24
80410 0
80411 6
80412 0
80413 40
80414 4
80415 0
80416 0
80417 2
80418 0
80419 16
80420 20
80421 0
80422 0
80423 14
80424 4
80425 0
80426 8
80427 0
80428 0
80429 10
80430 0
80431 0
80432 180
80433 0
80434 4
80435 6
80436 0
80437 0
80438 0
80439 32
80440 144
80441 2
80442 0
80443 32
80444 24
80445 0
80446 0
80447 126
80448 0
80449 8
80450 24
80451 0
80452 0
80453 42
80454 4
80455 0
80456 0
80457 0
80458 0
80459 22
80460 8
80461 0
80462 0
80463 0
80464 4
80465 2
80466 0
80467 0
80468 0
80469 56
80470 0
80471 14
80472 0
80473 0
80474 4
80475 160
80476 0
80477 18
80478 0
80479 128
80480 0
80481 0
80482 0
80483 6
80484 4
80485 0
80486 20
80487 0
80488 0
80489 10
80490 0
80491 0
80492 0
80493 0
80494 12
80495 926
80496 0
80497 0
80498 0
80499 16
80500 0
80501 2
80502 0
80503 0
80504 4
80505 0
80506 20
80507 6
80508 0
80509 8
80510 0
80511 1024
80512 0
80513 50
80514 4
80515 0
80516 0
80517 112
80518 0
80519 206
80520 0
80521 0
80522 0
80523 0
80524 4
80525 2
80526 0
80527 0
80528 8
80529 8
80530 0
80531 6
80532 0
80533 0
80534 220
80535 0
80536 0
80537 42
80538 0
80539 16
80540 252
80541 0
80542 0
80543 62
80544 4
80545 16
80546 0
80547 0
80548 0
80549 10
80550 0
80551 0
80552 20
80553 0
80554 4
80555 6
80556 0
80557 0
80558 0
80559 64
80560 0
80561 2
80562 8
80563 0
80564 24
80565 0
80566 0
80567 14
80568 20
80569 8
80570 0
80571 0
80572 0
80573 2
80574 4
80575 0
80576 24
80577 0
80578 0
80579 566
80580 0
80581 0
80582 0
80583 0
80584 4
80585 42
80586 0
80587 0
80588 0
80589 8
80590 0
80591 30
80592 0
80593 264
80594 4
80595 0
80596 8
80597 2
80598 0
80599 384
80600 0
80601 0
80602 0
80603 6
80604 4
80605 0
80606 0
80607 0
80608 0
80609 10
80610 0
80611 0
80612 0
80613 16
80614 4
80615 14
80616 0
80617 0
80618 20
80619 16
80620 0
80621 2
80622 0
80623 0
80624 60
80625 0
80626 0
80627 6
80628 0
80629 8
80630 28
80631 0
80632 0
80633 2
80634 4
80635 0
80636 0
80637 0
80638 0
80639 7678
80640 0
80641 0
80642 0
80643 0
80644 60
80645 2
80646 0
80647 64
80648 0
80649 8
80650 0
80651 86
80652 0
80653 0
80654 4
80655 0
80656 0
80657 2
80658 0
80659 3184
80660 0
80661 40
80662 0
80663 14
80664 36
80665 0
80666 0
80667 0
80668 0
80669 10
80670 0
80671 0
80672 0
80673 0
80674 4
80675 6
80676 0
80677 0
80678 0
80679 32
80680 0
80681 18
80682 0
80683 0
80684 24
80685 0
80686 0
80687 30
80688 0
80689 8
80690 0
80691 0
80692 20
80693 2
80694 4
80695 0
80696 0
80697 288
80698 8
80699 22
80700 0
80701 0
80702 24
80703 0
80704 4
80705 2
80706 0
80707 0
80708 0
80709 8
80710 0
80711 302
80712 0
80713 0
80714 4
80715 32
80716 0
80717 42
80718 0
80719 64
80720 0
80721 0
80722 0
80723 86
80724 4
80725 0
80726 0
80727 0
80728 0
80729 250
80730 0
80731 0
80732 8
80733 0
80734 4
80735 62
80736 0
80737 504
80738 0
80739 16
80740 0
80741 2
80742 0
80743 0
80744 4
80745 0
80746 0
80747 6
80748 0
80749 24
80750 20
80751 0
80752 0
80753 114
80754 24
80755 0
80756 0
80757 0
80758 0
80759 46
80760 0
80761 0
80762 0
80763 0
80764 4
80765 50
80766 8
80767 0
80768 0
80769 48
80770 0
80771 230
80772 0
80773 0
80774 4
80775 0
80776 0
80777 2
80778 0
80779 16
80780 0
80781 0
80782 0
80783 478
80784 4
80785 40
80786 0
80787 0
80788 0
80789 10
80790 0
80791 0
80792 0
80793 0
80794 28
80795 6
80796 0
80797 0
80798 0
80799 128
80800 8
80801 2
80802 0
80803 0
80804 4
80805 0
80806 0
80807 14
80808 0
80809 8
80810 0
80811 0
80812 0
80813 2
80814 4
80815 0
80816 480
80817 16
80818 0
80819 22
80820 0
80821 0
80822 0
80823 0
80824 4
80825 2
80826 0
80827 0
80828 24
80829 8
80830 0
80831 126
80832 0
80833 0
80834 140
80835 0
80836 0
80837 2
80838 0
80839 32
80840 0
80841 0
80842 0
80843 6
80844 4
80845 0
80846 0
80847 320
80848 0
80849 50
80850 0
80851 32
80852 0
80853 0
80854 4
80855 14
80856 0
80857 0
80858 0
80859 112
80860 0
80861 2
80862 0
80863 0
80864 4
80865 0
80866 0
80867 6
80868 8
80869 8
80870 0
80871 0
80872 0
80873 2
80874 4
80875 0
80876 0
80877 0
80878 20
80879 94
80880 0
80881 0
80882 112
80883 0
80884 4
80885 18
80886 0
80887 0
80888 0
80889 8
80890 0
80891 102
80892 0
80893 0
80894 4
80895 0
80896 0
80897 2
80898 56
80899 16
80900 0
80901 0
80902 8
80903 14
80904 4
80905 0
80906 0
80907 0
80908 0
80909 50
80910 0
80911 0
80912 0
80913 0
80914 4
80915 86
80916 0
80917 0
80918 0
80919 96
80920 0
80921 2
80922 0
80923 0
80924 28
80925 0
80926 0
80927 62
80928 0
80929 8
80930 0
80931 0
80932 0
80933 2
80934 4
80935 0
80936 8
80937 0
80938 0
80939 22
80940 20
80941 0
80942 0
80943 0
80944 4
80945 2
80946 0
80947 0
80948 20
80949 8
80950 0
80951 14
80952 0
80953 16
80954 236
80955 0
80956 0
80957 2
80958 0
80959 256
80960 0
80961 0
80962 0
80963 6
80964 4
80965 0
80966 0
80967 0
80968 0
80969 10
80970 8
80971 80
80972 0
80973 0
80974 484
80975 30
80976 0
80977 0
80978 0
80979 16
80980 0
80981 42
80982 0
80983 0
80984 4
80985 0
80986 0
80987 38
80988 0
80989 152
80990 0
80991 0
80992 0
80993 2
80994 4
80995 0
80996 0
80997 0
80998 0
80999 46
81000 0
81001 0
81002 20
81003 0
81004 12
81005 2
81006 0
81007 0
81008 0
81009 8
81010 0
81011 230
81012 0
81013 0
81014 24
81015 0
81016 0
81017 50
81018 0
81019 16
81020 0
81021 16
81022 0
81023 254
81024 4
81025 112
81026 0
81027 0
81028 0
81029 10
81030 0
81031 0
81032 0
81033 40
81034 4
81035 6
81036 0
81037 0
81038 8
81039 64
81040 0
81041 2
81042 0
81043 0
81044 4
81045 0
81046 0
81047 174
81048 0
81049 8
81050 0
81051 0
81052 0
81053 506
81054 28
81055 256
81056 0
81057 0
81058 0
81059 22
81060 0
81061 0
81062 0
81063 0
81064 24
81065 2
81066 0
81067 0
81068 0
81069 8
81070 0
81071 30
81072 8
81073 0
81074 4
81075 0
81076 0
81077 2
81078 0
81079 32
81080 116
81081 0
81082 0
81083 6
81084 4
81085 0
81086 0
81087 0
81088 0
81089 282
81090 0
81091 0
81092 0
81093 0
81094 4
81095 174
81096 0
81097 0
81098 0
81099 16
81100 0
81101 2
81102 0
81103 0
81104 4
81105 0
81106 8
81107 6
81108 0
81109 8
81110 0
81111 0
81112 0
81113 42
81114 4
81115 0
81116 0
81117 0
81118 0
81119 958
81120 0
81121 0
81122 0
81123 32
81124 4
81125 2
81126 20
81127 0
81128 0
81129 8
81130 0
81131 6
81132 0
81133 0
81134 4
81135 0
81136 0
81137 2
81138 0
81139 16
81140 64
81141 0
81142 0
81143 206
81144 4
81145 0
81146 20
81147 0
81148 0
81149 10
81150 0
81151 0
81152 56
81153 0
81154 4
81155 6
81156 0
81157 96
81158 0
81159 32
81160 0
81161 2
81162 0
81163 0
81164 4
81165 0
81166 0
81167 30
81168 0
81169 8
81170 0
81171 0
81172 0
81173 2
81174 12
81175 0
81176 0
81177 0
81178 0
81179 182
81180 0
81181 0
81182 0
81183 0
81184 28
81185 2
81186 0
81187 0
81188 20
81189 8
81190 0
81191 78
81192 0
81193 0
81194 4
81195 0
81196 0
81197 2
81198 0
81199 64
81200 0
81201 0
81202 0
81203 6
81204 4
81205 0
81206 24
81207 0
81208 8
81209 10
81210 0
81211 576
81212 20
81213 0
81214 4
81215 126
81216 0
81217 0
81218 0
81219 96
81220 0
81221 2
81222 0
81223 0
81224 40
81225 16
81226 0
81227 6
81228 0
81229 8
81230 0
81231 0
81232 0
81233 2
81234 4
81235 0
81236 0
81237 0
81238 0
81239 46
81240 0
81241 0
81242 8
81243 0
81244 4
81245 42
81246 0
81247 0
81248 252
81249 56
81250 20
81251 6
81252 0
81253 0
81254 4
81255 0
81256 0
81257 2
81258 0
81259 48
81260 0
81261 0
81262 0
81263 30
81264 4
81265 0
81266 0
81267 0
81268 0
81269 170
81270 0
81271 0
81272 0
81273 0
81274 4
81275 6
81276 140
81277 0
81278 20
81279 7680
81280 0
81281 42
81282 0
81283 0
81284 4
81285 0
81286 0
81287 14
81288 0
81289 8
81290 0
81291 0
81292 0
81293 18
81294 4
81295 0
81296 0
81297 0
81298 0
81299 22
81300 0
81301 0
81302 0
81303 0
81304 4
81305 2
81306 0
81307 0
81308 0
81309 8
81310 8
81311 702
81312 20
81313 0
81314 124
81315 0
81316 0
81317 2
81318 0
81319 32
81320 0
81321 0
81322 0
81323 6
81324 4
81325 0
81326 0
81327 128
81328 0
81329 10
81330 0
81331 0
81332 24
81333 0
81334 4
81335 14
81336 0
81337 0
81338 0
81339 16
81340 0
81341 2
81342 0
81343 1280
81344 160
81345 0
81346 0
81347 6
81348 0
81349 8
81350 0
81351 0
81352 0
81353 2
81354 4
81355 0
81356 0
81357 0
81358 0
81359 94
81360 0
81361 16
81362 0
81363 0
81364 4
81365 2
81366 0
81367 0
81368 0
81369 8
81370 0
81371 6
81372 0
81373 0
81374 24
81375 0
81376 0
81377 42
81378 8
81379 112
81380 0
81381 0
81382 0
81383 14
81384 24
81385 0
81386 0
81387 0
81388 0
81389 10
81390 0
81391 0
81392 0
81393 0
81394 4
81395 278
81396 0
81397 0
81398 56
81399 32
81400 0
81401 2
81402 0
81403 0
81404 4
81405 40
81406 56
81407 1022
81408 0
81409 8
81410 20
81411 0
81412 8
81413 2
81414 4
81415 0
81416 0
81417 0
81418 0
81419 22
81420 0
81421 0
81422 0
81423 0
81424 4
81425 2
81426 0
81427 0
81428 0
81429 24
81430 0
81431 14
81432 0
81433 0
81434 4
81435 0
81436 20
81437 2
81438 0
81439 128
81440 0
81441 0
81442 0
81443 86
81444 76
81445 0
81446 8
81447 0
81448 0
81449 10
81450 0
81451 0
81452 0
81453 0
81454 4
81455 30
81456 0
81457 0
81458 24
81459 16
81460 0
81461 2
81462 0
81463 64
81464 4
81465 0
81466 0
81467 86
81468 144
81469 8
81470 0
81471 0
81472 0
81473 2
81474 4
81475 0
81476 20
81477 0
81478 0
81479 46
81480 8
81481 0
81482 0
81483 0
81484 4
81485 2
81486 0
81487 0
81488 0
81489 8
81490 0
81491 6
81492 0
81493 0
81494 4
81495 0
81496 0
81497 18
81498 40
81499 16
81500 0
81501 0
81502 0
81503 62
81504 4
81505 0
81506 0
81507 0
81508 0
81509 98
81510 0
81511 0
81512 0
81513 0
81514 12
81515 6
81516 0
81517 0
81518 0
81519 64
81520 0
81521 50
81522 0
81523 0
81524 4
81525 0
81526 0
81527 462
81528 0
81529 48
81530 0
81531 32
81532 0
81533 114
81534 4
81535 0
81536 0
81537 0
81538 0
81539 22
81540 0
81541 0
81542 20
81543 0
81544 4
81545 2
81546 0
81547 0
81548 8
81549 8
81550 0
81551 30
81552 0
81553 0
81554 4
81555 0
81556 0
81557 2
81558 0
81559 32
81560 20
81561 0
81562 0
81563 6
81564 4
81565 16
81566 252
81567 0
81568 0
81569 10
81570 0
81571 0
81572 0
81573 0
81574 28
81575 174
81576 0
81577 0
81578 0
81579 16
81580 0
81581 2
81582 8
81583 0
81584 28
81585 0
81586 0
81587 6
81588 0
81589 48
81590 0
81591 160
81592 0
81593 2
81594 4
81595 0
81596 0
81597 0
81598 0
81599 9086
81600 0
81601 0
81602 0
81603 0
81604 4
81605 2
81606 0
81607 0
81608 20
81609 8
81610 0
81611 6
81612 0
81613 0
81614 4
81615 0
81616 8
81617 2
81618 0
81619 16
81620 0
81621 0
81622 20
81623 14
81624 4
81625 0
81626 0
81627 0
81628 0
81629 10
81630 0
81631 0
81632 0
81633 16
81634 4
81635 6
81636 0
81637 0
81638 0
81639 224
81640 0
81641 42
81642 0
81643 0
81644 4
81645 0
81646 0
81647 414
81648 0
81649 8
81650 8
81651 0
81652 0
81653 42
81654 4
81655 0
81656 56
81657 0
81658 0
81659 22
81660 56
81661 0
81662 0
81663 0
81664 4
81665 2
81666 0
81667 32
81668 0
81669 8
81670 0
81671 14
81672 0
81673 0
81674 24
81675 0
81676 0
81677 2
81678 0
81679 64
81680 0
81681 0
81682 0
81683 6
81684 32
81685 0
81686 0
81687 0
81688 0
81689 10
81690 0
81691 0
81692 0
81693 0
81694 4
81695 62
81696 0
81697 0
81698 0
81699 16
81700 0
81701 18
81702 0
81703 0
81704 28
81705 0
81706 0
81707 86
81708 0
81709 8
81710 24
81711 0
81712 0
81713 2
81714 4
81715 80
81716 0
81717 0
81718 8
81719 46
81720 0
81721 0
81722 0
81723 0
81724 4
81725 290
81726 0
81727 0
81728 0
81729 8
81730 0
81731 6
81732 0
81733 0
81734 4
81735 64
81736 0
81737 74
81738 0
81739 16
81740 20
81741 0
81742 0
81743 30
81744 4
81745 0
81746 20
81747 0
81748 0
81749 10
81750 0
81751 0
81752 8
81753 0
81754 4
81755 6
81756 0
81757 0
81758 0
81759 8192
81760 0
81761 2
81762 0
81763 0
81764 4
81765 0
81766 0
81767 14
81768 0
81769 72
81770 0
81771 0
81772 0
81773 90
81774 4
81775 0
81776 0
81777 40
81778 0
81779 22
81780 0
81781 0
81782 0
81783 0
81784 4
81785 114
81786 8
81787 224
81788 0
81789 8
81790 0
81791 254
81792 0
81793 0
81794 24
81795 0
81796 0
81797 2
81798 0
81799 32
81800 0
81801 0
81802 0
81803 38
81804 4
81805 0
81806 20
81807 0
81808 20
81809 10
81810 0
81811 0
81812 0
81813 0
81814 4
81815 14
81816 0
81817 0
81818 0
81819 16
81820 8
81821 2
81822 0
81823 0
81824 4
81825 0
81826 0
81827 6
81828 0
81829 8
81830 0
81831 0
81832 0
81833 2
81834 28
81835 0
81836 24
81837 16
81838 0
81839 7774
81840 0
81841 0
81842 0
81843 0
81844 4
81845 2
81846 0
81847 0
81848 0
81849 8
81850 0
81851 6
81852 0
81853 0
81854 140
81855 0
81856 0
81857 2
81858 0
81859 16
81860 0
81861 0
81862 0
81863 14
81864 4
81865 0
81866 0
81867 0
81868 0
81869 10
81870 20
81871 128
81872 20
81873 0
81874 4
81875 6
81876 0
81877 0
81878 0
81879 8480
81880 0
81881 2
81882 0
81883 0
81884 4
81885 0
81886 0
81887 62
81888 8
81889 8
81890 0
81891 0
81892 0
81893 2
81894 4
81895 0
81896 0
81897 0
81898 0
81899 8278
81900 0
81901 40
81902 0
81903 0
81904 4
81905 58
81906 0
81907 0
81908 36
81909 8016
81910 0
81911 14
81912 0
81913 0
81914 8236
81915 0
81916 0
81917 2
81918 0
81919 65536
81920 0
81921 0
81922 8
81923 6
81924 8236
81925 0
81926 0
81927 0
81928 0
81929 8018
81930 0
81931 0
81932 20
81933 0
81934 4
81935 30
81936 0
81937 0
81938 20
81939 8304
81940 0
81941 2
81942 0
81943 0
81944 4
81945 0
81946 0
81947 6
81948 0
81949 8
81950 0
81951 0
81952 0
81953 2
81954 4
81955 0
81956 8
81957 0
81958 0
81959 8494
81960 0
81961 0
81962 24
81963 80
81964 28
81965 2
81966 0
81967 0
81968 0
81969 8
81970 0
81971 86
81972 0
81973 16
81974 4
81975 0
81976 0
81977 2
81978 0
81979 16
81980 0
81981 0
81982 144
81983 126
81984 4
81985 0
81986 0
81987 0
81988 0
81989 10
81990 8
81991 0
81992 0
81993 0
81994 24
81995 6
81996 0
81997 0
81998 0
81999 7744
82000 0
82001 2
82002 0
82003 0
82004 24
82005 0
82006 0
82007 78
82008 0
82009 8
82010 0
82011 0
82012 0
82013 2
82014 4
82015 0
82016 0
82017 0
82018 0
82019 22
82020 0
82021 0
82022 0
82023 0
82024 12
82025 90
82026 0
82027 0
82028 0
82029 56
82030 0
82031 30
82032 0
82033 0
82034 4
82035 0
82036 0
82037 42
82038 0
82039 32
82040 0
82041 128
82042 0
82043 230
82044 4
82045 0
82046 0
82047 0
82048 0
82049 10
82050 0
82051 0
82052 0
82053 0
82054 4
82055 14
82056 20
82057 0
82058 8
82059 16
82060 0
82061 2
82062 0
82063 0
82064 4
82065 0
82066 0
82067 6
82068 0
82069 8
82070 20
82071 0
82072 0
82073 2
82074 4
82075 32
82076 0
82077 0
82078 0
82079 8254
82080 0
82081 0
82082 0
82083 0
82084 4
82085 2
82086 0
82087 160
82088 24
82089 8
82090 0
82091 6
82092 8
82093 0
82094 28
82095 0
82096 0
82097 2
82098 0
82099 16
82100 0
82101 0
82102 0
82103 174
82104 4
82105 0
82106 0
82107 0
82108 0
82109 282
82110 0
82111 0
82112 0
82113 0
82114 4
82115 6
82116 0
82117 0
82118 20
82119 32
82120 0
82121 2
82122 0
82123 0
82124 4
82125 0
82126 8
82127 30
82128 0
82129 8
82130 0
82131 0
82132 0
82133 2
82134 4
82135 0
82136 20
82137 0
82138 0
82139 22
82140 0
82141 0
82142 0
82143 256
82144 4
82145 2
82146 0
82147 0
82148 0
82149 48
82150 0
82151 206
82152 0
82153 0
82154 4
82155 0
82156 0
82157 2
82158 0
82159 448
82160 8
82161 0
82162 0
82163 6
82164 4
82165 0
82166 0
82167 0
82168 56
82169 50
82170 0
82171 0
82172 56
82173 0
82174 4
82175 510
82176 0
82177 16
82178 0
82179 16
82180 40
82181 2
82182 0
82183 0
82184 4
82185 0
82186 0
82187 6
82188 0
82189 8
82190 0
82191 0
82192 0
82193 2
82194 12
82195 0
82196 0
82197 0
82198 0
82199 46
82200 0
82201 0
82202 20
82203 0
82204 24
82205 2
82206 0
82207 0
82208 0
82209 8
82210 0
82211 118
82212 0
82213 0
82214 28
82215 0
82216 0
82217 2
82218 0
82219 16
82220 0
82221 0
82222 0
82223 30
82224 28
82225 0
82226 0
82227 0
82228 8
82229 10
82230 0
82231 0
82232 0
82233 0
82234 4
82235 86
82236 0
82237 0
82238 0
82239 9472
82240 0
82241 2
82242 20
82243 0
82244 4
82245 16
82246 0
82247 14
82248 0
82249 8
82250 36
82251 0
82252 0
82253 2
82254 4
82255 0
82256 0
82257 0
82258 0
82259 22
82260 0
82261 0
82262 8
82263 0
82264 4
82265 2
82266 0
82267 0
82268 20
82269 8
82270 252
82271 62
82272 0
82273 40
82274 4
82275 0
82276 0
82277 50
82278 0
82279 96
82280 0
82281 0
82282 0
82283 6
82284 4
82285 0
82286 0
82287 0
82288 0
82289 58
82290 0
82291 0
82292 0
82293 0
82294 4
82295 462
82296 8
82297 0
82298 0
82299 16
82300 0
82301 154
82302 0
82303 0
82304 24
82305 0
82306 0
82307 6
82308 0
82309 8
82310 0
82311 0
82312 0
82313 18
82314 4
82315 0
82316 0
82317 0
82318 0
82319 94
82320 0
82321 0
82322 0
82323 0
82324 4
82325 2
82326 0
82327 0
82328 0
82329 8
82330 8
82331 6
82332 0
82333 0
82334 24
82335 640
82336 0
82337 2
82338 0
82339 16
82340 24
82341 0
82342 0
82343 14
82344 4
82345 0
82346 0
82347 32
82348 0
82349 10
82350 0
82351 0
82352 0
82353 0
82354 76
82355 6
82356 0
82357 0
82358 0
82359 32
82360 0
82361 2
82362 0
82363 0
82364 140
82365 0
82366 20
82367 1406
82368 0
82369 8
82370 0
82371 0
82372 0
82373 2
82374 4
82375 0
82376 0
82377 0
82378 0
82379 22
82380 0
82381 16
82382 0
82383 0
82384 4
82385 2
82386 0
82387 0
82388 0
82389 8
82390 0
82391 14
82392 0
82393 0
82394 4
82395 0
82396 0
82397 42
82398 8
82399 128
82400 20
82401 0
82402 0
82403 102
82404 4
82405 0
82406 0
82407 0
82408 0
82409 50
82410 0
82411 0
82412 0
82413 0
82414 4
82415 158
82416 0
82417 0
82418 0
82419 112
82420 0
82421 74
82422 56
82423 0
82424 4
82425 0
82426 0
82427 6
82428 20
82429 8
82430 56
82431 0
82432 8
82433 42
82434 4
82435 0
82436 0
82437 0
82438 0
82439 46
82440 0
82441 0
82442 0
82443 0
82444 4
82445 2
82446 0
82447 0
82448 0
82449 24
82450 0
82451 6
82452 0
82453 0
82454 4
82455 0
82456 0
82457 2
82458 0
82459 96
82460 0
82461 0
82462 0
82463 62
82464 4
82465 0
82466 52
82467 0
82468 0
82469 10
82470 0
82471 0
82472 0
82473 0
82474 4
82475 6
82476 0
82477 0
82478 0
82479 64
82480 0
82481 2
82482 0
82483 32
82484 124
82485 0
82486 0
82487 14
82488 0
82489 8
82490 20
82491 0
82492 0
82493 2
82494 4
82495 0
82496 144
82497 0
82498 0
82499 102
82500 8
82501 0
82502 0
82503 0
82504 4
82505 2
82506 0
82507 0
82508 0
82509 8
82510 0
82511 30
82512 0
82513 0
82514 4
82515 0
82516 0
82517 18
82518 0
82519 32
82520 0
82521 80
82522 0
82523 6
82524 4
82525 0
82526 0
82527 0
82528 0
82529 58
82530 0
82531 0
82532 20
82533 0
82534 12
82535 14
82536 0
82537 0
82538 0
82539 16
82540 0
82541 2
82542 0
82543 0
82544 4
82545 0
82546 0
82547 6
82548 0
82549 168
82550 0
82551 64
82552 20
82553 2
82554 4
82555 0
82556 0
82557 0
82558 0
82559 7934
82560 0
82561 0
82562 0
82563 0
82564 4
82565 42
82566 0
82567 0
82568 8
82569 8
82570 0
82571 6
82572 0
82573 0
82574 4
82575 0
82576 0
82577 2
82578 0
82579 16
82580 0
82581 0
82582 0
82583 174
82584 4
82585 16
82586 0
82587 0
82588 0
82589 10
82590 0
82591 0
82592 276
82593 0
82594 4
82595 6
82596 0
82597 0
82598 20
82599 32
82600 0
82601 2
82602 8
82603 0
82604 4
82605 0
82606 0
82607 30
82608 0
82609 8
82610 0
82611 0
82612 0
82613 2
82614 68
82615 0
82616 0
82617 0
82618 0
82619 566
82620 0
82621 0
82622 0
82623 0
82624 4
82625 2
82626 0
82627 0
82628 0
82629 8
82630 0
82631 174
82632 0
82633 0
82634 4
82635 0
82636 8
82637 2
82638 0
82639 64
82640 0
82641 0
82642 132
82643 6
82644 4
82645 40
82646 0
82647 0
82648 0
82649 10
82650 0
82651 0
82652 0
82653 16
82654 4
82655 830
82656 0
82657 0
82658 0
82659 16
82660 0
82661 2
82662 0
82663 0
82664 24
82665 0
82666 0
82667 6
82668 0
82669 8
82670 8
82671 0
82672 0
82673 2
82674 4
82675 0
82676 76
82677 0
82678 0
82679 238
82680 0
82681 0
82682 0
82683 0
82684 4
82685 2
82686 0
82687 2048
82688 56
82689 8
82690 0
82691 6
82692 0
82693 0
82694 4
82695 0
82696 0
82697 42
82698 0
82699 16
82700 0
82701 0
82702 0
82703 30
82704 12
82705 0
82706 0
82707 80
82708 0
82709 10
82710 0
82711 0
82712 0
82713 0
82714 4
82715 6
82716 0
82717 0
82718 96
82719 128
82720 0
82721 18
82722 0
82723 0
82724 4
82725 0
82726 0
82727 14
82728 0
82729 8
82730 20
82731 0
82732 0
82733 2
82734 4
82735 0
82736 0
82737 0
82738 28
82739 22
82740 0
82741 0
82742 0
82743 0
82744 28
82745 2
82746 0
82747 0
82748 0
82749 8
82750 0
82751 126
82752 0
82753 288
82754 4
82755 32
82756 0
82757 2
82758 0
82759 32
82760 0
82761 0
82762 0
82763 230
82764 4
82765 0
82766 0
82767 0
82768 0
82769 50
82770 0
82771 0
82772 8
82773 0
82774 4
82775 14
82776 0
82777 0
82778 0
82779 16
82780 0
82781 842
82782 0
82783 0
82784 4
82785 0
82786 0
82787 6
82788 0
82789 24
82790 0
82791 0
82792 0
82793 2
82794 4
82795 0
82796 20
82797 0
82798 0
82799 94
82800 20
82801 0
82802 0
82803 224
82804 4
82805 2
82806 8
82807 0
82808 0
82809 152
82810 0
82811 6
82812 0
82813 0
82814 4
82815 0
82816 0
82817 114
82818 0
82819 96
82820 0
82821 0
82822 0
82823 78
82824 4
82825 0
82826 0
82827 0
82828 0
82829 50
82830 0
82831 320
82832 0
82833 0
82834 4
82835 6
82836 0
82837 0
82838 0
82839 32
82840 8
82841 2
82842 0
82843 0
82844 28
82845 0
82846 0
82847 62
82848 0
82849 8
82850 0
82851 0
82852 0
82853 2
82854 4
82855 0
82856 0
82857 16
82858 0
82859 22
82860 0
82861 0
82862 480
82863 0
82864 4
82865 2
82866 0
82867 0
82868 0
82869 8
82870 0
82871 14
82872 0
82873 0
82874 164
82875 0
82876 0
82877 2
82878 0
82879 256
82880 0
82881 0
82882 0
82883 6
82884 4
82885 0
82886 0
82887 0
82888 0
82889 10
82890 0
82891 32
82892 0
82893 40
82894 4
82895 350
82896 0
82897 0
82898 0
82899 16
82900 0
82901 2
82902 0
82903 0
82904 4
82905 0
82906 0
82907 102
82908 8
82909 8
82910 0
82911 0
82912 0
82913 2
82914 4
82915 0
82916 0
82917 0
82918 0
82919 46
82920 0
82921 0
82922 0
82923 0
82924 24
82925 18
82926 0
82927 0
82928 20
82929 8
82930 56
82931 6
82932 0
82933 0
82934 40
82935 0
82936 0
82937 2
82938 0
82939 112
82940 0
82941 0
82942 8
82943 2046
82944 4
82945 0
82946 56
82947 0
82948 0
82949 10
82950 0
82951 0
82952 0
82953 0
82954 4
82955 86
82956 0
82957 0
82958 0
82959 192
82960 0
82961 42
82962 0
82963 0
82964 4
82965 0
82966 0
82967 14
82968 0
82969 8
82970 24
82971 0
82972 0
82973 2
82974 4
82975 0
82976 8
82977 0
82978 0
82979 22
82980 0
82981 0
82982 0
82983 0
82984 4
82985 2
82986 20
82987 0
82988 0
82989 8
82990 0
82991 30
82992 0
82993 16
82994 24
82995 0
82996 0
82997 2
82998 0
82999 32
83000 0
83001 0
83002 0
83003 6
83004 28
83005 0
83006 0
83007 0
83008 0
83009 10
83010 280
83011 0
83012 0
83013 0
83014 4
83015 14
83016 0
83017 40
83018 0
83019 16
83020 0
83021 2
83022 0
83023 0
83024 484
83025 0
83026 0
83027 118
83028 0
83029 8
83030 0
83031 0
83032 0
83033 50
83034 4
83035 0
83036 0
83037 0
83038 0
83039 190
83040 0
83041 0
83042 0
83043 0
83044 12
83045 2
83046 0
83047 0
83048 20
83049 8
83050 0
83051 6
83052 0
83053 0
83054 4
83055 0
83056 0
83057 114
83058 0
83059 16
83060 20
83061 16
83062 0
83063 14
83064 4
83065 0
83066 0
83067 0
83068 0
83069 250
83070 0
83071 0
83072 0
83073 0
83074 4
83075 230
83076 0
83077 0
83078 8
83079 192
83080 0
83081 2
83082 0
83083 0
83084 4
83085 0
83086 0
83087 30
83088 0
83089 8
83090 0
83091 0
83092 0
83093 42
83094 4
83095 64
83096 24
83097 0
83098 0
83099 22
83100 0
83101 0
83102 0
83103 0
83104 4
83105 506
83106 0
83107 0
83108 0
83109 8
83110 20
83111 14
83112 8
83113 0
83114 4
83115 0
83116 0
83117 2
83118 0
83119 64
83120 0
83121 0
83122 0
83123 6
83124 4
83125 0
83126 20
83127 0
83128 0
83129 282
83130 0
83131 0
83132 0
83133 0
83134 28
83135 126
83136 0
83137 0
83138 0
83139 16
83140 0
83141 42
83142 0
83143 0
83144 4
83145 0
83146 8
83147 6
83148 0
83149 8
83150 0
83151 0
83152 0
83153 2
83154 4
83155 0
83156 0
83157 0
83158 0
83159 398
83160 0
83161 0
83162 0
83163 32
83164 4
83165 2
83166 0
83167 0
83168 0
83169 8
83170 0
83171 6
83172 20
83173 0
83174 4
83175 0
83176 0
83177 2
83178 0
83179 16
83180 8
83181 0
83182 0
83183 30
83184 60
83185 0
83186 0
83187 0
83188 0
83189 10
83190 0
83191 0
83192 20
83193 0
83194 4
83195 6
83196 0
83197 16
83198 0
83199 7168
83200 0
83201 2
83202 0
83203 160
83204 60
83205 0
83206 0
83207 14
83208 0
83209 216
83210 0
83211 0
83212 0
83213 2
83214 12
83215 0
83216 0
83217 0
83218 0
83219 22
83220 0
83221 0
83222 24
83223 0
83224 4
83225 42
83226 0
83227 0
83228 0
83229 48
83230 0
83231 318
83232 0
83233 0
83234 24
83235 0
83236 0
83237 2
83238 0
83239 32
83240 0
83241 0
83242 0
83243 6
83244 4
83245 0
83246 0
83247 0
83248 8
83249 10
83250 0
83251 0
83252 0
83253 0
83254 4
83255 14
83256 0
83257 0
83258 20
83259 16
83260 0
83261 2
83262 0
83263 0
83264 220
83265 56
83266 0
83267 582
83268 0
83269 8
83270 0
83271 0
83272 0
83273 2
83274 4
83275 0
83276 36
83277 0
83278 0
83279 94
83280 0
83281 0
83282 8
83283 0
83284 4
83285 50
83286 0
83287 0
83288 0
83289 8
83290 0
83291 86
83292 252
83293 0
83294 4
83295 0
83296 20
83297 2
83298 0
83299 48
83300 0
83301 0
83302 0
83303 14
83304 4
83305 0
83306 0
83307 0
83308 0
83309 10
83310 0
83311 896
83312 0
83313 0
83314 4
83315 6
83316 8
83317 0
83318 0
83319 32
83320 0
83321 2
83322 0
83323 0
83324 24
83325 264
83326 0
83327 2814
83328 0
83329 56
83330 0
83331 0
83332 0
83333 130
83334 4
83335 0
83336 0
83337 0
83338 0
83339 22
83340 0
83341 0
83342 0
83343 0
83344 4
83345 2
83346 0
83347 0
83348 24
83349 8
83350 8
83351 14
83352 0
83353 0
83354 4
83355 0
83356 0
83357 42
83358 20
83359 128
83360 0
83361 0
83362 0
83363 6
83364 4
83365 0
83366 0
83367 64
83368 0
83369 10
83370 0
83371 0
83372 0
83373 0
83374 4
83375 30
83376 0
83377 0
83378 0
83379 16
83380 0
83381 2
83382 0
83383 0
83384 140
83385 0
83386 0
83387 6
83388 0
83389 48
83390 20
83391 0
83392 0
83393 2
83394 28
83395 0
83396 0
83397 0
83398 0
83399 46
83400 0
83401 16
83402 0
83403 0
83404 4
83405 2
83406 0
83407 0
83408 0
83409 8
83410 0
83411 822
83412 0
83413 0
83414 4
83415 0
83416 0
83417 2
83418 8
83419 16
83420 20
83421 0
83422 0
83423 702
83424 4
83425 0
83426 0
83427 0
83428 0
83429 10
83430 0
83431 0
83432 0
83433 0
83434 24
83435 38
83436 0
83437 0
83438 56
83439 64
83440 0
83441 2
83442 0
83443 0
83444 4
83445 0
83446 0
83447 302
83448 0
83449 8
83450 0
83451 80
83452 8
83453 2
83454 4
83455 0
83456 20
83457 0
83458 0
83459 118
83460 0
83461 0
83462 56
83463 0
83464 4
83465 2
83466 0
83467 0
83468 0
83469 24
83470 0
83471 30
83472 0
83473 0
83474 28
83475 0
83476 0
83477 2
83478 0
83479 32
83480 0
83481 0
83482 20
83483 6
83484 4
83485 0
83486 8
83487 0
83488 0
83489 50
83490 0
83491 0
83492 0
83493 0
83494 4
83495 14
83496 0
83497 0
83498 0
83499 16
83500 0
83501 2
83502 0
83503 128
83504 4
83505 0
83506 0
83507 6
83508 0
83509 8
83510 0
83511 0
83512 0
83513 42
83514 4
83515 0
83516 0
83517 0
83518 0
83519 382
83520 8
83521 0
83522 20
83523 0
83524 172
83525 2
83526 0
83527 0
83528 0
83529 8
83530 0
83531 6
83532 0
83533 0
83534 4
83535 0
83536 0
83537 210
83538 0
83539 16
83540 0
83541 0
83542 0
83543 14
83544 44
83545 0
83546 0
83547 0
83548 0
83549 10
83550 0
83551 0
83552 0
83553 0
83554 12
83555 86
83556 0
83557 0
83558 0
83559 32
83560 0
83561 2
83562 0
83563 0
83564 4
83565 112
83566 0
83567 30
83568 0
83569 8
83570 0
83571 32
83572 0
83573 2
83574 4
83575 160
83576 0
83577 0
83578 0
83579 22
83580 0
83581 0
83582 0
83583 0
83584 4
83585 2
83586 0
83587 0
83588 28
83589 56
83590 0
83591 462
83592 0
83593 0
83594 4
83595 0
83596 0
83597 2
83598 0
83599 64
83600 24
83601 0
83602 0
83603 6
83604 4
83605 16
83606 20
83607 0
83608 0
83609 10
83610 0
83611 0
83612 0
83613 0
83614 4
83615 62
83616 0
83617 0
83618 252
83619 16
83620 0
83621 42
83622 8
83623 0
83624 4
83625 0
83626 0
83627 6
83628 0
83629 8
83630 0
83631 0
83632 0
83633 2
83634 4
83635 0
83636 0
83637 40
83638 0
83639 1294
83640 0
83641 0
83642 0
83643 0
83644 4
83645 2
83646 0
83647 0
83648 0
83649 8
83650 0
83651 6
83652 0
83653 0
83654 144
83655 0
83656 8
83657 2
83658 0
83659 16
83660 0
83661 0
83662 0
83663 414
83664 4
83665 0
83666 0
83667 0
83668 20
83669 10
83670 0
83671 0
83672 0
83673 16
83674 4
83675 6
83676 0
83677 0
83678 0
83679 128
83680 0
83681 2
83682 0
83683 0
83684 4
83685 0
83686 0
83687 174
83688 0
83689 8
83690 8
83691 0
83692 56
83693 2
83694 4
83695 0
83696 0
83697 0
83698 0
83699 102
83700 0
83701 0
83702 0
83703 0
83704 4
83705 2
83706 0
83707 32
83708 0
83709 8
83710 0
83711 510
83712 0
83713 0
83714 4
83715 0
83716 0
83717 2
83718 0
83719 608
83720 76
83721 0
83722 0
83723 6
83724 12
83725 0
83726 24
83727 0
83728 0
83729 10
83730 20
83731 0
83732 0
83733 0
83734 4
83735 14
83736 0
83737 0
83738 0
83739 16
83740 0
83741 18
83742 120
83743 0
83744 4
83745 0
83746 0
83747 6
83748 0
83749 8
83750 0
83751 0
83752 0
83753 42
83754 4
83755 0
83756 0
83757 0
83758 8
83759 94
83760 0
83761 40
83762 0
83763 0
83764 4
83765 2
83766 0
83767 0
83768 0
83769 8
83770 0
83771 6
83772 0
83773 0
83774 4
83775 512
83776 0
83777 2
83778 0
83779 16
83780 0
83781 288
83782 0
83783 14
83784 28
83785 0
83786 20
83787 0
83788 0
83789 130
83790 0
83791 0
83792 28
83793 0
83794 4
83795 6
83796 0
83797 0
83798 0
83799 32
83800 0
83801 2
83802 0
83803 1008
83804 4
83805 0
83806 0
83807 62
83808 0
83809 24
83810 0
83811 0
83812 0
83813 2
83814 4
83815 0
83816 0
83817 0
83818 0
83819 326
83820 0
83821 0
83822 0
83823 320
83824 4
83825 2
83826 8
83827 0
83828 0
83829 8
83830 0
83831 14
83832 0
83833 0
83834 4
83835 0
83836 0
83837 2
83838 0
83839 512
83840 0
83841 0
83842 0
83843 38
83844 24
83845 0
83846 0
83847 0
83848 0
83849 170
83850 0
83851 0
83852 44
83853 0
83854 24
83855 30
83856 0
83857 0
83858 0
83859 16
83860 8
83861 2
83862 0
83863 0
83864 4
83865 0
83866 0
83867 6
83868 0
83869 8
83870 0
83871 0
83872 0
83873 2
83874 4
83875 0
83876 0
83877 16
83878 0
83879 46
83880 0
83881 0
83882 0
83883 0
83884 4
83885 2722
83886 0
83887 0
83888 0
83889 8
83890 0
83891 6
83892 0
83893 0
83894 140
83895 0
83896 0
83897 2
83898 0
83899 16
83900 0
83901 0
83902 0
83903 126
83904 4
83905 0
83906 0
83907 0
83908 0
83909 10
83910 0
83911 64
83912 0
83913 0
83914 28
83915 102
83916 20
83917 0
83918 20
83919 64
83920 0
83921 2
83922 0
83923 0
83924 4
83925 0
83926 1056
83927 14
83928 8
83929 8
83930 0
83931 0
83932 0
83933 2
83934 4
83935 0
83936 0
83937 0
83938 0
83939 22
83940 0
83941 0
83942 0
83943 0
83944 4
83945 18
83946 56
83947 80
83948 0
83949 8
83950 0
83951 350
83952 0
83953 0
83954 4
83955 0
83956 0
83957 2
83958 0
83959 32
83960 36
83961 0
83962 8
83963 6
83964 4
83965 0
83966 0
83967 0
83968 0
83969 10
83970 0
83971 0
83972 0
83973 0
83974 4
83975 14
83976 0
83977 0
83978 100
83979 144
83980 0
83981 2
83982 0
83983 0
83984 24
83985 0
83986 0
83987 6
83988 0
83989 8
83990 0
83991 0
83992 0
83993 2
83994 4
83995 0
83996 8
83997 0
83998 0
83999 190
84000 0
84001 0
84002 0
84003 0
84004 4
84005 2
84006 0
84007 0
84008 1056
84009 48
84010 0
84011 6
84012 0
84013 16
84014 4
84015 0
84016 0
84017 42
84018 0
84019 16
84020 0
84021 0
84022 0
84023 14
84024 4
84025 0
84026 0
84027 0
84028 0
84029 10
84030 8
84031 0
84032 0
84033 0
84034 4
84035 6
84036 0
84037 0
84038 144
84039 32
84040 20
84041 50
84042 0
84043 0
84044 28
84045 0
84046 0
84047 158
84048 0
84049 968
84050 20
84051 0
84052 0
84053 2
84054 4
84055 0
84056 0
84057 0
84058 0
84059 22
84060 0
84061 0
84062 0
84063 0
84064 12
84065 2
84066 0
84067 0
84068 0
84069 8
84070 0
84071 174
84072 0
84073 112
84074 4
84075 0
84076 0
84077 2
84078 0
84079 64
84080 0
84081 16
84082 0
84083 86
84084 4
84085 0
84086 0
84087 0
84088 0
84089 10
84090 0
84091 0
84092 0
84093 0
84094 4
84095 254
84096 0
84097 0
84098 8
84099 16
84100 0
84101 2
84102 20
84103 0
84104 28
84105 0
84106 0
84107 230
84108 0
84109 56
84110 0
84111 0
84112 0
84113 2
84114 4
84115 32
84116 20
84117 0
84118 0
84119 46
84120 0
84121 0
84122 0
84123 0
84124 4
84125 2
84126 0
84127 0
84128 0
84129 8
84130 0
84131 1014
84132 8
84133 40
84134 4
84135 0
84136 0
84137 2
84138 0
84139 16
84140 0
84141 0
84142 0
84143 30
84144 4
84145 0
84146 0
84147 0
84148 0
84149 322
84150 0
84151 0
84152 0
84153 0
84154 4
84155 6
84156 0
84157 0
84158 0
84159 256
84160 0
84161 2
84162 0
84163 0
84164 24
84165 0
84166 8
84167 206
84168 0
84169 8
84170 0
84171 0
84172 0
84173 2
84174 76
84175 0
84176 0
84177 0
84178 0
84179 22
84180 0
84181 0
84182 20
84183 64
84184 4
84185 2
84186 0
84187 0
84188 0
84189 8
84190 0
84191 62
84192 0
84193 0
84194 4
84195 80
84196 0
84197 2
84198 0
84199 32
84200 64
84201 0
84202 0
84203 6
84204 4
84205 0
84206 0
84207 0
84208 0
84209 10
84210 0
84211 0
84212 0
84213 0
84214 4
84215 174
84216 0
84217 16
84218 0
84219 16
84220 0
84221 2
84222 0
84223 0
84224 4
84225 0
84226 40
84227 6
84228 0
84229 8
84230 24
84231 0
84232 0
84233 2
84234 12
84235 0
84236 56
84237 0
84238 0
84239 2014
84240 0
84241 0
84242 0
84243 0
84244 4
84245 2
84246 0
84247 0
84248 20
84249 8
84250 0
84251 38
84252 0
84253 0
84254 24
84255 0
84256 0
84257 762
84258 0
84259 16
84260 0
84261 0
84262 0
84263 14
84264 4
84265 0
84266 0
84267 0
84268 8
84269 10
84270 0
84271 0
84272 0
84273 0
84274 4
84275 6
84276 0
84277 0
84278 0
84279 32
84280 0
84281 42
84282 0
84283 0
84284 4
84285 16
84286 0
84287 126
84288 20
84289 8
84290 0
84291 0
84292 0
84293 50
84294 4
84295 1152
84296 0
84297 0
84298 0
84299 22
84300 0
84301 0
84302 44
84303 0
84304 28
84305 2
84306 0
84307 0
84308 0
84309 8
84310 0
84311 14
84312 0
84313 0
84314 276
84315 0
84316 0
84317 2
84318 0
84319 1024
84320 0
84321 0
84322 0
84323 6
84324 4
84325 0
84326 0
84327 448
84328 0
84329 10
84330 0
84331 0
84332 0
84333 0
84334 4
84335 30
84336 8
84337 0
84338 0
84339 16
84340 0
84341 2
84342 0
84343 0
84344 4
84345 0
84346 0
84347 86
84348 0
84349 104
84350 20
84351 0
84352 0
84353 18
84354 4
84355 0
84356 96
84357 0
84358 0
84359 46
84360 0
84361 0
84362 0
84363 0
84364 4
84365 114
84366 0
84367 0
84368 0
84369 56
84370 8
84371 6
84372 0
84373 0
84374 4
84375 0
84376 0
84377 2
84378 0
84379 16
84380 20
84381 40
84382 0
84383 62
84384 4
84385 0
84386 0
84387 32
84388 0
84389 10
84390 0
84391 0
84392 0
84393 0
84394 4
84395 6
84396 0
84397 0
84398 0
84399 64
84400 0
84401 2
84402 0
84403 0
84404 140
84405 0
84406 0
84407 14
84408 0
84409 8
84410 0
84411 0
84412 20
84413 42
84414 4
84415 0
84416 0
84417 0
84418 0
84419 118
84420 0
84421 16
84422 0
84423 0
84424 4
84425 2
84426 0
84427 0
84428 0
84429 8
84430 0
84431 30
84432 0
84433 0
84434 28
84435 0
84436 0
84437 2
84438 8
84439 32
84440 0
84441 0
84442 0
84443 86
84444 4
84445 0
84446 20
84447 0
84448 0
84449 10
84450 0
84451 0
84452 0
84453 0
84454 60
84455 78
84456 0
84457 0
84458 0
84459 96
84460 0
84461 2
84462 0
84463 0
84464 4
84465 0
84466 0
84467 6
84468 0
84469 8
84470 0
84471 0
84472 8
84473 74
84474 24
84475 0
84476 0
84477 0
84478 0
84479 13310
84480 0
84481 0
84482 24
84483 0
84484 4
84485 2
84486 0
84487 0
84488 0
84489 24
84490 0
84491 6
84492 0
84493 0
84494 60
84495 0
84496 0
84497 2
84498 0
84499 112
84500 0
84501 0
84502 0
84503 14
84504 4
84505 40
84506 8
84507 0
84508 0
84509 10
84510 0
84511 0
84512 20
84513 0
84514 4
84515 6
84516 0
84517 0
84518 0
84519 32
84520 0
84521 2
84522 0
84523 32
84524 4
84525 0
84526 0
84527 30
84528 0
84529 8
84530 0
84531 0
84532 0
84533 2
84534 4
84535 0
84536 20
84537 0
84538 0
84539 22
84540 8
84541 0
84542 0
84543 0
84544 4
84545 90
84546 0
84547 0
84548 0
84549 8
84550 0
84551 14
84552 144
84553 0
84554 4
84555 0
84556 0
84557 18
84558 0
84559 64
84560 0
84561 0
84562 0
84563 6
84564 28
84565 0
84566 0
84567 320
84568 0
84569 10
84570 0
84571 0
84572 0
84573 0
84574 12
84575 62
84576 0
84577 0
84578 20
84579 16
84580 0
84581 114
84582 0
84583 0
84584 4
84585 0
84586 0
84587 6
84588 0
84589 8
84590 48
84591 128
84592 0
84593 2
84594 4
84595 0
84596 0
84597 0
84598 20
84599 46
84600 0
84601 0
84602 0
84603 0
84604 4
84605 2
84606 0
84607 0
84608 32
84609 8
84610 0
84611 86
84612 0
84613 0
84614 4
84615 0
84616 0
84617 2
84618 0
84619 16
84620 0
84621 0
84622 0
84623 926
84624 4
84625 16
84626 0
84627 0
84628 0
84629 482
84630 0
84631 0
84632 0
84633 0
84634 4
84635 6
84636 0
84637 0
84638 0
84639 128
84640 0
84641 2
84642 8
84643 0
84644 276
84645 0
84646 0
84647 14
84648 0
84649 8
84650 0
84651 0
84652 0
84653 2
84654 4
84655 0
84656 0
84657 0
84658 0
84659 566
84660 488
84661 0
84662 0
84663 0
84664 24
84665 2
84666 0
84667 0
84668 0
84669 8
84670 0
84671 1662
84672 0
84673 0
84674 4
84675 0
84676 8
84677 42
84678 0
84679 32
84680 0
84681 0
84682 0
84683 6
84684 4
84685 0
84686 0
84687 0
84688 0
84689 10
84690 0
84691 608
84692 0
84693 16
84694 28
84695 14
84696 0
84697 0
84698 0
84699 16
84700 0
84701 2
84702 0
84703 0
84704 4
84705 0
84706 0
84707 6
84708 56
84709 8
84710 28
84711 0
84712 0
84713 2
84714 4
84715 0
84716 0
84717 0
84718 0
84719 94
84720 0
84721 0
84722 20
84723 0
84724 4
84725 2
84726 0
84727 64
84728 0
84729 8
84730 0
84731 6
84732 0
84733 0
84734 28
84735 0
84736 0
84737 2
84738 0
84739 16
84740 0
84741 0
84742 0
84743 174
84744 12
84745 0
84746 0
84747 0
84748 0
84749 10
84750 0
84751 0
84752 56
84753 40
84754 4
84755 6
84756 0
84757 0
84758 0
84759 224
84760 0
84761 18
84762 0
84763 0
84764 4
84765 0
84766 0
84767 62
84768 0
84769 8
84770 0
84771 0
84772 0
84773 2
84774 4
84775 0
84776 20
84777 0
84778 8
84779 22
84780 0
84781 0
84782 0
84783 0
84784 24
84785 2
84786 0
84787 0
84788 0
84789 8
84790 0
84791 14
84792 0
84793 0
84794 4
84795 32
84796 0
84797 50
84798 0
84799 256
84800 0
84801 0
84802 0
84803 6
84804 4
84805 0
84806 0
84807 0
84808 0
84809 466
84810 0
84811 0
84812 8
84813 0
84814 4
84815 926
84816 0
84817 0
84818 0
84819 16
84820 0
84821 2
84822 0
84823 0
84824 124
84825 504
84826 0
84827 6
84828 0
84829 24
84830 0
84831 0
84832 0
84833 2
84834 4
84835 224
84836 0
84837 0
84838 0
84839 46
84840 0
84841 0
84842 20
84843 0
84844 4
84845 2
84846 28
84847 0
84848 0
84849 8
84850 0
84851 6
84852 0
84853 0
84854 4
84855 0
84856 0
84857 2
84858 0
84859 16
84860 24
84861 0
84862 0
84863 1278
84864 4
84865 0
84866 0
84867 0
84868 0
84869 50
84870 0
84871 0
84872 0
84873 0
84874 4
84875 86
84876 0
84877 40
84878 0
84879 64
84880 8
84881 114
84882 0
84883 0
84884 4
84885 0
84886 0
84887 14
84888 0
84889 56
84890 0
84891 0
84892 0
84893 2
84894 4
84895 0
84896 0
84897 16
84898 0
84899 22
84900 0
84901 0
84902 0
84903 0
84904 4
84905 2
84906 0
84907 0
84908 480
84909 8
84910 0
84911 30
84912 0
84913 0
84914 140
84915 0
84916 0
84917 2
84918 0
84919 32
84920 0
84921 0
84922 0
84923 102
84924 4
84925 0
84926 0
84927 0
84928 0
84929 10
84930 0
84931 32
84932 0
84933 0
84934 4
84935 14
84936 0
84937 0
84938 0
84939 96
84940 0
84941 42
84942 0
84943 0
84944 4
84945 0
84946 0
84947 6
84948 8
84949 8
84950 0
84951 0
84952 0
84953 2
84954 28
84955 0
84956 0
84957 0
84958 0
84959 190
84960 0
84961 0
84962 56
84963 0
84964 4
84965 18
84966 0
84967 0
84968 0
84969 8
84970 20
84971 6
84972 0
84973 0
84974 24
84975 0
84976 0
84977 2
84978 0
84979 16
84980 0
84981 0
84982 8
84983 14
84984 4
84985 0
84986 60
84987 0
84988 0
84989 10
84990 0
84991 0
84992 0
84993 0
84994 4
84995 6
84996 0
84997 0
84998 0
84999 96
85000 0
85001 42
85002 0
85003 0
85004 4
85005 0
85006 0
85007 350
85008 0
85009 8
85010 56
85011 0
85012 0
85013 2
85014 4
85015 0
85016 8
85017 0
85018 0
85019 838
85020 0
85021 0
85022 0
85023 0
85024 4
85025 2
85026 0
85027 0
85028 0
85029 8
85030 0
85031 14
85032 20
85033 16
85034 4
85035 0
85036 0
85037 2
85038 0
85039 64
85040 20
85041 0
85042 0
85043 6
85044 4
85045 0
85046 0
85047 0
85048 0
85049 58
85050 8
85051 0
85052 0
85053 0
85054 4
85055 126
85056 0
85057 0
85058 0
85059 16
85060 0
85061 2
85062 0
85063 160
85064 4
85065 0
85066 144
85067 38
85068 0
85069 8
85070 0
85071 0
85072 0
85073 42
85074 484
85075 0
85076 0
85077 0
85078 0
85079 46
85080 0
85081 0
85082 0
85083 0
85084 84
85085 2
85086 0
85087 0
85088 0
85089 120
85090 0
85091 6
85092 0
85093 0
85094 24
85095 0
85096 0
85097 2
85098 0
85099 16
85100 0
85101 16
85102 0
85103 30
85104 4
85105 0
85106 20
85107 0
85108 0
85109 10
85110 0
85111 0
85112 24
85113 0
85114 4
85115 6
85116 0
85117 0
85118 8
85119 512
85120 0
85121 2
85122 0
85123 0
85124 4
85125 40
85126 0
85127 14
85128 0
85129 8
85130 0
85131 0
85132 0
85133 2
85134 4
85135 128
85136 0
85137 0
85138 0
85139 326
85140 0
85141 0
85142 0
85143 0
85144 4
85145 2
85146 0
85147 0
85148 0
85149 56
85150 0
85151 62
85152 8
85153 0
85154 4
85155 0
85156 20
85157 506
85158 0
85159 32
85160 0
85161 0
85162 0
85163 6
85164 4
85165 0
85166 0
85167 0
85168 0
85169 282
85170 0
85171 0
85172 20
85173 0
85174 4
85175 782
85176 0
85177 0
85178 0
85179 16
85180 0
85181 2
85182 0
85183 0
85184 4
85185 0
85186 8
85187 86
85188 0
85189 8
85190 0
85191 0
85192 0
85193 2
85194 4
85195 0
85196 0
85197 0
85198 0
85199 94
85200 0
85201 672
85202 0
85203 32
85204 4
85205 42
85206 0
85207 0
85208 0
85209 8
85210 0
85211 6
85212 0
85213 0
85214 28
85215 0
85216 56
85217 2
85218 20
85219 16
85220 8
85221 0
85222 0
85223 14
85224 4
85225 0
85226 0
85227 0
85228 0
85229 10
85230 0
85231 0
85232 0
85233 0
85234 4
85235 6
85236 0
85237 16
85238 44
85239 32
85240 0
85241 2
85242 0
85243 0
85244 4
85245 0
85246 0
85247 510
85248 0
85249 88
85250 0
85251 0
85252 0
85253 2
85254 12
85255 0
85256 0
85257 0
85258 0
85259 22
85260 0
85261 0
85262 0
85263 0
85264 4
85265 2
85266 0
85267 0
85268 56
85269 8
85270 0
85271 238
85272 0
85273 0
85274 4
85275 0
85276 0
85277 2
85278 0
85279 1536
85280 20
85281 0
85282 0
85283 6
85284 4
85285 0
85286 0
85287 0
85288 8
85289 10
85290 0
85291 0
85292 0
85293 0
85294 4
85295 30
85296 0
85297 0
85298 0
85299 16
85300 0
85301 50
85302 0
85303 0
85304 24
85305 16
85306 0
85307 6
85308 0
85309 8
85310 0
85311 1280
85312 0
85313 2
85314 4
85315 0
85316 0
85317 0
85318 0
85319 46
85320 0
85321 0
85322 8
85323 576
85324 4
85325 2
85326 0
85327 0
85328 36
85329 8
85330 0
85331 6
85332 0
85333 0
85334 4
85335 0
85336 252
85337 42
85338 0
85339 48
85340 0
85341 0
85342 20
85343 1854
85344 28
85345 0
85346 0
85347 0
85348 0
85349 10
85350 0
85351 0
85352 0
85353 0
85354 4
85355 6
85356 8
85357 0
85358 0
85359 64
85360 0
85361 2
85362 0
85363 0
85364 28
85365 0
85366 0
85367 14
85368 0
85369 8
85370 20
85371 0
85372 0
85373 58
85374 136
85375 0
85376 0
85377 0
85378 0
85379 22
85380 0
85381 0
85382 0
85383 0
85384 4
85385 2
85386 0
85387 0
85388 0
85389 8
85390 8
85391 30
85392 0
85393 0
85394 4
85395 0
85396 0
85397 114
85398 0
85399 32
85400 0
85401 0
85402 0
85403 86
85404 24
85405 0
85406 0
85407 256
85408 0
85409 250
85410 0
85411 0
85412 0
85413 0
85414 4
85415 14
85416 0
85417 0
85418 0
85419 16
85420 0
85421 2
85422 0
85423 0
85424 140
85425 0
85426 0
85427 102
85428 0
85429 8
85430 0
85431 0
85432 0
85433 2
85434 4
85435 80
85436 20
85437 0
85438 0
85439 382
85440 0
85441 16
85442 0
85443 0
85444 4
85445 2
85446 0
85447 0
85448 0
85449 8
85450 0
85451 6
85452 0
85453 0
85454 4
85455 0
85456 0
85457 2
85458 8
85459 16
85460 0
85461 0
85462 0
85463 14
85464 4
85465 0
85466 20
85467 0
85468 0
85469 50
85470 56
85471 0
85472 0
85473 0
85474 28
85475 38
85476 0
85477 0
85478 0
85479 32
85480 0
85481 2
85482 0
85483 0
85484 24
85485 0
85486 0
85487 30
85488 104
85489 8
85490 24
85491 0
85492 8
85493 2
85494 4
85495 0
85496 0
85497 40
85498 0
85499 166
85500 0
85501 0
85502 20
85503 0
85504 4
85505 2
85506 0
85507 0
85508 0
85509 24
85510 0
85511 14
85512 0
85513 0
85514 4
85515 0
85516 0
85517 2
85518 0
85519 64
85520 0
85521 0
85522 0
85523 6
85524 4
85525 0
85526 64
85527 0
85528 20
85529 10
85530 0
85531 0
85532 0
85533 0
85534 4
85535 702
85536 0
85537 0
85538 0
85539 304
85540 0
85541 2
85542 0
85543 64
85544 4
85545 0
85546 0
85547 6
85548 0
85549 8
85550 0
85551 0
85552 0
85553 50
85554 4
85555 0
85556 0
85557 0
85558 0
85559 206
85560 8
85561 0
85562 0
85563 0
85564 4
85565 2
85566 0
85567 0
85568 20
85569 8
85570 0
85571 6
85572 0
85573 0
85574 4
85575 0
85576 0
85577 18
85578 0
85579 16
85580 144
85581 0
85582 0
85583 30
85584 4
85585 0
85586 0
85587 0
85588 0
85589 10
85590 40
85591 0
85592 0
85593 0
85594 12
85595 6
85596 0
85597 1120
85598 0
85599 128
85600 0
85601 42
85602 0
85603 0
85604 28
85605 0
85606 0
85607 14
85608 0
85609 8
85610 0
85611 32
85612 0
85613 2
85614 4
85615 0
85616 24
85617 0
85618 0
85619 22
85620 0
85621 40
85622 0
85623 0
85624 4
85625 2
85626 0
85627 0
85628 8
85629 8
85630 0
85631 254
85632 0
85633 0
85634 24
85635 0
85636 0
85637 2
85638 0
85639 32
85640 0
85641 0
85642 0
85643 6
85644 4
85645 16
85646 0
85647 0
85648 0
85649 10
85650 0
85651 0
85652 20
85653 0
85654 4
85655 462
85656 0
85657 0
85658 0
85659 16
85660 0
85661 2
85662 8
85663 0
85664 4
85665 0
85666 0
85667 86
85668 0
85669 56
85670 252
85671 0
85672 0
85673 2
85674 4
85675 0
85676 0
85677 0
85678 0
85679 2654
85680 0
85681 0
85682 0
85683 80
85684 4
85685 2
85686 0
85687 0
85688 0
85689 48
85690 0
85691 6
85692 0
85693 0
85694 4
85695 0
85696 8
85697 2
85698 0
85699 16
85700 20
85701 0
85702 0
85703 14
85704 4
85705 0
85706 0
85707 0
85708 0
85709 10
85710 0
85711 0
85712 0
85713 16
85714 24
85715 6
85716 0
85717 0
85718 0
85719 32
85720 0
85721 2
85722 0
85723 0
85724 60
85725 0
85726 0
85727 62
85728 0
85729 8
85730 8
85731 0
85732 0
85733 42
85734 28
85735 0
85736 0
85737 0
85738 0
85739 22
85740 0
85741 0
85742 24
85743 0
85744 4
85745 42
85746 0
85747 32
85748 0
85749 8
85750 0
85751 14
85752 0
85753 0
85754 4
85755 0
85756 0
85757 2
85758 0
85759 1024
85760 0
85761 0
85762 0
85763 6
85764 12
85765 0
85766 20
85767 0
85768 0
85769 10
85770 0
85771 0
85772 0
85773 0
85774 4
85775 30
85776 20
85777 0
85778 0
85779 16
85780 0
85781 18
85782 0
85783 0
85784 60
85785 0
85786 0
85787 6
85788 0
85789 8
85790 0
85791 0
85792 0
85793 2
85794 4
85795 0
85796 0
85797 0
85798 8
85799 398
85800 0
85801 0
85802 0
85803 0
85804 4
85805 50
85806 0
85807 320
85808 0
85809 8
85810 0
85811 6
85812 0
85813 0
85814 4
85815 64
85816 0
85817 2
85818 0
85819 16
85820 0
85821 0
85822 0
85823 126
85824 4
85825 0
85826 0
85827 0
85828 0
85829 10
85830 0
85831 0
85832 28
85833 0
85834 4
85835 6
85836 0
85837 288
85838 20
85839 64
85840 0
85841 74
85842 0
85843 0
85844 4
85845 0
85846 0
85847 2030
85848 0
85849 24
85850 0
85851 224
85852 0
85853 2
85854 4
85855 0
85856 0
85857 0
85858 0
85859 22
85860 0
85861 0
85862 0
85863 0
85864 28
85865 42
85866 8
85867 0
85868 24
85869 48
85870 0
85871 30
85872 0
85873 0
85874 4
85875 0
85876 0
85877 2
85878 0
85879 32
85880 0
85881 0
85882 0
85883 38
85884 4
85885 0
85886 0
85887 0
85888 0
85889 10
85890 0
85891 0
85892 0
85893 0
85894 24
85895 14
85896 0
85897 0
85898 20
85899 16
85900 28
85901 2
85902 0
85903 0
85904 4
85905 0
85906 0
85907 6
85908 0
85909 8
85910 0
85911 0
85912 0
85913 114
85914 4
85915 0
85916 0
85917 16
85918 0
85919 190
85920 0
85921 0
85922 0
85923 0
85924 4
85925 2
85926 0
85927 0
85928 0
85929 56
85930 0
85931 2022
85932 0
85933 0
85934 140
85935 0
85936 0
85937 2
85938 0
85939 16
85940 0
85941 0
85942 0
85943 14
85944 4
85945 0
85946 0
85947 0
85948 0
85949 10
85950 0
85951 512
85952 0
85953 0
85954 4
85955 6
85956 0
85957 0
85958 0
85959 32
85960 0
85961 2
85962 20
85963 0
85964 24
85965 0
85966 0
85967 30
85968 8
85969 8
85970 0
85971 0
85972 0
85973 2114
85974 4
85975 0
85976 0
85977 0
85978 56
85979 22
85980 0
85981 0
85982 0
85983 0
85984 4
85985 18
85986 0
85987 0
85988 0
85989 8
85990 0
85991 14
85992 0
85993 40
85994 2068
85995 0
85996 0
85997 42
85998 0
85999 64
86000 0
86001 0
86002 8
86003 6
86004 4
86005 0
86006 0
86007 0
86008 0
86009 10
86010 0
86011 0
86012 36
86013 0
86014 4
86015 8190
86016 0
86017 0
86018 0
86019 48
86020 0
86021 2
86022 0
86023 0
86024 24
86025 0
86026 0
86027 6
86028 0
86029 8
86030 20
86031 0
86032 0
86033 2
86034 4
86035 0
86036 2264
86037 0
86038 0
86039 46
86040 0
86041 0
86042 56
86043 0
86044 4
86045 2
86046 0
86047 0
86048 0
86049 8
86050 0
86051 6
86052 0
86053 16
86054 4
86055 160
86056 0
86057 2162
86058 0
86059 112
86060 0
86061 0
86062 0
86063 350
86064 4
86065 0
86066 0
86067 0
86068 0
86069 10
86070 8
86071 0
86072 0
86073 0
86074 4
86075 6
86076 0
86077 0
86078 0
86079 256
86080 0
86081 2
86082 0
86083 0
86084 4
86085 0
86086 20
86087 78
86088 0
86089 8
86090 0
86091 0
86092 0
86093 2
86094 148
86095 0
86096 20
86097 0
86098 0
86099 1942
86100 0
86101 0
86102 0
86103 0
86104 12
86105 114
86106 0
86107 0
86108 0
86109 8
86110 0
86111 62
86112 0
86113 0
86114 4
86115 0
86116 0
86117 42
86118 0
86119 32
86120 24
86121 16
86122 0
86123 6
86124 28
86125 0
86126 0
86127 0
86128 0
86129 50
86130 0
86131 0
86132 0
86133 0
86134 4
86135 14
86136 0
86137 0
86138 8
86139 16
86140 0
86141 2
86142 0
86143 0
86144 4
86145 0
86146 0
86147 6
86148 20
86149 8
86150 0
86151 0
86152 0
86153 2
86154 4
86155 32
86156 0
86157 0
86158 0
86159 94
86160 0
86161 0
86162 20
86163 0
86164 4
86165 2
86166 0
86167 0
86168 0
86169 8
86170 0
86171 230
86172 8
86173 0
86174 4
86175 0
86176 0
86177 2
86178 0
86179 96
86180 0
86181 0
86182 0
86183 2222
86184 4
86185 0
86186 0
86187 0
86188 0
86189 330
86190 0
86191 0
86192 0
86193 0
86194 4
86195 86
86196 0
86197 0
86198 0
86199 32
86200 0
86201 2
86202 0
86203 0
86204 4
86205 0
86206 8
86207 126
86208 0
86209 8
86210 20
86211 0
86212 0
86213 2
86214 4
86215 0
86216 0
86217 0
86218 0
86219 22
86220 0
86221 0
86222 0
86223 128
86224 4
86225 2
86226 0
86227 0
86228 20
86229 8
86230 0
86231 14
86232 56
86233 0
86234 4
86235 0
86236 0
86237 2
86238 0
86239 128
86240 8
86241 40
86242 0
86243 6
86244 4
86245 0
86246 24
86247 0
86248 0
86249 10
86250 0
86251 0
86252 0
86253 0
86254 28
86255 30
86256 0
86257 16
86258 0
86259 16
86260 0
86261 42
86262 0
86263 0
86264 4
86265 0
86266 0
86267 6
86268 0
86269 8
86270 0
86271 0
86272 40
86273 2
86274 12
86275 0
86276 0
86277 0
86278 0
86279 46
86280 0
86281 0
86282 0
86283 0
86284 4
86285 2
86286 0
86287 0
86288 0
86289 8
86290 0
86291 38
86292 0
86293 0
86294 24
86295 0
86296 0
86297 2
86298 0
86299 16
86300 56
86301 0
86302 0
86303 702
86304 24
86305 0
86306 0
86307 0
86308 8
86309 58
86310 0
86311 0
86312 0
86313 0
86314 4
86315 6
86316 0
86317 0
86318 0
86319 448
86320 0
86321 2
86322 0
86323 0
86324 4
86325 16
86326 0
86327 174
86328 0
86329 8
86330 0
86331 0
86332 0
86333 2
86334 24
86335 0
86336 0
86337 0
86338 0
86339 22
86340 0
86341 0
86342 8
86343 0
86344 4
86345 2
86346 0
86347 0
86348 0
86349 8
86350 0
86351 2334
86352 0
86353 0
86354 40
86355 0
86356 0
86357 2
86358 252
86359 544
86360 20
86361 0
86362 0
86363 6
86364 4
86365 40
86366 0
86367 0
86368 0
86369 10
86370 0
86371 0
86372 24
86373 0
86374 4
86375 14
86376 8
86377 0
86378 0
86379 16
86380 0
86381 2
86382 0
86383 0
86384 28
86385 0
86386 0
86387 6
86388 0
86389 8
86390 180
86391 0
86392 0
86393 58
86394 4
86395 0
86396 20
86397 0
86398 0
86399 766
86400 0
86401 0
86402 0
86403 0
86404 4
86405 2
86406 0
86407 0
86408 0
86409 8
86410 8
86411 6
86412 0
86413 0
86414 4
86415 0
86416 0
86417 2
86418 0
86419 16
86420 0
86421 0
86422 0
86423 14
86424 4
86425 0
86426 20
86427 112
86428 0
86429 122
86430 0
86431 0
86432 0
86433 0
86434 4
86435 102
86436 0
86437 0
86438 0
86439 32
86440 0
86441 2
86442 0
86443 0
86444 140
86445 0
86446 0
86447 30
86448 0
86449 152
86450 0
86451 0
86452 0
86453 2
86454 4
86455 0
86456 0
86457 0
86458 20
86459 102
86460 0
86461 16
86462 0
86463 0
86464 4
86465 2
86466 0
86467 0
86468 0
86469 8
86470 0
86471 14
86472 0
86473 0
86474 4
86475 0
86476 0
86477 2
86478 8
86479 64
86480 0
86481 0
86482 0
86483 6
86484 4
86485 0
86486 56
86487 0
86488 0
86489 50
86490 0
86491 0
86492 20
86493 0
86494 4
86495 318
86496 0
86497 0
86498 24
86499 16
86500 0
86501 2
86502 0
86503 0
86504 4
86505 0
86506 0
86507 6
86508 0
86509 48
86510 0
86511 0
86512 8
86513 2
86514 28
86515 0
86516 0
86517 0
86518 0
86519 46
86520 20
86521 0
86522 0
86523 0
86524 4
86525 114
86526 0
86527 0
86528 0
86529 24
86530 0
86531 6
86532 0
86533 0
86534 4
86535 0
86536 0
86537 2
86538 0
86539 16
86540 0
86541 0
86542 0
86543 30
86544 4
86545 0
86546 8
86547 0
86548 0
86549 10
86550 0
86551 160
86552 0
86553 0
86554 4
86555 6
86556 0
86557 0
86558 76
86559 128
86560 0
86561 50
86562 0
86563 32
86564 4
86565 0
86566 0
86567 14
86568 0
86569 8
86570 0
86571 0
86572 0
86573 2
86574 4
86575 0
86576 0
86577 0
86578 0
86579 502
86580 8
86581 0
86582 20
86583 0
86584 4
86585 2
86586 0
86587 0
86588 0
86589 8
86590 0
86591 1406
86592 0
86593 0
86594 4
86595 0
86596 0
86597 18
86598 0
86599 32
86600 0
86601 0
86602 0
86603 6
86604 4
86605 0
86606 0
86607 0
86608 144
86609 10
86610 0
86611 0
86612 0
86613 192
86614 12
86615 14
86616 0
86617 0
86618 0
86619 16
86620 0
86621 2
86622 0
86623 0
86624 48
86625 0
86626 0
86627 6
86628 0
86629 8
86630 0
86631 64
86632 0
86633 2
86634 4
86635 0
86636 0
86637 0
86638 0
86639 94
86640 0
86641 0
86642 0
86643 0
86644 48
86645 2
86646 0
86647 0
86648 8
86649 8
86650 0
86651 6
86652 0
86653 0
86654 4
86655 0
86656 0
86657 42
86658 0
86659 16
86660 0
86661 0
86662 0
86663 14
86664 4
86665 16
86666 0
86667 0
86668 0
86669 10
86670 0
86671 0
86672 0
86673 0
86674 4
86675 86
86676 0
86677 0
86678 0
86679 32
86680 0
86681 2
86682 8
86683 0
86684 4
86685 0
86686 0
86687 2622
86688 0
86689 8
86690 20
86691 0
86692 0
86693 2
86694 4
86695 0
86696 252
86697 0
86698 0
86699 566
86700 0
86701 0
86702 0
86703 0
86704 4
86705 2
86706 20
86707 0
86708 0
86709 56
86710 0
86711 14
86712 0
86713 0
86714 24
86715 0
86716 8
86717 2
86718 0
86719 256
86720 0
86721 0
86722 0
86723 86
86724 4
86725 0
86726 0
86727 0
86728 0
86729 10
86730 0
86731 0
86732 0
86733 16
86734 4
86735 30
86736 0
86737 40
86738 0
86739 16
86740 188
86741 2
86742 0
86743 0
86744 4
86745 0
86746 0
86747 6
86748 0
86749 8
86750 32
86751 0
86752 0
86753 2
86754 4
86755 0
86756 20
86757 0
86758 0
86759 46
86760 0
86761 0
86762 0
86763 0
86764 4
86765 2
86766 0
86767 128
86768 20
86769 8
86770 0
86771 6
86772 0
86773 0
86774 28
86775 0
86776 0
86777 2
86778 0
86779 16
86780 0
86781 0
86782 0
86783 510
86784 12
86785 0
86786 0
86787 0
86788 0
86789 50
86790 0
86791 0
86792 0
86793 0
86794 4
86795 6
86796 0
86797 0
86798 0
86799 384
86800 0
86801 18
86802 0
86803 0
86804 4
86805 0
86806 0
86807 14
86808 0
86809 8
86810 0
86811 0
86812 0
86813 194
86814 4
86815 0
86816 56
86817 0
86818 8
86819 22
86820 0
86821 0
86822 20
86823 0
86824 4
86825 2
86826 0
86827 0
86828 0
86829 8
86830 20
86831 30
86832 0
86833 0
86834 4
86835 32
86836 0
86837 2
86838 0
86839 224
86840 0
86841 0
86842 0
86843 6
86844 4
86845 0
86846 0
86847 0
86848 0
86849 10
86850 0
86851 0
86852 8
86853 0
86854 4
86855 174
86856 0
86857 0
86858 0
86859 16
86860 0
86861 42
86862 0
86863 0
86864 4
86865 288
86866 0
86867 374
86868 0
86869 528
86870 0
86871 0
86872 0
86873 2
86874 4
86875 0
86876 24
86877 0
86878 0
86879 190
86880 0
86881 0
86882 0
86883 0
86884 4
86885 2
86886 8
86887 0
86888 20
86889 8
86890 0
86891 6
86892 20
86893 0
86894 4
86895 0
86896 0
86897 2
86898 0
86899 16
86900 0
86901 0
86902 0
86903 78
86904 76
86905 0
86906 0
86907 0
86908 0
86909 10
86910 0
86911 0
86912 0
86913 0
86914 4
86915 6
86916 0
86917 0
86918 0
86919 192
86920 8
86921 42
86922 0
86923 80
86924 4
86925 0
86926 0
86927 30
86928 0
86929 8
86930 0
86931 0
86932 0
86933 2
86934 4
86935 0
86936 0
86937 16
86938 0
86939 118
86940 0
86941 0
86942 0
86943 0
86944 4
86945 114
86946 0
86947 0
86948 0
86949 8
86950 0
86951 14
86952 0
86953 0
86954 620
86955 0
86956 0
86957 2
86958 0
86959 64
86960 0
86961 0
86962 0
86963 6
86964 4
86965 0
86966 0
86967 0
86968 0
86969 58
86970 0
86971 32
86972 0
86973 0
86974 4
86975 126
86976 0
86977 0
86978 0
86979 16
86980 0
86981 2
86982 0
86983 0
86984 4
86985 40
86986 0
86987 86
86988 8
86989 8
86990 0
86991 0
86992 0
86993 2
86994 60
86995 0
86996 0
86997 0
86998 0
86999 46
87000 0
87001 0
87002 24
87003 0
87004 4
87005 18
87006 0
87007 0
87008 0
87009 8
87010 0
87011 6
87012 0
87013 0
87014 4
87015 0
87016 20
87017 2
87018 0
87019 16
87020 20
87021 0
87022 8
87023 30
87024 4
87025 0
87026 0
87027 0
87028 0
87029 10
87030 0
87031 0
87032 0
87033 0
87034 28
87035 6
87036 0
87037 0
87038 36
87039 12288
87040 0
87041 2
87042 0
87043 0
87044 4
87045 0
87046 0
87047 174
87048 0
87049 8
87050 0
87051 0
87052 0
87053 42
87054 4
87055 0
87056 8
87057 0
87058 0
87059 22
87060 0
87061 0
87062 0
87063 0
87064 4
87065 50
87066 0
87067 0
87068 0
87069 8
87070 0
87071 62
87072 0
87073 16
87074 60
87075 0
87076 0
87077 2
87078 20
87079 32
87080 0
87081 0
87082 0
87083 6
87084 4
87085 0
87086 20
87087 0
87088 0
87089 10
87090 8
87091 0
87092 0
87093 0
87094 4
87095 14
87096 0
87097 0
87098 0
87099 112
87100 0
87101 2
87102 0
87103 0
87104 4
87105 0
87106 0
87107 38
87108 0
87109 48
87110 0
87111 0
87112 0
87113 2
87114 4
87115 0
87116 0
87117 0
87118 0
87119 414
87120 0
87121 112
87122 144
87123 0
87124 492
87125 2
87126 0
87127 0
87128 24
87129 8
87130 0
87131 6
87132 0
87133 0
87134 4
87135 0
87136 0
87137 2
87138 0
87139 16
87140 20
87141 16
87142 0
87143 14
87144 4
87145 0
87146 0
87147 0
87148 0
87149 10
87150 0
87151 0
87152 20
87153 0
87154 4
87155 6
87156 0
87157 0
87158 8
87159 32
87160 0
87161 2
87162 0
87163 0
87164 124
87165 0
87166 0
87167 254
87168 0
87169 8
87170 0
87171 80
87172 0
87173 2
87174 4
87175 64
87176 0
87177 0
87178 0
87179 22
87180 0
87181 0
87182 0
87183 0
87184 4
87185 42
87186 0
87187 0
87188 0
87189 8
87190 0
87191 206
87192 8
87193 0
87194 4
87195 0
87196 0
87197 2
87198 0
87199 128
87200 0
87201 0
87202 20
87203 230
87204 4
87205 0
87206 0
87207 0
87208 0
87209 786
87210 0
87211 0
87212 0
87213 0
87214 4
87215 30
87216 0
87217 0
87218 20
87219 16
87220 0
87221 2
87222 0
87223 0
87224 4
87225 0
87226 8
87227 6
87228 0
87229 56
87230 0
87231 0
87232 0
87233 42
87234 4
87235 0
87236 0
87237 0
87238 0
87239 46
87240 0
87241 0
87242 0
87243 32
87244 4
87245 2
87246 0
87247 0
87248 56
87249 8
87250 0
87251 86
87252 0
87253 0
87254 28
87255 0
87256 0
87257 2
87258 0
87259 16
87260 8
87261 0
87262 0
87263 62
87264 24
87265 0
87266 0
87267 0
87268 0
87269 10
87270 0
87271 0
87272 0
87273 0
87274 4
87275 6
87276 0
87277 16
87278 0
87279 64
87280 0
87281 2
87282 0
87283 0
87284 24
87285 0
87286 0
87287 14
87288 0
87289 8
87290 0
87291 0
87292 0
87293 2
87294 36
87295 10240
87296 0
87297 0
87298 0
87299 22
87300 0
87301 0
87302 0
87303 0
87304 4
87305 2
87306 0
87307 0
87308 0
87309 8
87310 0
87311 158
87312 0
87313 0
87314 4
87315 0
87316 0
87317 90
87318 0
87319 32
87320 0
87321 0
87322 0
87323 6
87324 4
87325 0
87326 20
87327 0
87328 8
87329 50
87330 0
87331 0
87332 56
87333 0
87334 4
87335 14
87336 0
87337 0
87338 0
87339 16
87340 0
87341 2
87342 0
87343 0
87344 4
87345 16
87346 0
87347 6
87348 0
87349 8
87350 20
87351 0
87352 0
87353 2
87354 4
87355 0
87356 0
87357 40
87358 0
87359 14206
87360 0
87361 0
87362 8
87363 0
87364 4
87365 2
87366 0
87367 0
87368 0
87369 8
87370 0
87371 6
87372 0
87373 0
87374 4
87375 16128
87376 0
87377 2
87378 0
87379 14320
87380 14424
87381 13872
87382 0
87383 14094
87384 4
87385 0
87386 0
87387 0
87388 20
87389 10
87390 0
87391 14976
87392 0
87393 0
87394 4
87395 6
87396 8
87397 0
87398 0
87399 32
87400 0
87401 2
87402 0
87403 0
87404 4
87405 0
87406 0
87407 30
87408 0
87409 8
87410 0
87411 0
87412 0
87413 18
87414 4
87415 0
87416 20
87417 0
87418 0
87419 102
87420 0
87421 0
87422 0
87423 16896
87424 28
87425 2
87426 0
87427 0
87428 0
87429 8
87430 8
87431 14
87432 0
87433 0
87434 4
87435 0
87436 0
87437 2
87438 0
87439 64
87440 0
87441 0
87442 0
87443 102
87444 4
87445 0
87446 0
87447 64
87448 0
87449 50
87450 20
87451 0
87452 0
87453 0
87454 4
87455 62
87456 0
87457 0
87458 0
87459 16
87460 0
87461 114
87462 0
87463 0
87464 140
87465 0
87466 0
87467 6
87468 0
87469 8
87470 0
87471 0
87472 0
87473 2
87474 4
87475 0
87476 0
87477 0
87478 0
87479 46
87480 0
87481 56
87482 20
87483 0
87484 4
87485 2
87486 0
87487 0
87488 0
87489 56
87490 0
87491 6
87492 0
87493 0
87494 4
87495 0
87496 0
87497 2
87498 8
87499 16
87500 0
87501 0
87502 56
87503 30
87504 4
87505 0
87506 24
87507 0
87508 0
87509 10
87510 0
87511 0
87512 20
87513 0
87514 4
87515 118
87516 0
87517 0
87518 0
87519 128
87520 0
87521 2
87522 0
87523 0
87524 4
87525 0
87526 0
87527 14
87528 0
87529 8
87530 0
87531 0
87532 8
87533 2
87534 24
87535 0
87536 0
87537 0
87538 0
87539 22
87540 0
87541 0
87542 0
87543 160
87544 4
87545 2
87546 0
87547 0
87548 20
87549 24
87550 0
87551 19454
87552 0
87553 0
87554 28
87555 0
87556 0
87557 2
87558 0
87559 32
87560 0
87561 0
87562 0
87563 6
87564 4
87565 0
87566 8
87567 0
87568 0
87569 58
87570 0
87571 0
87572 0
87573 0
87574 24
87575 14
87576 0
87577 0
87578 0
87579 16
87580 0
87581 42
87582 0
87583 256
87584 4
87585 0
87586 0
87587 6
87588 0
87589 8
87590 56
87591 0
87592 0
87593 2
87594 4
87595 0
87596 0
87597 0
87598 0
87599 94
87600 8
87601 0
87602 0
87603 0
87604 4
87605 42
87606 0
87607 0
87608 0
87609 8
87610 0
87611 6
87612 0
87613 0
87614 24
87615 0
87616 0
87617 18
87618 0
87619 112
87620 0
87621 0
87622 0
87623 14
87624 4
87625 0
87626 0
87627 0
87628 0
87629 122
87630 0
87631 0
87632 96
87633 0
87634 12
87635 6
87636 184
87637 0
87638 0
87639 32
87640 0
87641 2
87642 0
87643 0
87644 4
87645 0
87646 0
87647 702
87648 0
87649 8
87650 0
87651 32
87652 0
87653 2
87654 4
87655 0
87656 0
87657 0
87658 0
87659 22
87660 0
87661 0
87662 0
87663 0
87664 4
87665 2
87666 0
87667 80
87668 8
87669 8
87670 0
87671 14
87672 0
87673 0
87674 4
87675 0
87676 0
87677 2
87678 0
87679 512
87680 20
87681 0
87682 0
87683 6
87684 28
87685 16
87686 0
87687 0
87688 0
87689 10
87690 0
87691 0
87692 0
87693 0
87694 4
87695 414
87696 0
87697 0
87698 20
87699 16
87700 0
87701 2
87702 8
87703 0
87704 4
87705 0
87706 0
87707 6
87708 0
87709 8
87710 0
87711 0
87712 0
87713 42
87714 4
87715 0
87716 0
87717 0
87718 0
87719 1582
87720 0
87721 0
87722 252
87723 0
87724 4
87725 2
87726 0
87727 0
87728 0
87729 48
87730 0
87731 6
87732 0
87733 0
87734 4
87735 0
87736 8
87737 2
87738 0
87739 96
87740 0
87741 0
87742 0
87743 126
87744 4
87745 0
87746 20
87747 0
87748 0
87749 250
87750 0
87751 0
87752 0
87753 16
87754 4
87755 6
87756 56
87757 0
87758 24
87759 64
87760 20
87761 2
87762 0
87763 0
87764 4
87765 0
87766 0
87767 14
87768 0
87769 8
87770 8
87771 0
87772 0
87773 2
87774 4
87775 0
87776 0
87777 0
87778 0
87779 102
87780 0
87781 0
87782 0
87783 0
87784 4
87785 2
87786 0
87787 32
87788 0
87789 8
87790 0
87791 350
87792 0
87793 0
87794 4
87795 0
87796 0
87797 2
87798 0
87799 32
87800 0
87801 0
87802 0
87803 6
87804 12
87805 0
87806 0
87807 0
87808 0
87809 10
87810 0
87811 0
87812 20
87813 0
87814 76
87815 14
87816 0
87817 0
87818 0
87819 16
87820 0
87821 66
87822 20
87823 0
87824 4
87825 0
87826 0
87827 6
87828 0
87829 8
87830 0
87831 0
87832 0
87833 2
87834 4
87835 0
87836 0
87837 0
87838 8
87839 190
87840 0
87841 0
87842 0
87843 0
87844 4
87845 42
87846 0
87847 0
87848 56
87849 8
87850 0
87851 6
87852 0
87853 40
87854 4
87855 128
87856 0
87857 2
87858 0
87859 16
87860 0
87861 0
87862 0
87863 14
87864 4
87865 0
87866 0
87867 0
87868 0
87869 10
87870 0
87871 0
87872 8
87873 0
87874 4
87875 6
87876 0
87877 0
87878 20
87879 224
87880 0
87881 2
87882 0
87883 224
87884 48
87885 0
87886 0
87887 30
87888 0
87889 24
87890 0
87891 1008
87892 0
87893 362
87894 4
87895 0
87896 0
87897 0
87898 0
87899 22
87900 0
87901 0
87902 0
87903 0
87904 4
87905 2
87906 8
87907 0
87908 0
87909 8
87910 0
87911 174
87912 0
87913 0
87914 4
87915 80
87916 0
87917 2
87918 0
87919 64
87920 0
87921 0
87922 0
87923 38
87924 4
87925 0
87926 0
87927 0
87928 0
87929 10
87930 0
87931 0
87932 0
87933 0
87934 4
87935 254
87936 0
87937 0
87938 0
87939 16
87940 8
87941 2
87942 0
87943 0
87944 68
87945 0
87946 20
87947 102
87948 0
87949 8
87950 0
87951 0
87952 0
87953 2
87954 4
87955 0
87956 0
87957 16
87958 0
87959 46
87960 0
87961 0
87962 0
87963 0
87964 4
87965 2
87966 0
87967 0
87968 0
87969 8
87970 0
87971 6
87972 0
87973 0
87974 140
87975 0
87976 0
87977 1074
87978 0
87979 16
87980 0
87981 0
87982 0
87983 30
87984 4
87985 0
87986 0
87987 0
87988 0
87989 10
87990 0
87991 64
87992 0
87993 0
87994 4
87995 6
87996 0
87997 0
87998 0
87999 256
88000 0
88001 2
88002 0
88003 0
88004 4
88005 0
88006 0
88007 14
88008 28
88009 56
88010 100
88011 0
88012 0
88013 2
88014 4
88015 0
88016 0
88017 0
88018 0
88019 22
88020 1056
88021 0
88022 0
88023 0
88024 4
88025 18
88026 0
88027 0
88028 0
88029 8
88030 0
88031 62
88032 0
88033 0
88034 4
88035 0
88036 0
88037 2
88038 0
88039 192
88040 0
88041 0
88042 8
88043 86
88044 4
88045 0
88046 0
88047 0
88048 0
88049 10
88050 0
88051 0
88052 0
88053 0
88054 4
88055 14
88056 0
88057 0
88058 0
88059 48
88060 0
88061 2
88062 0
88063 0
88064 40
88065 0
88066 0
88067 6
88068 0
88069 8
88070 20
88071 0
88072 0
88073 50
88074 28
88075 0
88076 28
88077 0
88078 0
88079 94
88080 0
88081 0
88082 0
88083 0
88084 4
88085 2
88086 0
88087 0
88088 0
88089 8
88090 0
88091 6
88092 0
88093 16
88094 4
88095 0
88096 0
88097 2
88098 0
88099 16
88100 0
88101 40
88102 0
88103 14
88104 4
88105 0
88106 1112
88107 0
88108 0
88109 50
88110 8
88111 0
88112 0
88113 0
88114 4
88115 6
88116 0
88117 0
88118 0
88119 32
88120 0
88121 2
88122 0
88123 0
88124 4
88125 0
88126 0
88127 638
88128 0
88129 8
88130 0
88131 0
88132 20
88133 2
88134 4
88135 0
88136 24
88137 112
88138 0
88139 118
88140 0
88141 0
88142 20
88143 0
88144 12
88145 2
88146 0
88147 0
88148 0
88149 968
88150 144
88151 14
88152 0
88153 0
88154 4
88155 0
88156 0
88157 2
88158 0
88159 128
88160 0
88161 16
88162 0
88163 86
88164 4
88165 0
88166 0
88167 0
88168 0
88169 10
88170 0
88171 0
88172 0
88173 0
88174 4
88175 350
88176 0
88177 0
88178 8
88179 16
88180 0
88181 2
88182 0
88183 0
88184 4
88185 0
88186 0
88187 6
88188 0
88189 8
88190 0
88191 0
88192 0
88193 2
88194 24
88195 32
88196 0
88197 0
88198 0
88199 238
88200 0
88201 0
88202 0
88203 0
88204 28
88205 2
88206 0
88207 0
88208 20
88209 8
88210 0
88211 6
88212 8
88213 0
88214 4
88215 0
88216 0
88217 2
88218 0
88219 16
88220 0
88221 0
88222 0
88223 62
88224 4
88225 40
88226 0
88227 0
88228 0
88229 282
88230 0
88231 0
88232 0
88233 0
88234 4
88235 1238
88236 0
88237 0
88238 0
88239 64
88240 0
88241 42
88242 0
88243 0
88244 4
88245 0
88246 8
88247 14
88248 0
88249 8
88250 0
88251 0
88252 0
88253 2
88254 4
88255 0
88256 20
88257 0
88258 0
88259 22
88260 0
88261 0
88262 24
88263 64
88264 60
88265 2
88266 0
88267 0
88268 0
88269 152
88270 0
88271 30
88272 0
88273 0
88274 24
88275 0
88276 0
88277 2
88278 0
88279 32
88280 8
88281 0
88282 0
88283 6
88284 4
88285 0
88286 0
88287 640
88288 0
88289 10
88290 0
88291 0
88292 0
88293 0
88294 4
88295 14
88296 0
88297 16
88298 0
88299 16
88300 0
88301 2
88302 0
88303 0
88304 4
88305 0
88306 0
88307 86
88308 0
88309 8
88310 0
88311 0
88312 0
88313 2
88314 12
88315 0
88316 0
88317 0
88318 40
88319 1534
88320 0
88321 0
88322 0
88323 0
88324 4
88325 50
88326 0
88327 0
88328 0
88329 8
88330 0
88331 38
88332 0
88333 0
88334 124
88335 0
88336 0
88337 2
88338 0
88339 16
88340 20
88341 0
88342 0
88343 14
88344 4
88345 0
88346 0
88347 0
88348 8
88349 50
88350 0
88351 0
88352 0
88353 0
88354 24
88355 6
88356 0
88357 0
88358 0
88359 32
88360 0
88361 2
88362 0
88363 0
88364 60
88365 16
88366 0
88367 30
88368 0
88369 8
88370 0
88371 0
88372 0
88373 42
88374 4
88375 0
88376 0
88377 0
88378 0
88379 22
88380 20
88381 0
88382 8
88383 0
88384 4
88385 2
88386 0
88387 0
88388 24
88389 8
88390 0
88391 462
88392 0
88393 0
88394 4
88395 0
88396 0
88397 2
88398 0
88399 576
88400 0
88401 0
88402 252
88403 6
88404 4
88405 0
88406 56
88407 1152
88408 0
88409 10
88410 0
88411 80
88412 0
88413 0
88414 4
88415 62
88416 8
88417 0
88418 0
88419 16
88420 0
88421 2
88422 0
88423 0
88424 4
88425 0
88426 0
88427 6
88428 0
88429 8
88430 0
88431 0
88432 0
88433 18
88434 4
88435 0
88436 0
88437 0
88438 0
88439 206
88440 0
88441 0
88442 20
88443 0
88444 4
88445 2
88446 0
88447 0
88448 0
88449 8
88450 8
88451 390
88452 0
88453 0
88454 4
88455 0
88456 0
88457 2
88458 0
88459 16
88460 0
88461 0
88462 0
88463 30
88464 28
88465 0
88466 0
88467 32
88468 0
88469 10
88470 0
88471 0
88472 20
88473 40
88474 4
88475 6
88476 0
88477 0
88478 336
88479 128
88480 0
88481 2
88482 0
88483 0
88484 140
88485 0
88486 0
88487 14
88488 0
88489 8
88490 0
88491 0
88492 0
88493 114
88494 4
88495 0
88496 0
88497 0
88498 0
88499 22
88500 0
88501 16
88502 0
88503 0
88504 24
88505 42
88506 0
88507 0
88508 0
88509 8
88510 0
88511 126
88512 0
88513 0
88514 28
88515 0
88516 0
88517 2
88518 64
88519 32
88520 0
88521 0
88522 0
88523 6
88524 4
88525 0
88526 0
88527 0
88528 0
88529 58
88530 0
88531 0
88532 0
88533 0
88534 4
88535 238
88536 0
88537 0
88538 20
88539 16
88540 0
88541 2
88542 0
88543 0
88544 4
88545 0
88546 0
88547 6
88548 0
88549 8
88550 0
88551 0
88552 8
88553 2
88554 4
88555 0
88556 0
88557 0
88558 0
88559 414
88560 0
88561 0
88562 0
88563 0
88564 4
88565 2
88566 20
88567 0
88568 0
88569 24
88570 0
88571 86
88572 0
88573 0
88574 4
88575 0
88576 0
88577 122
88578 0
88579 16
88580 0
88581 0
88582 0
88583 14
88584 4
88585 0
88586 8
88587 0
88588 0
88589 10
88590 0
88591 0
88592 0
88593 0
88594 28
88595 6
88596 0
88597 40
88598 0
88599 32
88600 0
88601 2
88602 0
88603 32
88604 24
88605 0
88606 0
88607 62
88608 0
88609 8
88610 0
88611 0
88612 0
88613 2
88614 4
88615 0
88616 0
88617 0
88618 0
88619 22
88620 8
88621 0
88622 56
88623 0
88624 4
88625 2
88626 0
88627 0
88628 20
88629 8
88630 0
88631 14
88632 0
88633 0
88634 4
88635 0
88636 0
88637 58
88638 0
88639 256
88640 24
88641 0
88642 0
88643 6
88644 4
88645 112
88646 0
88647 0
88648 0
88649 10
88650 0
88651 0
88652 0
88653 0
88654 12
88655 30
88656 0
88657 0
88658 0
88659 272
88660 0
88661 2
88662 0
88663 0
88664 212
88665 0
88666 0
88667 6
88668 0
88669 8
88670 20
88671 256
88672 0
88673 2
88674 4
88675 0
88676 0
88677 0
88678 0
88679 46
88680 0
88681 0
88682 0
88683 0
88684 4
88685 2
88686 0
88687 0
88688 8
88689 8
88690 20
88691 6
88692 0
88693 0
88694 4
88695 0
88696 0
88697 2
88698 0
88699 16
88700 0
88701 0
88702 0
88703 5886
88704 4
88705 16
88706 0
88707 0
88708 0
88709 10
88710 0
88711 0
88712 0
88713 0
88714 4
88715 6
88716 0
88717 0
88718 0
88719 64
88720 0
88721 42
88722 8
88723 0
88724 220
88725 0
88726 0
88727 14
88728 0
88729 8
88730 0
88731 0
88732 0
88733 2
88734 4
88735 0
88736 20
88737 0
88738 0
88739 566
88740 0
88741 0
88742 0
88743 0
88744 4
88745 2
88746 0
88747 0
88748 252
88749 8
88750 0
88751 926
88752 20
88753 0
88754 4
88755 0
88756 8
88757 2
88758 0
88759 32
88760 0
88761 0
88762 0
88763 6
88764 24
88765 0
88766 24
88767 0
88768 0
88769 50
88770 0
88771 0
88772 56
88773 16
88774 4
88775 14
88776 0
88777 0
88778 0
88779 16
88780 0
88781 2
88782 0
88783 320
88784 4
88785 0
88786 0
88787 6
88788 0
88789 320
88790 8
88791 0
88792 0
88793 2
88794 4
88795 0
88796 0
88797 0
88798 0
88799 190
88800 0
88801 0
88802 20
88803 0
88804 4
88805 2
88806 0
88807 64
88808 0
88809 8
88810 0
88811 6
88812 0
88813 0
88814 24
88815 0
88816 0
88817 2
88818 0
88819 16
88820 0
88821 0
88822 0
88823 14
88824 12
88825 0
88826 0
88827 0
88828 0
88829 58
88830 0
88831 0
88832 0
88833 0
88834 4
88835 86
88836 0
88837 0
88838 0
88839 32
88840 0
88841 18
88842 0
88843 0
88844 4
88845 40
88846 0
88847 30
88848 0
88849 8
88850 0
88851 0
88852 0
88853 2
88854 28
88855 0
88856 0
88857 0
88858 8
88859 22
88860 0
88861 0
88862 0
88863 0
88864 4
88865 2
88866 0
88867 0
88868 20
88869 8
88870 0
88871 14
88872 0
88873 0
88874 4
88875 32
88876 20
88877 2
88878 0
88879 64
88880 56
88881 0
88882 0
88883 6
88884 4
88885 0
88886 0
88887 0
88888 0
88889 10
88890 0
88891 0
88892 32
88893 0
88894 4
88895 126
88896 0
88897 0
88898 0
88899 240
88900 0
88901 42
88902 0
88903 0
88904 4
88905 0
88906 0
88907 86
88908 0
88909 24
88910 0
88911 0
88912 0
88913 506
88914 4
88915 0
88916 0
88917 0
88918 0
88919 1294
88920 0
88921 288
88922 0
88923 0
88924 4
88925 2
88926 8
88927 0
88928 0
88929 8
88930 0
88931 6
88932 0
88933 0
88934 24
88935 0
88936 0
88937 2
88938 380
88939 16
88940 0
88941 0
88942 0
88943 158
88944 4
88945 0
88946 0
88947 0
88948 0
88949 10
88950 0
88951 0
88952 0
88953 0
88954 4
88955 102
88956 0
88957 0
88958 0
88959 512
88960 8
88961 2
88962 0
88963 0
88964 4
88965 0
88966 0
88967 174
88968 0
88969 88
88970 0
88971 0
88972 0
88973 2
88974 4
88975 0
88976 0
88977 16
88978 0
88979 22
88980 0
88981 0
88982 0
88983 0
88984 28
88985 2
88986 0
88987 0
88988 0
88989 8
88990 0
88991 62
88992 0
88993 0
88994 140
88995 0
88996 0
88997 2
88998 0
88999 32
89000 480
89001 0
89002 0
89003 6
89004 4
89005 0
89006 0
89007 0
89008 0
89009 122
89010 0
89011 32
89012 0
89013 0
89014 4
89015 14
89016 0
89017 0
89018 24
89019 16
89020 0
89021 2
89022 0
89023 0
89024 4
89025 0
89026 56
89027 6
89028 8
89029 8
89030 0
89031 160
89032 0
89033 42
89034 4
89035 0
89036 0
89037 0
89038 0
89039 94
89040 0
89041 0
89042 0
89043 0
89044 4
89045 18
89046 0
89047 0
89048 0
89049 56
89050 0
89051 6
89052 0
89053 0
89054 4
89055 0
89056 0
89057 2
89058 0
89059 16
89060 0
89061 0
89062 28
89063 14
89064 4
89065 0
89066 20
89067 0
89068 0
89069 10
89070 0
89071 0
89072 0
89073 0
89074 4
89075 6
89076 0
89077 0
89078 0
89079 96
89080 0
89081 50
89082 0
89083 0
89084 4
89085 0
89086 0
89087 2046
89088 0
89089 8
89090 36
89091 0
89092 0
89093 42
89094 4
89095 0
89096 8
89097 0
89098 0
89099 102
89100 0
89101 0
89102 0
89103 0
89104 4
89105 2
89106 0
89107 0
89108 0
89109 8
89110 0
89111 14
89112 0
89113 16
89114 28
89115 0
89116 0
89117 2
89118 0
89119 128
89120 0
89121 0
89122 0
89123 6
89124 24
89125 0
89126 0
89127 0
89128 0
89129 10
89130 8
89131 0
89132 20
89133 0
89134 4
89135 30
89136 0
89137 0
89138 56
89139 16
89140 0
89141 2
89142 0
89143 0
89144 28
89145 0
89146 0
89147 38
89148 0
89149 8
89150 0
89151 0
89152 0
89153 114
89154 4
89155 80
89156 0
89157 0
89158 0
89159 46
89160 0
89161 0
89162 0
89163 0
89164 12
89165 42
89166 0
89167 0
89168 0
89169 8
89170 0
89171 6
89172 0
89173 0
89174 484
89175 0
89176 0
89177 2
89178 144
89179 304
89180 0
89181 16
89182 0
89183 62
89184 4
89185 0
89186 20
89187 0
89188 0
89189 10
89190 0
89191 0
89192 0
89193 0
89194 4
89195 6
89196 0
89197 0
89198 28
89199 64
89200 0
89201 2
89202 0
89203 0
89204 4
89205 0
89206 0
89207 206
89208 0
89209 8
89210 0
89211 0
89212 0
89213 2
89214 4
89215 1024
89216 0
89217 40
89218 0
89219 22
89220 0
89221 0
89222 0
89223 0
89224 4
89225 2
89226 0
89227 0
89228 0
89229 8
89230 0
89231 350
89232 8
89233 0
89234 4
89235 0
89236 0
89237 2
89238 0
89239 32
89240 0
89241 0
89242 0
89243 6
89244 28
89245 0
89246 0
89247 0
89248 20
89249 282
89250 0
89251 0
89252 0
89253 0
89254 4
89255 14
89256 0
89257 0
89258 0
89259 16
89260 0
89261 506
89262 0
89263 0
89264 24
89265 0
89266 8
89267 230
89268 0
89269 8
89270 96
89271 0
89272 0
89273 2
89274 4
89275 0
89276 0
89277 0
89278 0
89279 1662
89280 56
89281 0
89282 0
89283 32
89284 4
89285 2
89286 0
89287 0
89288 0
89289 8
89290 0
89291 6
89292 0
89293 0
89294 4
89295 0
89296 0
89297 42
89298 0
89299 16
89300 8
89301 0
89302 0
89303 14
89304 4
89305 0
89306 0
89307 0
89308 0
89309 58
89310 20
89311 0
89312 0
89313 0
89314 4
89315 6
89316 0
89317 16
89318 0
89319 32
89320 0
89321 2
89322 0
89323 0
89324 4
89325 0
89326 0
89327 30
89328 0
89329 8
89330 20
89331 0
89332 0
89333 50
89334 12
89335 0
89336 0
89337 0
89338 0
89339 22
89340 0
89341 80
89342 0
89343 0
89344 4
89345 2
89346 0
89347 0
89348 0
89349 8
89350 0
89351 78
89352 0
89353 0
89354 4
89355 0
89356 0
89357 2
89358 0
89359 64
89360 0
89361 0
89362 0
89363 86
89364 4
89365 0
89366 0
89367 0
89368 8
89369 370
89370 0
89371 0
89372 20
89373 0
89374 28
89375 62
89376 0
89377 0
89378 0
89379 96
89380 0
89381 2
89382 0
89383 0
89384 4
89385 16
89386 0
89387 6
89388 0
89389 8
89390 0
89391 0
89392 0
89393 2
89394 4
89395 0
89396 100
89397 0
89398 0
89399 46
89400 0
89401 0
89402 8
89403 80
89404 4
89405 2
89406 0
89407 3584
89408 0
89409 8
89410 0
89411 6
89412 0
89413 0
89414 4
89415 0
89416 0
89417 2
89418 0
89419 48
89420 0
89421 0
89422 0
89423 30
89424 256
89425 0
89426 0
89427 0
89428 0
89429 50
89430 0
89431 0
89432 36
89433 0
89434 24
89435 582
89436 8
89437 0
89438 0
89439 896
89440 0
89441 2
89442 0
89443 0
89444 4
89445 0
89446 0
89447 14
89448 0
89449 8
89450 0
89451 0
89452 0
89453 18
89454 4
89455 0
89456 0
89457 0
89458 0
89459 118
89460 0
89461 0
89462 20
89463 0
89464 4
89465 42
89466 0
89467 0
89468 0
89469 8
89470 8
89471 254
89472 132
89473 0
89474 4
89475 0
89476 0
89477 2
89478 0
89479 32
89480 0
89481 0
89482 0
89483 6
89484 4
89485 0
89486 0
89487 128
89488 0
89489 10
89490 0
89491 0
89492 0
89493 0
89494 4
89495 174
89496 20
89497 0
89498 0
89499 16
89500 0
89501 2
89502 0
89503 0
89504 260
89505 0
89506 0
89507 6
89508 0
89509 8
89510 0
89511 0
89512 0
89513 2
89514 4
89515 0
89516 0
89517 0
89518 0
89519 94
89520 0
89521 16
89522 24
89523 0
89524 4
89525 114
89526 0
89527 160
89528 20
89529 8
89530 0
89531 6
89532 0
89533 0
89534 60
89535 0
89536 0
89537 2
89538 8
89539 16
89540 0
89541 0
89542 0
89543 14
89544 4
89545 0
89546 0
89547 0
89548 0
89549 10
89550 0
89551 0
89552 0
89553 0
89554 4
89555 38
89556 0
89557 0
89558 20
89559 32
89560 0
89561 42
89562 0
89563 0
89564 4
89565 0
89566 0
89567 62
89568 0
89569 56
89570 0
89571 0
89572 8
89573 2
89574 4
89575 0
89576 0
89577 0
89578 0
89579 22
89580 0
89581 0
89582 0
89583 0
89584 24
89585 50
89586 0
89587 0
89588 0
89589 64
89590 0
89591 14
89592 0
89593 0
89594 24
89595 0
89596 0
89597 2
89598 0
89599 2048
89600 0
89601 0
89602 0
89603 150
89604 4
89605 0
89606 8
89607 0
89608 0
89609 10
89610 0
89611 0
89612 0
89613 0
89614 4
89615 30
89616 0
89617 0
89618 0
89619 16
89620 20
89621 2
89622 0
89623 64
89624 4
89625 0
89626 0
89627 86
89628 0
89629 8
89630 0
89631 0
89632 0
89633 2
89634 76
89635 0
89636 0
89637 0
89638 0
89639 46
89640 8
89641 0
89642 0
89643 0
89644 4
89645 2
89646 0
89647 0
89648 24
89649 8
89650 0
89651 86
89652 0
89653 0
89654 60
89655 0
89656 0
89657 18
89658 0
89659 16
89660 20
89661 112
89662 0
89663 126
89664 4
89665 0
89666 0
89667 0
89668 0
89669 10
89670 0
89671 0
89672 0
89673 0
89674 12
89675 6
89676 0
89677 0
89678 0
89679 64
89680 0
89681 2
89682 40
89683 0
89684 4
89685 0
89686 0
89687 14
89688 0
89689 8
89690 0
89691 32
89692 144
89693 42
89694 4
89695 0
89696 0
89697 0
89698 0
89699 118
89700 0
89701 0
89702 0
89703 0
89704 4
89705 2
89706 0
89707 0
89708 8
89709 8
89710 0
89711 414
89712 0
89713 40
89714 4
89715 0
89716 0
89717 2
89718 0
89719 32
89720 0
89721 0
89722 0
89723 6
89724 4
89725 16
89726 20
89727 0
89728 0
89729 10
89730 0
89731 0
89732 0
89733 0
89734 4
89735 14
89736 0
89737 0
89738 0
89739 16
89740 0
89741 2
89742 8
89743 0
89744 24
89745 0
89746 0
89747 6
89748 0
89749 8
89750 0
89751 0
89752 0
89753 2
89754 4
89755 0
89756 0
89757 0
89758 0
89759 5182
89760 0
89761 0
89762 0
89763 0
89764 28
89765 2
89766 0
89767 0
89768 0
89769 8
89770 0
89771 6
89772 0
89773 0
89774 280
89775 320
89776 8
89777 2
89778 0
89779 16
89780 0
89781 0
89782 0
89783 462
89784 4
89785 0
89786 0
89787 0
89788 56
89789 50
89790 0
89791 0
89792 20
89793 16
89794 4
89795 6
89796 0
89797 0
89798 0
89799 32
89800 0
89801 2
89802 0
89803 0
89804 4
89805 0
89806 20
89807 30
89808 0
89809 8
89810 8
89811 0
89812 0
89813 2
89814 4
89815 0
89816 0
89817 0
89818 0
89819 22
89820 0
89821 0
89822 0
89823 0
89824 4
89825 42
89826 0
89827 32
89828 0
89829 56
89830 0
89831 14
89832 0
89833 0
89834 4
89835 0
89836 0
89837 90
89838 0
89839 64
89840 0
89841 0
89842 0
89843 6
89844 12
89845 0
89846 0
89847 0
89848 0
89849 10
89850 0
89851 0
89852 0
89853 0
89854 4
89855 510
89856 0
89857 0
89858 20
89859 16
89860 0
89861 18
89862 0
89863 0
89864 4
89865 0
89866 0
89867 6
89868 20
89869 8
89870 0
89871 0
89872 0
89873 2
89874 4
89875 0
89876 0
89877 0
89878 8
89879 46
89880 0
89881 0
89882 0
89883 0
89884 4
89885 2
89886 0
89887 0
89888 0
89889 8
89890 0
89891 86
89892 0
89893 0
89894 28
89895 64
89896 0
89897 2
89898 0
89899 96
89900 24
89901 0
89902 0
89903 30
89904 4
89905 0
89906 0
89907 0
89908 0
89909 10
89910 0
89911 0
89912 64
89913 0
89914 4
89915 230
89916 0
89917 0
89918 0
89919 256
89920 0
89921 2
89922 0
89923 0
89924 24
89925 0
89926 0
89927 14
89928 0
89929 24
89930 20
89931 0
89932 0
89933 2
89934 4
89935 4032
89936 0
89937 0
89938 0
89939 22
89940 0
89941 0
89942 0
89943 0
89944 4
89945 74
89946 8
89947 0
89948 0
89949 296
89950 0
89951 62
89952 0
89953 0
89954 4
89955 0
89956 0
89957 42
89958 0
89959 224
89960 0
89961 40
89962 0
89963 134
89964 4
89965 0
89966 0
89967 0
89968 0
89969 10
89970 0
89971 0
89972 0
89973 0
89974 4
89975 14
89976 0
89977 0
89978 0
89979 16
89980 8
89981 2
89982 0
89983 0
89984 4
89985 0
89986 0
89987 6
89988 0
89989 8
89990 20
89991 0
89992 20
89993 2
89994 24
89995 0
89996 0
89997 16
89998 0
89999 94
90000 0
90001 0
90002 0
90003 0
90004 4
90005 2
90006 0
90007 0
90008 0
90009 8
90010 0
90011 6
90012 0
90013 0
90014 140
90015 0
90016 0
90017 2
90018 0
90019 16
90020 0
90021 0
90022 0
90023 3854
90024 28
90025 0
90026 24
90027 0
90028 0
90029 10
90030 0
90031 128
90032 0
90033 0
90034 4
90035 6
90036 0
90037 0
90038 0
90039 32
90040 0
90041 114
90042 56
90043 0
90044 4
90045 0
90046 0
90047 126
90048 8
90049 8
90050 0
90051 0
90052 0
90053 2
90054 24
90055 0
90056 20
90057 0
90058 0
90059 22
90060 0
90061 0
90062 0
90063 0
90064 4
90065 18
90066 0
90067 4224
90068 0
90069 8
90070 0
90071 14
90072 0
90073 0
90074 4
90075 0
90076 0
90077 2
90078 0
90079 128
90080 0
90081 0
90082 8
90083 6
90084 4
90085 40
90086 0
90087 0
90088 0
90089 4178
90090 0
90091 0
90092 0
90093 0
90094 4
90095 30
90096 0
90097 0
90098 0
90099 48
90100 4004
90101 2
90102 0
90103 0
90104 4
90105 0
90106 0
90107 6
90108 0
90109 8
90110 0
90111 0
90112 0
90113 2
90114 4
90115 0
90116 64
90117 0
90118 0
90119 46
90120 0
90121 0
90122 4024
90123 0
90124 4
90125 2
90126 0
90127 0
90128 0
90129 8
90130 0
90131 6
90132 0
90133 4144
90134 4
90135 0
90136 0
90137 2
90138 0
90139 16
90140 0
90141 0
90142 0
90143 62
90144 4
90145 0
90146 0
90147 80
90148 0
90149 10
90150 8
90151 0
90152 24
90153 0
90154 28
90155 4310
90156 0
90157 0
90158 0
90159 64
90160 0
90161 2
90162 0
90163 0
90164 4
90165 0
90166 0
90167 78
90168 0
90169 120
90170 56
90171 0
90172 0
90173 2
90174 4
90175 0
90176 0
90177 0
90178 20
90179 22
90180 0
90181 0
90182 0
90183 0
90184 12
90185 2
90186 0
90187 0
90188 20
90189 8
90190 0
90191 30
90192 0
90193 0
90194 4
90195 0
90196 0
90197 2
90198 0
90199 3872
90200 0
90201 16
90202 0
90203 6
90204 4
90205 0
90206 144
90207 0
90208 0
90209 50
90210 0
90211 0
90212 0
90213 0
90214 4
90215 206
90216 0
90217 0
90218 8
90219 112
90220 0
90221 42
90222 0
90223 0
90224 4
90225 0
90226 0
90227 6
90228 0
90229 8
90230 0
90231 0
90232 0
90233 2
90234 4
90235 32
90236 0
90237 0
90238 0
90239 766
90240 20
90241 0
90242 0
90243 0
90244 4
90245 2
90246 0
90247 0
90248 0
90249 8
90250 0
90251 6
90252 8
90253 0
90254 24
90255 0
90256 0
90257 2
90258 0
90259 16
90260 0
90261 0
90262 0
90263 14
90264 4
90265 0
90266 0
90267 0
90268 0
90269 282
90270 0
90271 640
90272 0
90273 0
90274 4
90275 6
90276 0
90277 0
90278 24
90279 32
90280 0
90281 2
90282 0
90283 0
90284 28
90285 0
90286 8
90287 4382
90288 0
90289 8
90290 0
90291 0
90292 0
90293 2
90294 4
90295 0
90296 56
90297 0
90298 0
90299 246
90300 0
90301 0
90302 20
90303 512
90304 4
90305 2
90306 0
90307 0
90308 0
90309 8
90310 0
90311 14
90312 0
90313 0
90314 4
90315 0
90316 0
90317 2
90318 0
90319 64
90320 28
90321 0
90322 0
90323 6
90324 4
90325 0
90326 0
90327 0
90328 0
90329 10
90330 0
90331 0
90332 0
90333 40
90334 4
90335 62
90336 0
90337 16
90338 0
90339 16
90340 0
90341 50
90342 0
90343 0
90344 4
90345 0
90346 0
90347 6
90348 0
90349 56
90350 0
90351 0
90352 0
90353 42
90354 12
90355 0
90356 0
90357 0
90358 0
90359 46
90360 0
90361 0
90362 0
90363 0
90364 44
90365 2
90366 0
90367 0
90368 0
90369 8
90370 0
90371 38
90372 0
90373 0
90374 4
90375 0
90376 0
90377 2
90378 0
90379 16
90380 0
90381 0
90382 0
90383 30
90384 4
90385 0
90386 20
90387 0
90388 8
90389 10
90390 0
90391 0
90392 0
90393 0
90394 4
90395 86
90396 0
90397 0
90398 0
90399 128
90400 0
90401 2
90402 0
90403 0
90404 48
90405 16
90406 0
90407 14
90408 0
90409 8
90410 0
90411 0
90412 0
90413 2
90414 28
90415 0
90416 0
90417 0
90418 0
90419 102
90420 0
90421 0
90422 8
90423 448
90424 4
90425 2
90426 20
90427 0
90428 56
90429 8
90430 0
90431 126
90432 0
90433 0
90434 4
90435 0
90436 0
90437 2
90438 0
90439 96
90440 0
90441 0
90442 0
90443 6
90444 4
90445 0
90446 252
90447 0
90448 0
90449 10
90450 0
90451 0
90452 20
90453 0
90454 4
90455 14
90456 8
90457 40
90458 36
90459 16
90460 0
90461 2
90462 0
90463 4608
90464 4
90465 0
90466 0
90467 102
90468 0
90469 8
90470 0
90471 0
90472 0
90473 18
90474 4
90475 0
90476 0
90477 0
90478 0
90479 478
90480 0
90481 0
90482 0
90483 0
90484 4
90485 42
90486 0
90487 0
90488 20
90489 8
90490 8
90491 6
90492 0
90493 0
90494 4
90495 0
90496 0
90497 2
90498 0
90499 16
90500 0
90501 0
90502 0
90503 14
90504 4
90505 0
90506 0
90507 32
90508 0
90509 10
90510 0
90511 0
90512 0
90513 0
90514 4
90515 6
90516 0
90517 0
90518 20
90519 192
90520 0
90521 2
90522 0
90523 0
90524 140
90525 0
90526 0
90527 62
90528 0
90529 8
90530 24
90531 0
90532 0
90533 2
90534 4
90535 0
90536 0
90537 0
90538 0
90539 22
90540 0
90541 16
90542 0
90543 0
90544 76
90545 2
90546 0
90547 0
90548 0
90549 8
90550 76
90551 174
90552 0
90553 0
90554 4
90555 0
90556 0
90557 114
90558 8
90559 256
90560 0
90561 0
90562 0
90563 6
90564 4
90565 0
90566 0
90567 0
90568 0
90569 10
90570 0
90571 0
90572 0
90573 0
90574 4
90575 158
90576 0
90577 0
90578 0
90579 16
90580 0
90581 42
90582 0
90583 0
90584 24
90585 0
90586 0
90587 6
90588 0
90589 8
90590 0
90591 0
90592 8
90593 50
90594 4
90595 0
90596 0
90597 0
90598 0
90599 46
90600 0
90601 0
90602 0
90603 0
90604 4
90605 2
90606 0
90607 0
90608 0
90609 112
90610 0
90611 6
90612 20
90613 0
90614 4
90615 0
90616 0
90617 42
90618 0
90619 16
90620 0
90621 0
90622 0
90623 1022
90624 4
90625 0
90626 8
90627 0
90628 0
90629 82
90630 0
90631 0
90632 0
90633 0
90634 4
90635 6
90636 0
90637 0
90638 0
90639 64
90640 0
90641 2
90642 0
90643 112
90644 4
90645 0
90646 0
90647 14
90648 0
90649 8
90650 20
90651 0
90652 0
90653 2
90654 4
90655 0
90656 24
90657 0
90658 0
90659 22
90660 8
90661 0
90662 0
90663 0
90664 4
90665 2
90666 0
90667 0
90668 0
90669 8
90670 0
90671 30
90672 0
90673 0
90674 144
90675 0
90676 0
90677 130
90678 0
90679 32
90680 0
90681 0
90682 0
90683 86
90684 4
90685 0
90686 56
90687 0
90688 0
90689 10
90690 0
90691 0
90692 0
90693 0
90694 12
90695 14
90696 0
90697 0
90698 0
90699 16
90700 0
90701 2
90702 0
90703 0
90704 4
90705 80
90706 0
90707 6
90708 0
90709 8
90710 0
90711 64
90712 0
90713 2
90714 4
90715 0
90716 20
90717 0
90718 0
90719 958
90720 144
90721 0
90722 0
90723 0
90724 4
90725 2
90726 0
90727 0
90728 8
90729 8
90730 0
90731 6
90732 0
90733 0
90734 4
90735 0
90736 20
90737 2
90738 0
90739 112
90740 0
90741 0
90742 0
90743 14
90744 4
90745 16
90746 0
90747 0
90748 0
90749 50
90750 0
90751 0
90752 0
90753 0
90754 4
90755 6
90756 0
90757 0
90758 0
90759 32
90760 0
90761 2
90762 8
90763 0
90764 4
90765 0
90766 0
90767 350
90768 0
90769 8
90770 0
90771 0
90772 0
90773 2
90774 4
90775 0
90776 0
90777 0
90778 0
90779 566
90780 0
90781 0
90782 44
90783 0
90784 4
90785 2
90786 0
90787 0
90788 0
90789 8
90790 0
90791 14
90792 0
90793 0
90794 4
90795 0
90796 8
90797 2
90798 20
90799 64
90800 252
90801 0
90802 0
90803 6
90804 84
90805 0
90806 0
90807 0
90808 0
90809 10
90810 0
90811 0
90812 0
90813 16
90814 24
90815 4990
90816 0
90817 0
90818 0
90819 16
90820 0
90821 2
90822 0
90823 0
90824 4
90825 0
90826 0
90827 6
90828 0
90829 48
90830 8
90831 0
90832 0
90833 2
90834 4
90835 0
90836 0
90837 0
90838 132
90839 46
90840 0
90841 0
90842 0
90843 0
90844 4
90845 50
90846 0
90847 256
90848 20
90849 8
90850 0
90851 6
90852 0
90853 0
90854 4
90855 0
90856 0
90857 2
90858 0
90859 16
90860 20
90861 0
90862 0
90863 30
90864 12
90865 0
90866 0
90867 0
90868 0
90869 58
90870 0
90871 0
90872 0
90873 0
90874 4
90875 6
90876 0
90877 0
90878 0
90879 1024
90880 0
90881 58
90882 0
90883 0
90884 4
90885 0
90886 0
90887 14
90888 0
90889 8
90890 0
90891 80
90892 0
90893 2
90894 4
90895 0
90896 0
90897 0
90898 8
90899 22
90900 0
90901 0
90902 0
90903 0
90904 4
90905 2
90906 0
90907 0
90908 96
90909 8
90910 0
90911 62
90912 0
90913 0
90914 24
90915 32
90916 0
90917 2
90918 0
90919 32
90920 0
90921 0
90922 20
90923 6
90924 4
90925 0
90926 0
90927 0
90928 0
90929 10
90930 0
90931 224
90932 8
90933 0
90934 28
90935 14
90936 0
90937 0
90938 0
90939 16
90940 0
90941 2
90942 0
90943 0
90944 60
90945 0
90946 0
90947 86
90948 0
90949 24
90950 0
90951 0
90952 0
90953 42
90954 4
90955 0
90956 0
90957 504
90958 0
90959 94
90960 0
90961 0
90962 0
90963 0
90964 4
90965 2
90966 8
90967 0
90968 0
90969 8
90970 0
90971 246
90972 0
90973 0
90974 4
90975 0
90976 0
90977 290
90978 0
90979 16
90980 20
90981 0
90982 0
90983 78
90984 24
90985 0
90986 0
90987 0
90988 0
90989 10
90990 0
90991 0
90992 0
90993 0
90994 4
90995 6
90996 0
90997 0
90998 0
90999 608
91000 8
91001 2
91002 0
91003 0
91004 4
91005 0
91006 0
91007 254
91008 0
91009 8
91010 0
91011 0
91012 0
91013 42
91014 4
91015 160
91016 0
91017 16
91018 0
91019 102
91020 0
91021 0
91022 0
91023 0
91024 124
91025 2
91026 0
91027 0
91028 0
91029 8
91030 0
91031 14
91032 0
91033 0
91034 164
91035 0
91036 0
91037 2
91038 0
91039 128
91040 0
91041 0
91042 0
91043 6
91044 4
91045 0
91046 480
91047 0
91048 0
91049 10
91050 0
91051 32
91052 0
91053 0
91054 4
91055 30
91056 0
91057 0
91058 56
91059 16
91060 0
91061 2
91062 0
91063 0
91064 28
91065 0
91066 0
91067 6
91068 8
91069 8
91070 0
91071 0
91072 0
91073 114
91074 4
91075 0
91076 0
91077 40
91078 0
91079 206
91080 0
91081 0
91082 0
91083 0
91084 4
91085 18
91086 0
91087 0
91088 0
91089 8
91090 0
91091 6
91092 0
91093 0
91094 4
91095 0
91096 0
91097 242
91098 0
91099 16
91100 0
91101 0
91102 8
91103 62
91104 4
91105 0
91106 0
91107 0
91108 20
91109 10
91110 0
91111 0
91112 20
91113 0
91114 4
91115 6
91116 0
91117 0
91118 0
91119 192
91120 0
91121 2
91122 0
91123 0
91124 4
91125 0
91126 0
91127 14
91128 0
91129 56
91130 0
91131 0
91132 0
91133 2
91134 4
91135 0
91136 8
91137 0
91138 0
91139 102
91140 0
91141 0
91142 36
91143 0
91144 4
91145 42
91146 0
91147 0
91148 0
91149 8
91150 0
91151 30
91152 0
91153 16
91154 4
91155 0
91156 0
91157 2
91158 0
91159 32
91160 24
91161 0
91162 0
91163 6
91164 4
91165 0
91166 0
91167 0
91168 0
91169 10
91170 28
91171 0
91172 0
91173 0
91174 4
91175 14
91176 0
91177 0
91178 20
91179 16
91180 0
91181 2
91182 0
91183 0
91184 4
91185 112
91186 0
91187 38
91188 0
91189 8
91190 0
91191 0
91192 0
91193 2
91194 28
91195 0
91196 0
91197 0
91198 0
91199 382
91200 0
91201 40
91202 56
91203 0
91204 12
91205 2
91206 0
91207 0
91208 0
91209 8
91210 0
91211 86
91212 0
91213 0
91214 4
91215 0
91216 0
91217 2
91218 0
91219 16
91220 0
91221 16
91222 0
91223 206
91224 484
91225 0
91226 0
91227 0
91228 0
91229 10
91230 0
91231 0
91232 20
91233 0
91234 148
91235 6
91236 0
91237 0
91238 8
91239 32
91240 0
91241 2
91242 0
91243 0
91244 24
91245 0
91246 0
91247 30
91248 0
91249 8
91250 0
91251 0
91252 0
91253 2
91254 4
91255 64
91256 0
91257 0
91258 0
91259 502
91260 0
91261 0
91262 0
91263 2560
91264 4
91265 2
91266 0
91267 0
91268 0
91269 8
91270 0
91271 14
91272 8
91273 0
91274 4
91275 0
91276 0
91277 42
91278 0
91279 64
91280 0
91281 0
91282 0
91283 6
91284 4
91285 0
91286 24
91287 0
91288 0
91289 282
91290 0
91291 0
91292 0
91293 0
91294 24
91295 62
91296 0
91297 0
91298 0
91299 16
91300 0
91301 2
91302 0
91303 0
91304 4
91305 0
91306 8
91307 6
91308 0
91309 8
91310 20
91311 0
91312 56
91313 506
91314 4
91315 0
91316 0
91317 0
91318 0
91319 46
91320 0
91321 0
91322 0
91323 32
91324 28
91325 42
91326 0
91327 0
91328 0
91329 8
91330 0
91331 230
91332 0
91333 0
91334 4
91335 0
91336 0
91337 2
91338 0
91339 16
91340 8
91341 0
91342 0
91343 350
91344 4
91345 0
91346 0
91347 0
91348 0
91349 58
91350 0
91351 0
91352 0
91353 0
91354 4
91355 6
91356 20
91357 16
91358 0
91359 128
91360 0
91361 2
91362 0
91363 0
91364 4
91365 0
91366 0
91367 14
91368 0
91369 8
91370 0
91371 0
91372 0
91373 2
91374 12
91375 0
91376 20
91377 0
91378 0
91379 22
91380 0
91381 0
91382 0
91383 0
91384 4
91385 2
91386 0
91387 160
91388 0
91389 56
91390 0
91391 2558
91392 0
91393 0
91394 4
91395 0
91396 0
91397 2
91398 0
91399 32
91400 0
91401 0
91402 0
91403 6
91404 4
91405 0
91406 0
91407 0
91408 8
91409 50
91410 0
91411 0
91412 24
91413 0
91414 4
91415 14
91416 0
91417 0
91418 20
91419 16
91420 0
91421 2
91422 0
91423 0
91424 4
91425 16
91426 0
91427 6
91428 0
91429 48
91430 0
91431 0
91432 0
91433 2
91434 4
91435 0
91436 0
91437 0
91438 0
91439 990
91440 0
91441 0
91442 28
91443 0
91444 4
91445 2
91446 0
91447 0
91448 0
91449 48
91450 0
91451 6
91452 0
91453 0
91454 220
91455 0
91456 0
91457 2
91458 0
91459 48
91460 56
91461 0
91462 0
91463 14
91464 4
91465 0
91466 0
91467 0
91468 252
91469 10
91470 0
91471 0
91472 0
91473 0
91474 4
91475 182
91476 8
91477 0
91478 0
91479 32
91480 20
91481 2
91482 0
91483 0
91484 40
91485 0
91486 0
91487 62
91488 0
91489 8
91490 0
91491 576
91492 0
91493 18
91494 4
91495 0
91496 0
91497 0
91498 0
91499 22
91500 0
91501 0
91502 0
91503 0
91504 4
91505 2
91506 0
91507 0
91508 20
91509 8
91510 8
91511 174
91512 0
91513 0
91514 4
91515 0
91516 0
91517 2
91518 0
91519 3584
91520 0
91521 264
91522 0
91523 6
91524 4
91525 0
91526 0
91527 64
91528 0
91529 10
91530 0
91531 0
91532 0
91533 0
91534 4
91535 30
91536 0
91537 0
91538 24
91539 16
91540 0
91541 42
91542 20
91543 0
91544 140
91545 0
91546 0
91547 6
91548 0
91549 8
91550 0
91551 0
91552 0
91553 2
91554 4
91555 0
91556 0
91557 0
91558 0
91559 46
91560 0
91561 16
91562 0
91563 0
91564 4
91565 2
91566 56
91567 0
91568 0
91569 8
91570 0
91571 6
91572 0
91573 40
91574 24
91575 0
91576 0
91577 2
91578 8
91579 16
91580 0
91581 0
91582 0
91583 126
91584 28
91585 0
91586 0
91587 0
91588 0
91589 122
91590 0
91591 0
91592 0
91593 0
91594 4
91595 38
91596 0
91597 0
91598 0
91599 64
91600 0
91601 50
91602 0
91603 0
91604 24
91605 0
91606 0
91607 174
91608 0
91609 8
91610 0
91611 0
91612 8
91613 2
91614 4
91615 0
91616 0
91617 0
91618 0
91619 22
91620 0
91621 0
91622 0
91623 0
91624 4
91625 2
91626 0
91627 0
91628 0
91629 24
91630 0
91631 30
91632 0
91633 0
91634 24
91635 80
91636 0
91637 2
91638 0
91639 32
91640 20
91641 0
91642 0
91643 6
91644 4
91645 0
91646 8
91647 0
91648 0
91649 58
91650 0
91651 0
91652 0
91653 0
91654 4
91655 302
91656 0
91657 0
91658 0
91659 16
91660 0
91661 2
91662 0
91663 128
91664 28
91665 0
91666 20
91667 6
91668 0
91669 8
91670 0
91671 0
91672 0
91673 42
91674 4
91675 0
91676 0
91677 0
91678 0
91679 190
91680 8
91681 0
91682 0
91683 0
91684 4
91685 2
91686 0
91687 0
91688 0
91689 8
91690 0
91691 6
91692 0
91693 112
91694 4
91695 0
91696 0
91697 58
91698 0
91699 16
91700 0
91701 0
91702 0
91703 14
91704 4
91705 0
91706 20
91707 0
91708 0
91709 10
91710 0
91711 0
91712 0
91713 0
91714 36
91715 6
91716 0
91717 0
91718 56
91719 32
91720 0
91721 2
91722 0
91723 0
91724 4
91725 0
91726 0
91727 1566
91728 40
91729 8
91730 0
91731 32
91732 0
91733 2
91734 4
91735 0
91736 0
91737 0
91738 0
91739 102
91740 0
91741 0
91742 0
91743 0
91744 4
91745 2
91746 0
91747 0
91748 1304
91749 8
91750 0
91751 14
91752 0
91753 0
91754 4
91755 1344
91756 0
91757 2
91758 0
91759 384
91760 0
91761 0
91762 0
91763 6
91764 4
91765 16
91766 0
91767 0
91768 0
91769 10
91770 0
91771 0
91772 20
91773 0
91774 4
91775 254
91776 0
91777 0
91778 0
91779 112
91780 0
91781 2
91782 8
91783 0
91784 4
91785 0
91786 0
91787 6
91788 0
91789 8
91790 44
91791 0
91792 0
91793 2
91794 4
91795 0
91796 0
91797 0
91798 0
91799 1134
91800 0
91801 0
91802 0
91803 0
91804 4
91805 42
91806 0
91807 0
91808 0
91809 8
91810 0
91811 6
91812 0
91813 0
91814 4
91815 0
91816 8
91817 2
91818 0
91819 16
91820 56
91821 40
91822 0
91823 30
91824 4
91825 0
91826 252
91827 0
91828 0
91829 10
91830 0
91831 0
91832 0
91833 16
91834 4
91835 6
91836 0
91837 0
91838 20
91839 1536
91840 0
91841 2
91842 0
91843 0
91844 124
91845 0
91846 0
91847 462
91848 0
91849 8
91850 8
91851 0
91852 20
91853 50
91854 4
91855 0
91856 0
91857 0
91858 0
91859 22
91860 0
91861 0
91862 0
91863 0
91864 4
91865 2
91866 0
91867 32
91868 0
91869 8
91870 0
91871 702
91872 0
91873 0
91874 4
91875 0
91876 0
91877 2
91878 0
91879 32
91880 0
91881 0
91882 0
91883 86
91884 12
91885 0
91886 0
91887 0
91888 0
91889 10
91890 0
91891 0
91892 0
91893 0
91894 4
91895 14
91896 0
91897 0
91898 0
91899 16
91900 0
91901 18
91902 0
91903 0
91904 24
91905 0
91906 0
91907 6
91908 0
91909 152
91910 0
91911 0
91912 0
91913 2
91914 24
91915 0
91916 24
91917 0
91918 8
91919 94
91920 0
91921 0
91922 0
91923 0
91924 4
91925 2
91926 0
91927 0
91928 0
91929 8
91930 0
91931 6
91932 0
91933 0
91934 4
91935 256
91936 0
91937 42
91938 0
91939 16
91940 0
91941 0
91942 0
91943 14
91944 4
91945 40
91946 0
91947 224
91948 0
91949 10
91950 0
91951 0
91952 8
91953 0
91954 4
91955 6
91956 0
91957 0
91958 0
91959 32
91960 0
91961 2
91962 0
91963 0
91964 4
91965 0
91966 0
91967 126
91968 0
91969 24
91970 20
91971 0
91972 0
91973 2
91974 28
91975 0
91976 76
91977 0
91978 0
91979 1126
91980 0
91981 0
91982 0
91983 0
91984 4
91985 2
91986 8
91987 0
91988 0
91989 8
91990 0
91991 14
91992 0
91993 0
91994 4
91995 0
91996 0
91997 74
91998 0
91999 128
92000 0
92001 0
92002 0
92003 118
92004 4
92005 288
92006 0
92007 160
92008 0
92009 10
92010 0
92011 0
92012 0
92013 0
92014 4
92015 30
92016 0
92017 0
92018 0
92019 16
92020 8
92021 2
92022 0
92023 0
92024 4
92025 0
92026 0
92027 6
92028 0
92029 8
92030 0
92031 0
92032 0
92033 2
92034 4
92035 0
92036 20
92037 16
92038 20
92039 238
92040 0
92041 0
92042 24
92043 0
92044 24
92045 2
92046 0
92047 0
92048 0
92049 8
92050 0
92051 6
92052 0
92053 0
92054 140
92055 0
92056 0
92057 2
92058 0
92059 16
92060 0
92061 0
92062 0
92063 62
92064 4
92065 0
92066 0
92067 0
92068 0
92069 970
92070 0
92071 64
92072 0
92073 0
92074 60
92075 6
92076 0
92077 0
92078 0
92079 64
92080 0
92081 2
92082 0
92083 0
92084 4
92085 0
92086 0
92087 14
92088 8
92089 8
92090 0
92091 0
92092 0
92093 2
92094 4
92095 0
92096 0
92097 0
92098 0
92099 22
92100 20
92101 0
92102 20
92103 0
92104 208
92105 178
92106 0
92107 0
92108 0
92109 8
92110 0
92111 30
92112 0
92113 0
92114 1060
92115 0
92116 0
92117 2
92118 0
92119 32
92120 0
92121 0
92122 8
92123 6
92124 4
92125 0
92126 0
92127 0
92128 0
92129 10
92130 0
92131 80
92132 0
92133 0
92134 4
92135 174
92136 0
92137 0
92138 0
92139 48
92140 0
92141 2
92142 0
92143 0
92144 4
92145 0
92146 0
92147 6
92148 0
92149 8
92150 0
92151 0
92152 0
92153 2
92154 4
92155 0
92156 8
92157 0
92158 0
92159 12286
92160 0
92161 0
92162 20
92163 0
92164 4
92165 2
92166 0
92167 0
92168 80
92169 56
92170 0
92171 6
92172 0
92173 16
92174 4
92175 0
92176 0
92177 2
92178 0
92179 16
92180 0
92181 0
92182 0
92183 14
92184 4
92185 0
92186 0
92187 0
92188 0
92189 10
92190 8
92191 0
92192 0
92193 40
92194 4
92195 6
92196 0
92197 0
92198 0
92199 32
92200 0
92201 154
92202 0
92203 0
92204 1060
92205 0
92206 0
92207 158
92208 0
92209 8
92210 0
92211 0
92212 0
92213 2
92214 4
92215 0
92216 0
92217 0
92218 0
92219 22
92220 0
92221 0
92222 0
92223 0
92224 32
92225 2
92226 0
92227 0
92228 0
92229 8
92230 0
92231 206
92232 0
92233 0
92234 104
92235 0
92236 0
92237 2
92238 0
92239 64
92240 0
92241 16
92242 0
92243 6
92244 4
92245 0
92246 0
92247 0
92248 0
92249 970
92250 0
92251 0
92252 0
92253 0
92254 4
92255 702
92256 0
92257 0
92258 8
92259 16
92260 0
92261 2
92262 144
92263 0
92264 4
92265 0
92266 0
92267 86
92268 0
92269 8
92270 0
92271 0
92272 0
92273 2
92274 4
92275 32
92276 0
92277 0
92278 0
92279 46
92280 0
92281 0
92282 0
92283 0
92284 4
92285 2
92286 20
92287 0
92288 0
92289 8
92290 0
92291 6
92292 8
92293 0
92294 28
92295 0
92296 0
92297 2
92298 0
92299 112
92300 20
92301 0
92302 0
92303 30
92304 4
92305 0
92306 0
92307 0
92308 0
92309 282
92310 0
92311 0
92312 0
92313 0
92314 4
92315 6
92316 0
92317 40
92318 0
92319 128
92320 0
92321 2
92322 0
92323 0
92324 4
92325 0
92326 8
92327 14
92328 56
92329 8
92330 0
92331 0
92332 0
92333 42
92334 4
92335 0
92336 0
92337 0
92338 0
92339 1030
92340 0
92341 0
92342 0
92343 64
92344 4
92345 2
92346 0
92347 0
92348 200
92349 8
92350 0
92351 126
92352 0
92353 0
92354 4
92355 0
92356 0
92357 50
92358 0
92359 32
92360 8
92361 0
92362 0
92363 230
92364 76
92365 0
92366 20
92367 0
92368 0
92369 10
92370 0
92371 0
92372 0
92373 0
92374 4
92375 14
92376 0
92377 16
92378 0
92379 96
92380 0
92381 2
92382 0
92383 0
92384 4
92385 0
92386 0
92387 6
92388 0
92389 8
92390 0
92391 0
92392 0
92393 2
92394 12
92395 0
92396 0
92397 0
92398 0
92399 414
92400 0
92401 0
92402 0
92403 0
92404 4
92405 2
92406 0
92407 0
92408 0
92409 8
92410 40
92411 38
92412 0
92413 0
92414 4
92415 0
92416 0
92417 2
92418 0
92419 16
92420 24
92421 0
92422 0
92423 14
92424 4
92425 0
92426 0
92427 0
92428 8
92429 250
92430 0
92431 0
92432 20
92433 0
92434 4
92435 6
92436 0
92437 0
92438 0
92439 32
92440 0
92441 42
92442 0
92443 0
92444 4
92445 16
92446 0
92447 62
92448 0
92449 8
92450 0
92451 0
92452 0
92453 2
92454 24
92455 448
92456 0
92457 0
92458 0
92459 22
92460 0
92461 0
92462 8
92463 0
92464 4
92465 42
92466 0
92467 0
92468 0
92469 8
92470 0
92471 14
92472 20
92473 0
92474 4
92475 0
92476 0
92477 2
92478 0
92479 768
92480 0
92481 0
92482 0
92483 102
92484 4
92485 0
92486 0
92487 0
92488 0
92489 10
92490 252
92491 0
92492 56
92493 0
92494 28
92495 30
92496 8
92497 0
92498 20
92499 16
92500 0
92501 2
92502 0
92503 160
92504 4
92505 0
92506 0
92507 6
92508 0
92509 8
92510 36
92511 0
92512 0
92513 18
92514 4
92515 0
92516 0
92517 0
92518 0
92519 1710
92520 0
92521 0
92522 0
92523 0
92524 4
92525 2
92526 0
92527 0
92528 0
92529 8
92530 8
92531 86
92532 0
92533 0
92534 24
92535 0
92536 0
92537 2
92538 0
92539 16
92540 0
92541 0
92542 0
92543 254
92544 4
92545 0
92546 96
92547 32
92548 0
92549 10
92550 0
92551 0
92552 0
92553 0
92554 4
92555 6
92556 0
92557 0
92558 0
92559 448
92560 0
92561 2
92562 0
92563 0
92564 160
92565 40
92566 0
92567 14
92568 0
92569 8
92570 0
92571 0
92572 0
92573 2
92574 4
92575 0
92576 0
92577 0
92578 0
92579 22
92580 0
92581 16
92582 56
92583 0
92584 4
92585 2
92586 0
92587 0
92588 0
92589 8
92590 0
92591 30
92592 0
92593 0
92594 4
92595 0
92596 20
92597 42
92598 8
92599 32
92600 0
92601 0
92602 0
92603 6
92604 4
92605 0
92606 0
92607 0
92608 0
92609 58
92610 0
92611 0
92612 0
92613 0
92614 4
92615 78
92616 0
92617 0
92618 0
92619 16
92620 0
92621 114
92622 0
92623 0
92624 28
92625 0
92626 0
92627 86
92628 0
92629 8
92630 20
92631 0
92632 8
92633 2
92634 4
92635 0
92636 0
92637 0
92638 0
92639 190
92640 0
92641 0
92642 0
92643 0
92644 4
92645 2
92646 0
92647 0
92648 0
92649 24
92650 0
92651 6
92652 0
92653 0
92654 4
92655 0
92656 0
92657 2
92658 20
92659 96
92660 0
92661 0
92662 0
92663 174
92664 4
92665 0
92666 8
92667 0
92668 0
92669 10
92670 0
92671 0
92672 24
92673 0
92674 4
92675 6
92676 0
92677 0
92678 0
92679 32
92680 0
92681 74
92682 0
92683 32
92684 4
92685 0
92686 0
92687 30
92688 0
92689 96
92690 0
92691 0
92692 0
92693 2
92694 4
92695 0
92696 20
92697 0
92698 0
92699 22
92700 8
92701 0
92702 0
92703 0
92704 4
92705 2
92706 0
92707 0
92708 0
92709 120
92710 0
92711 14
92712 0
92713 0
92714 4
92715 0
92716 0
92717 18
92718 0
92719 64
92720 20
92721 0
92722 0
92723 6
92724 4
92725 0
92726 0
92727 0
92728 0
92729 50
92730 0
92731 0
92732 0
92733 0
92734 12
92735 1662
92736 0
92737 0
92738 0
92739 16
92740 0
92741 2
92742 0
92743 0
92744 4
92745 0
92746 0
92747 6
92748 0
92749 8
92750 56
92751 768
92752 0
92753 2
92754 28
92755 0
92756 0
92757 0
92758 0
92759 46
92760 0
92761 0
92762 20
92763 0
92764 4
92765 2
92766 0
92767 0
92768 8
92769 8
92770 0
92771 6
92772 0
92773 0
92774 4
92775 0
92776 144
92777 2
92778 0
92779 16
92780 0
92781 0
92782 20
92783 30
92784 52
92785 16
92786 0
92787 0
92788 0
92789 10
92790 0
92791 0
92792 0
92793 0
92794 4
92795 86
92796 0
92797 0
92798 24
92799 512
92800 0
92801 2
92802 8
92803 0
92804 4
92805 0
92806 0
92807 14
92808 0
92809 8
92810 0
92811 0
92812 0
92813 42
92814 4
92815 0
92816 0
92817 0
92818 0
92819 1430
92820 0
92821 0
92822 0
92823 0
92824 4
92825 2
92826 0
92827 0
92828 20
92829 8
92830 0
92831 62
92832 0
92833 0
92834 4
92835 0
92836 1016
92837 2
92838 0
92839 32
92840 0
92841 0
92842 0
92843 6
92844 24
92845 0
92846 0
92847 0
92848 0
92849 10
92850 0
92851 0
92852 252
92853 952
92854 4
92855 14
92856 0
92857 0
92858 0
92859 16
92860 0
92861 90
92862 0
92863 0
92864 24
92865 0
92866 0
92867 6
92868 0
92869 8
92870 8
92871 0
92872 0
92873 2
92874 4
92875 80
92876 0
92877 0
92878 0
92879 990
92880 0
92881 0
92882 0
92883 0
92884 28
92885 2
92886 0
92887 1120
92888 0
92889 8
92890 0
92891 6
92892 0
92893 0
92894 24
92895 0
92896 0
92897 2
92898 0
92899 16
92900 0
92901 0
92902 0
92903 14
92904 12
92905 0
92906 20
92907 0
92908 0
92909 10
92910 0
92911 0
92912 0
92913 0
92914 4
92915 6
92916 0
92917 0
92918 0
92919 32
92920 0
92921 18
92922 0
92923 0
92924 28
92925 0
92926 0
92927 5630
92928 0
92929 8
92930 0
92931 0
92932 0
92933 2
92934 4
92935 0
92936 0
92937 40
92938 8
92939 22
92940 0
92941 0
92942 0
92943 0
92944 4
92945 2
92946 0
92947 0
92948 0
92949 56
92950 0
92951 14
92952 0
92953 0
92954 4
92955 32
92956 0
92957 2
92958 0
92959 128
92960 20
92961 0
92962 0
92963 230
92964 4
92965 0
92966 0
92967 0
92968 20
92969 10
92970 0
92971 0
92972 8
92973 0
92974 4
92975 30
92976 0
92977 0
92978 0
92979 16
92980 0
92981 2
92982 0
92983 0
92984 4
92985 0
92986 0
92987 102
92988 0
92989 24
92990 0
92991 0
92992 0
92993 42
92994 4
92995 0
92996 0
92997 0
92998 0
92999 206
93000 0
93001 504
93002 0
93003 0
93004 4
93005 2
93006 8
93007 0
93008 56
93009 8
93010 0
93011 6
93012 0
93013 0
93014 124
93015 0
93016 0
93017 2
93018 0
93019 16
93020 0
93021 0
93022 0
93023 1470
93024 4
93025 0
93026 20
93027 0
93028 0
93029 10
93030 20
93031 0
93032 0
93033 288
93034 4
93035 6
93036 0
93037 0
93038 0
93039 64
93040 8
93041 2
93042 0
93043 0
93044 4
93045 0
93046 0
93047 14
93048 0
93049 8
93050 24
93051 0
93052 0
93053 2
93054 4
93055 0
93056 0
93057 16
93058 0
93059 102
93060 0
93061 40
93062 0
93063 0
93064 4
93065 2
93066 0
93067 0
93068 0
93069 48
93070 0
93071 30
93072 0
93073 0
93074 140
93075 0
93076 0
93077 2
93078 0
93079 224
93080 0
93081 0
93082 0
93083 6
93084 4
93085 0
93086 0
93087 0
93088 0
93089 10
93090 56
93091 32
93092 480
93093 0
93094 4
93095 14
93096 0
93097 0
93098 0
93099 16
93100 0
93101 2
93102 0
93103 0
93104 4
93105 0
93106 0
93107 6
93108 8
93109 8
93110 0
93111 0
93112 0
93113 50
93114 4
93115 0
93116 0
93117 0
93118 0
93119 382
93120 0
93121 0
93122 0
93123 80
93124 4
93125 58
93126 0
93127 0
93128 0
93129 8
93130 0
93131 6
93132 0
93133 0
93134 4
93135 0
93136 0
93137 114
93138 0
93139 16
93140 0
93141 0
93142 8
93143 14
93144 28
93145 0
93146 0
93147 0
93148 0
93149 10
93150 0
93151 0
93152 0
93153 0
93154 24
93155 6
93156 0
93157 0
93158 20
93159 96
93160 0
93161 2
93162 0
93163 0
93164 4
93165 0
93166 0
93167 30
93168 0
93169 8
93170 0
93171 0
93172 0
93173 2
93174 4
93175 0
93176 32
93177 0
93178 0
93179 22
93180 0
93181 0
93182 0
93183 0
93184 4
93185 42
93186 0
93187 0
93188 0
93189 8
93190 0
93191 174
93192 0
93193 16
93194 40
93195 0
93196 0
93197 2
93198 0
93199 64
93200 0
93201 0
93202 0
93203 6
93204 4
93205 0
93206 0
93207 0
93208 0
93209 58
93210 8
93211 0
93212 0
93213 0
93214 4
93215 62
93216 20
93217 112
93218 0
93219 16
93220 0
93221 2
93222 0
93223 0
93224 24
93225 0
93226 0
93227 38
93228 0
93229 8
93230 0
93231 0
93232 0
93233 2
93234 4
93235 0
93236 0
93237 0
93238 0
93239 238
93240 0
93241 0
93242 0
93243 0
93244 12
93245 2
93246 0
93247 1280
93248 0
93249 8
93250 0
93251 6
93252 0
93253 0
93254 4
93255 0
93256 0
93257 42
93258 0
93259 16
93260 0
93261 16
93262 0
93263 30
93264 4
93265 0
93266 56
93267 0
93268 0
93269 10
93270 0
93271 0
93272 0
93273 0
93274 556
93275 6
93276 0
93277 0
93278 28
93279 128
93280 0
93281 2
93282 0
93283 0
93284 4
93285 0
93286 0
93287 14
93288 0
93289 8
93290 164
93291 0
93292 0
93293 2
93294 4
93295 128
93296 0
93297 0
93298 0
93299 22
93300 0
93301 0
93302 24
93303 0
93304 4
93305 2
93306 0
93307 0
93308 0
93309 48
93310 0
93311 254
93312 8
93313 0
93314 4
93315 0
93316 0
93317 2
93318 0
93319 32
93320 0
93321 0
93322 0
93323 86
93324 4
93325 0
93326 0
93327 0
93328 0
93329 282
93330 0
93331 0
93332 0
93333 0
93334 4
93335 14
93336 0
93337 0
93338 0
93339 112
93340 20
93341 2
93342 0
93343 0
93344 60
93345 0
93346 8
93347 6
93348 0
93349 8
93350 0
93351 0
93352 0
93353 2
93354 4
93355 0
93356 20
93357 0
93358 0
93359 94
93360 0
93361 0
93362 0
93363 32
93364 4
93365 698
93366 0
93367 0
93368 0
93369 8
93370 0
93371 86
93372 0
93373 0
93374 4
93375 0
93376 0
93377 2
93378 0
93379 16
93380 8
93381 0
93382 0
93383 14
93384 4
93385 0
93386 0
93387 0
93388 0
93389 50
93390 0
93391 0
93392 0
93393 0
93394 4
93395 230
93396 0
93397 16
93398 0
93399 32
93400 0
93401 2
93402 20
93403 0
93404 28
93405 0
93406 0
93407 62
93408 0
93409 8
93410 0
93411 0
93412 0
93413 2
93414 12
93415 0
93416 0
93417 0
93418 0
93419 22
93420 0
93421 0
93422 20
93423 0
93424 4
93425 2
93426 0
93427 0
93428 24
93429 8
93430 0
93431 78
93432 0
93433 80
93434 4
93435 0
93436 0
93437 2
93438 0
93439 1024
93440 0
93441 0
93442 0
93443 6
93444 4
93445 0
93446 0
93447 0
93448 8
93449 10
93450 0
93451 0
93452 0
93453 0
93454 4
93455 350
93456 0
93457 0
93458 0
93459 16
93460 0
93461 2
93462 0
93463 0
93464 24
93465 16
93466 0
93467 6
93468 0
93469 56
93470 0
93471 1792
93472 0
93473 2
93474 4
93475 0
93476 0
93477 0
93478 0
93479 206
93480 0
93481 0
93482 8
93483 0
93484 4
93485 2
93486 0
93487 0
93488 20
93489 8
93490 0
93491 102
93492 0
93493 0
93494 4
93495 160
93496 0
93497 2
93498 0
93499 48
93500 0
93501 0
93502 0
93503 126
93504 4
93505 0
93506 0
93507 0
93508 0
93509 10
93510 0
93511 0
93512 252
93513 0
93514 4
93515 6
93516 8
93517 0
93518 0
93519 64
93520 0
93521 42
93522 0
93523 0
93524 60
93525 0
93526 20
93527 14
93528 0
93529 8
93530 0
93531 0
93532 0
93533 18
93534 28
93535 0
93536 36
93537 0
93538 0
93539 22
93540 0
93541 0
93542 0
93543 0
93544 4
93545 2
93546 0
93547 576
93548 0
93549 8
93550 8
93551 30
93552 0
93553 0
93554 48
93555 0
93556 0
93557 42
93558 0
93559 32
93560 0
93561 0
93562 0
93563 6
93564 4
93565 0
93566 0
93567 1024
93568 0
93569 10
93570 132
93571 0
93572 0
93573 0
93574 4
93575 14
93576 0
93577 0
93578 0
93579 16
93580 0
93581 2
93582 0
93583 0
93584 140
93585 0
93586 0
93587 86
93588 20
93589 8
93590 0
93591 0
93592 0
93593 2
93594 4
93595 0
93596 0
93597 0
93598 56
93599 4030
93600 0
93601 16
93602 0
93603 0
93604 4
93605 2
93606 0
93607 0
93608 0
93609 8
93610 0
93611 6
93612 0
93613 0
93614 4
93615 0
93616 0
93617 50
93618 8
93619 1536
93620 20
93621 0
93622 0
93623 14
93624 4
93625 0
93626 0
93627 0
93628 0
93629 10
93630 0
93631 0
93632 0
93633 0
93634 4
93635 38
93636 0
93637 0
93638 0
93639 32
93640 0
93641 2
93642 0
93643 0
93644 4
93645 0
93646 0
93647 30
93648 0
93649 8
93650 20
93651 0
93652 8
93653 154
93654 4
93655 0
93656 0
93657 0
93658 0
93659 22
93660 0
93661 0
93662 0
93663 0
93664 28
93665 2
93666 0
93667 0
93668 0
93669 24
93670 0
93671 14
93672 0
93673 0
93674 4
93675 0
93676 0
93677 2
93678 0
93679 64
93680 24
93681 40
93682 0
93683 6
93684 24
93685 0
93686 28
93687 0
93688 0
93689 10
93690 0
93691 0
93692 0
93693 0
93694 4
93695 1022
93696 0
93697 0
93698 0
93699 16
93700 0
93701 2
93702 0
93703 64
93704 4
93705 0
93706 0
93707 150
93708 0
93709 8
93710 0
93711 0
93712 20
93713 2
93714 4
93715 0
93716 0
93717 0
93718 0
93719 206
93720 8
93721 0
93722 0
93723 0
93724 4
93725 114
93726 0
93727 0
93728 0
93729 152
93730 0
93731 6
93732 0
93733 0
93734 4
93735 0
93736 0
93737 18
93738 0
93739 16
93740 0
93741 0
93742 0
93743 734
93744 4
93745 0
93746 0
93747 0
93748 0
93749 10
93750 0
93751 0
93752 20
93753 0
93754 12
93755 6
93756 0
93757 0
93758 0
93759 256
93760 0
93761 2
93762 0
93763 0
93764 4
93765 0
93766 0
93767 14
93768 0
93769 8
93770 0
93771 32
93772 0
93773 2
93774 44
93775 0
93776 0
93777 0
93778 0
93779 22
93780 0
93781 0
93782 56
93783 0
93784 4
93785 42
93786 0
93787 0
93788 8
93789 8
93790 0
93791 62
93792 0
93793 0
93794 28
93795 0
93796 0
93797 2
93798 0
93799 32
93800 0
93801 0
93802 0
93803 6
93804 148
93805 56
93806 24
93807 0
93808 0
93809 10
93810 0
93811 0
93812 0
93813 0
93814 4
93815 14
93816 0
93817 0
93818 20
93819 16
93820 0
93821 2
93822 8
93823 0
93824 4
93825 0
93826 0
93827 6
93828 0
93829 8
93830 0
93831 0
93832 0
93833 2
93834 4
93835 0
93836 20
93837 0
93838 0
93839 2270
93840 0
93841 0
93842 0
93843 0
93844 4
93845 2
93846 0
93847 0
93848 0
93849 8
93850 0
93851 86
93852 56
93853 0
93854 4
93855 0
93856 8
93857 2
93858 0
93859 112
93860 0
93861 0
93862 0
93863 14
93864 4
93865 0
93866 0
93867 80
93868 0
93869 58
93870 0
93871 0
93872 0
93873 16
93874 4
93875 6
93876 0
93877 0
93878 252
93879 32
93880 0
93881 2
93882 0
93883 0
93884 24
93885 0
93886 0
93887 126
93888 0
93889 48
93890 8
93891 0
93892 0
93893 2
93894 4
93895 0
93896 0
93897 0
93898 20
93899 22
93900 0
93901 0
93902 0
93903 0
93904 4
93905 2
93906 0
93907 32
93908 0
93909 8
93910 0
93911 462
93912 0
93913 0
93914 4
93915 0
93916 0
93917 42
93918 0
93919 128
93920 0
93921 0
93922 0
93923 6
93924 36
93925 0
93926 0
93927 0
93928 0
93929 50
93930 0
93931 0
93932 24
93933 0
93934 4
93935 30
93936 0
93937 0
93938 0
93939 16
93940 0
93941 18
93942 0
93943 0
93944 4
93945 0
93946 0
93947 6
93948 0
93949 8
93950 20
93951 0
93952 0
93953 2
93954 4
93955 0
93956 0
93957 0
93958 8
93959 46
93960 20
93961 0
93962 0
93963 0
93964 4
93965 2
93966 0
93967 0
93968 0
93969 8
93970 0
93971 6
93972 0
93973 0
93974 4
93975 64
93976 0
93977 2
93978 0
93979 240
93980 0
93981 0
93982 0
93983 702
93984 4
93985 0
93986 0
93987 0
93988 0
93989 442
93990 0
93991 160
93992 8
93993 0
93994 4
93995 102
93996 0
93997 0
93998 0
93999 64
94000 0
94001 2
94002 0
94003 0
94004 4
94005 0
94006 0
94007 14
94008 0
94009 24
94010 0
94011 0
94012 0
94013 2
94014 4
94015 0
94016 20
94017 0
94018 0
94019 22
94020 0
94021 0
94022 20
94023 2016
94024 4
94025 2
94026 8
94027 0
94028 0
94029 8
94030 0
94031 30
94032 0
94033 0
94034 4
94035 0
94036 0
94037 2
94038 0
94039 32
94040 56
94041 0
94042 0
94043 38
94044 4
94045 0
94046 0
94047 0
94048 0
94049 122
94050 0
94051 0
94052 0
94053 40
94054 28
94055 14
94056 0
94057 0
94058 24
94059 16
94060 8
94061 290
94062 0
94063 0
94064 4
94065 0
94066 0
94067 6
94068 0
94069 8
94070 0
94071 0
94072 0
94073 2
94074 4
94075 0
94076 0
94077 16
94078 0
94079 766
94080 0
94081 0
94082 20
94083 0
94084 24
94085 2
94086 0
94087 0
94088 0
94089 8
94090 0
94091 6
94092 0
94093 0
94094 160
94095 0
94096 0
94097 2
94098 0
94099 16
94100 0
94101 0
94102 0
94103 14
94104 4
94105 0
94106 56
94107 0
94108 0
94109 10
94110 0
94111 256
94112 0
94113 0
94114 4
94115 1926
94116 0
94117 0
94118 0
94119 224
94120 0
94121 50
94122 0
94123 0
94124 4
94125 0
94126 0
94127 30
94128 8
94129 8
94130 0
94131 0
94132 0
94133 2
94134 4
94135 0
94136 0
94137 0
94138 0
94139 22
94140 0
94141 0
94142 0
94143 0
94144 4
94145 18
94146 20
94147 0
94148 20
94149 8
94150 0
94151 14
94152 0
94153 0
94154 4
94155 0
94156 0
94157 2
94158 0
94159 64
94160 0
94161 2112
94162 8
94163 6
94164 4
94165 0
94166 0
94167 0
94168 0
94169 122
94170 0
94171 0
94172 0
94173 0
94174 4
94175 62
94176 0
94177 40
94178 0
94179 48
94180 0
94181 42
94182 0
94183 0
94184 2068
94185 0
94186 0
94187 6
94188 0
94189 8
94190 0
94191 0
94192 0
94193 2
94194 4
94195 0
94196 8
94197 0
94198 0
94199 46
94200 0
94201 0
94202 0
94203 0
94204 4
94205 2
94206 0
94207 0
94208 20
94209 8
94210 0
94211 6
94212 0
94213 16
94214 24
94215 0
94216 0
94217 2
94218 0
94219 16
94220 36
94221 0
94222 0
94223 30
94224 4
94225 0
94226 0
94227 0
94228 0
94229 10
94230 2072
94231 0
94232 0
94233 112
94234 4
94235 6
94236 0
94237 0
94238 0
94239 768
94240 0
94241 2
94242 0
94243 0
94244 4
94245 0
94246 0
94247 430
94248 0
94249 56
94250 0
94251 0
94252 0
94253 2554
94254 4
94255 0
94256 0
94257 0
94258 0
94259 22
94260 0
94261 0
94262 0
94263 0
94264 12
94265 2
94266 0
94267 0
94268 0
94269 8
94270 20
94271 126
94272 0
94273 0
94274 4
94275 0
94276 0
94277 2
94278 0
94279 32
94280 20
94281 16
94282 0
94283 6
94284 4
94285 0
94286 0
94287 0
94288 0
94289 10
94290 0
94291 0
94292 0
94293 0
94294 4
94295 14
94296 0
94297 0
94298 64
94299 1936
94300 0
94301 42
94302 0
94303 0
94304 4
94305 0
94306 0
94307 6
94308 0
94309 8
94310 24
94311 0
94312 0
94313 42
94314 28
94315 32
94316 0
94317 0
94318 144
94319 94
94320 0
94321 0
94322 0
94323 0
94324 4
94325 2
94326 0
94327 0
94328 0
94329 8
94330 0
94331 6
94332 28
94333 0
94334 4
94335 0
94336 0
94337 2
94338 0
94339 16
94340 0
94341 0
94342 0
94343 14
94344 4
94345 0
94346 20
94347 0
94348 0
94349 282
94350 0
94351 0
94352 0
94353 0
94354 4
94355 6
94356 0
94357 0
94358 0
94359 32
94360 56
94361 2
94362 0
94363 80
94364 4
94365 0
94366 8
94367 62
94368 0
94369 8
94370 0
94371 0
94372 0
94373 50
94374 4
94375 0
94376 0
94377 0
94378 0
94379 198
94380 0
94381 0
94382 0
94383 128
94384 4
94385 2
94386 0
94387 0
94388 0
94389 8
94390 0
94391 2030
94392 0
94393 0
94394 24
94395 0
94396 0
94397 2
94398 0
94399 256
94400 8
94401 0
94402 0
94403 6
94404 4
94405 0
94406 0
94407 0
94408 0
94409 10
94410 0
94411 0
94412 20
94413 0
94414 4
94415 30
94416 0
94417 16
94418 0
94419 16
94420 0
94421 2
94422 0
94423 0
94424 4
94425 40
94426 0
94427 230
94428 0
94429 8
94430 0
94431 0
94432 0
94433 2
94434 12
94435 0
94436 24
94437 0
94438 0
94439 46
94440 0
94441 0
94442 0
94443 0
94444 28
94445 42
94446 0
94447 0
94448 0
94449 8
94450 0
94451 38
94452 0
94453 0
94454 4
94455 0
94456 40
94457 2
94458 0
94459 16
94460 0
94461 0
94462 0
94463 510
94464 4
94465 0
94466 0
94467 0
94468 8
94469 10
94470 0
94471 0
94472 0
94473 0
94474 4
94475 6
94476 0
94477 0
94478 20
94479 64
94480 0
94481 2
94482 0
94483 0
94484 4
94485 16
94486 0
94487 622
94488 0
94489 8
94490 0
94491 0
94492 0
94493 2
94494 4
94495 0
94496 0
94497 0
94498 0
94499 118
94500 0
94501 0
94502 8
94503 0
94504 24
94505 2
94506 0
94507 0
94508 0
94509 56
94510 0
94511 350
94512 0
94513 0
94514 4
94515 0
94516 0
94517 2
94518 20
94519 96
94520 0
94521 0
94522 0
94523 6
94524 4
94525 0
94526 0
94527 0
94528 0
94529 10
94530 0
94531 0
94532 0
94533 0
94534 256
94535 14
94536 8
94537 0
94538 0
94539 16
94540 0
94541 2
94542 0
94543 0
94544 24
94545 0
94546 0
94547 6
94548 0
94549 48
94550 0
94551 0
94552 0
94553 18
94554 4
94555 0
94556 56
94557 0
94558 0
94559 190
94560 0
94561 0
94562 60
94563 0
94564 4
94565 2
94566 0
94567 0
94568 0
94569 8
94570 8
94571 6
94572 0
94573 0
94574 28
94575 2304
94576 0
94577 42
94578 0
94579 16
94580 20
94581 0
94582 0
94583 14
94584 4
94585 0
94586 0
94587 32
94588 0
94589 10
94590 0
94591 0
94592 0
94593 0
94594 4
94595 6
94596 0
94597 0
94598 0
94599 32
94600 0
94601 2
94602 0
94603 0
94604 140
94605 0
94606 0
94607 30
94608 0
94609 8
94610 20
94611 80
94612 0
94613 2
94614 60
94615 0
94616 0
94617 0
94618 0
94619 22
94620 0
94621 16
94622 0
94623 0
94624 4
94625 50
94626 0
94627 0
94628 0
94629 8
94630 0
94631 14
94632 0
94633 0
94634 4
94635 0
94636 0
94637 2
94638 8
94639 1216
94640 0
94641 0
94642 20
94643 86
94644 4
94645 0
94646 0
94647 0
94648 0
94649 10
94650 0
94651 0
94652 0
94653 0
94654 4
94655 638
94656 0
94657 0
94658 0
94659 16
94660 0
94661 2
94662 0
94663 0
94664 4
94665 240
94666 0
94667 6
94668 0
94669 8
94670 0
94671 0
94672 8
94673 42
94674 4
94675 0
94676 20
94677 0
94678 0
94679 46
94680 0
94681 0
94682 0
94683 0
94684 4
94685 114
94686 0
94687 0
94688 24
94689 24
94690 0
94691 6
94692 0
94693 0
94694 4
94695 0
94696 0
94697 2
94698 0
94699 16
94700 0
94701 0
94702 0
94703 30
94704 48
94705 0
94706 8
94707 0
94708 0
94709 90
94710 0
94711 0
94712 0
94713 0
94714 4
94715 6
94716 0
94717 0
94718 0
94719 2048
94720 0
94721 2
94722 0
94723 32
94724 4
94725 0
94726 0
94727 14
94728 0
94729 8
94730 0
94731 0
94732 0
94733 74
94734 4
94735 320
94736 0
94737 0
94738 0
94739 22
94740 8
94741 112
94742 20
94743 0
94744 4
94745 2
94746 0
94747 0
94748 0
94749 8
94750 0
94751 830
94752 0
94753 0
94754 4
94755 0
94756 0
94757 18
94758 0
94759 32
94760 0
94761 0
94762 0
94763 6
94764 4
94765 0
94766 20
94767 0
94768 0
94769 250
94770 0
94771 0
94772 0
94773 0
94774 12
94775 174
94776 0
94777 0
94778 0
94779 16
94780 0
94781 2
94782 0
94783 0
94784 4
94785 0
94786 0
94787 6
94788 0
94789 8
94790 0
94791 64
94792 0
94793 2
94794 4
94795 0
94796 0
94797 80
94798 0
94799 94
94800 0
94801 0
94802 0
94803 0
94804 4
94805 2
94806 0
94807 0
94808 28
94809 8
94810 0
94811 6
94812 0
94813 0
94814 84
94815 0
94816 0
94817 2
94818 0
94819 16
94820 0
94821 0
94822 0
94823 14
94824 4
94825 16
94826 0
94827 0
94828 20
94829 10
94830 0
94831 0
94832 144
94833 0
94834 28
94835 6
94836 0
94837 0
94838 0
94839 32
94840 0
94841 42
94842 8
94843 0
94844 4
94845 0
94846 0
94847 254
94848 0
94849 8
94850 0
94851 0
94852 0
94853 2
94854 4
94855 0
94856 0
94857 0
94858 0
94859 646
94860 0
94861 0
94862 0
94863 0
94864 4
94865 2
94866 0
94867 0
94868 56
94869 8
94870 0
94871 14
94872 0
94873 0
94874 24
94875 0
94876 8
94877 50
94878 0
94879 128
94880 0
94881 0
94882 0
94883 6
94884 4
94885 0
94886 0
94887 0
94888 0
94889 10
94890 20
94891 0
94892 0
94893 16
94894 4
94895 30
94896 0
94897 0
94898 0
94899 112
94900 0
94901 2
94902 0
94903 0
94904 256
94905 0
94906 0
94907 86
94908 0
94909 8
94910 8
94911 0
94912 0
94913 2
94914 24
94915 0
94916 0
94917 0
94918 0
94919 46
94920 0
94921 40
94922 0
94923 0
94924 4
94925 2
94926 0
94927 128
94928 0
94929 8
94930 0
94931 6
94932 0
94933 0
94934 4
94935 0
94936 132
94937 2
94938 0
94939 16
94940 44
94941 0
94942 0
94943 1854
94944 12
94945 0
94946 0
94947 0
94948 0
94949 10
94950 0
94951 0
94952 20
94953 0
94954 4
94955 6
94956 0
94957 0
94958 0
94959 64
94960 0
94961 18
94962 0
94963 0
94964 28
94965 0
94966 0
94967 14
94968 0
94969 8
94970 0
94971 0
94972 0
94973 42
94974 4
94975 0
94976 0
94977 0
94978 8
94979 22
94980 0
94981 0
94982 0
94983 160
94984 4
94985 2
94986 0
94987 0
94988 0
94989 8
94990 0
94991 30
94992 0
94993 0
94994 4
94995 256
94996 0
94997 2
94998 0
94999 32
95000 0
95001 0
95002 0
95003 390
95004 4
95005 0
95006 20
95007 0
95008 0
95009 10
95010 0
95011 0
95012 8
95013 0
95014 24
95015 14
95016 0
95017 0
95018 0
95019 16
95020 0
95021 2
95022 0
95023 0
95024 4
95025 0
95026 0
95027 6
95028 0
95029 72
95030 0
95031 0
95032 336
95033 2
95034 4
95035 0
95036 0
95037 0
95038 0
95039 1662
95040 0
95041 0
95042 0
95043 0
95044 4
95045 546
95046 8
95047 0
95048 0
95049 8
95050 0
95051 6
95052 0
95053 0
95054 4
95055 0
95056 0
95057 2
95058 0
95059 16
95060 0
95061 0
95062 0
95063 78
95064 4
95065 0
95066 24
95067 0
95068 0
95069 10
95070 0
95071 0
95072 76
95073 0
95074 4
95075 150
95076 20
95077 0
95078 0
95079 32
95080 8
95081 2
95082 0
95083 0
95084 4
95085 0
95086 0
95087 30
95088 0
95089 296
95090 0
95091 0
95092 0
95093 2
95094 76
95095 0
95096 0
95097 16
95098 0
95099 22
95100 0
95101 0
95102 0
95103 0
95104 4
95105 42
95106 0
95107 80
95108 0
95109 8
95110 0
95111 14
95112 0
95113 0
95114 140
95115 0
95116 0
95117 2
95118 0
95119 384
95120 0
95121 0
95122 56
95123 6
95124 4
95125 0
95126 0
95127 0
95128 0
95129 58
95130 0
95131 32
95132 0
95133 0
95134 4
95135 62
95136 0
95137 0
95138 480
95139 16
95140 0
95141 2
95142 0
95143 0
95144 4
95145 0
95146 0
95147 6
95148 8
95149 8
95150 0
95151 0
95152 0
95153 2
95154 4
95155 0
95156 0
95157 0
95158 0
95159 238
95160 0
95161 0
95162 0
95163 0
95164 4
95165 18
95166 0
95167 0
95168 0
95169 48
95170 0
95171 86
95172 0
95173 0
95174 4
95175 0
95176 0
95177 2
95178 0
95179 16
95180 0
95181 0
95182 8
95183 30
95184 4
95185 0
95186 0
95187 0
95188 0
95189 10
95190 0
95191 0
95192 24
95193 0
95194 4
95195 6
95196 0
95197 0
95198 0
95199 384
95200 20
95201 114
95202 0
95203 0
95204 24
95205 0
95206 0
95207 14
95208 0
95209 8
95210 0
95211 0
95212 0
95213 2
95214 4
95215 0
95216 8
95217 0
95218 0
95219 22
95220 0
95221 0
95222 0
95223 0
95224 28
95225 2
95226 0
95227 0
95228 0
95229 8
95230 0
95231 22526
95232 0
95233 16
95234 4
95235 0
95236 0
95237 42
95238 0
95239 32
95240 0
95241 0
95242 0
95243 6
95244 4
95245 0
95246 36
95247 0
95248 0
95249 122
95250 8
95251 0
95252 0
95253 0
95254 4
95255 206
95256 0
95257 0
95258 0
95259 16
95260 0
95261 2
95262 20
95263 0
95264 4
95265 0
95266 0
95267 38
95268 0
95269 8
95270 20
95271 0
95272 0
95273 2
95274 4
95275 0
95276 0
95277 0
95278 0
95279 94
95280 0
95281 0
95282 0
95283 0
95284 12
95285 2
95286 0
95287 0
95288 0
95289 56
95290 0
95291 6
95292 0
95293 40
95294 4
95295 0
95296 0
95297 2
95298 0
95299 16
95300 0
95301 16
95302 0
95303 174
95304 4
95305 0
95306 0
95307 0
95308 0
95309 10
95310 0
95311 0
95312 0
95313 0
95314 4
95315 6
95316 0
95317 0
95318 32
95319 32
95320 0
95321 2
95322 0
95323 0
95324 4344
95325 0
95326 0
95327 5822
95328 0
95329 8
95330 56
95331 0
95332 0
95333 2
95334 4
95335 64
95336 20
95337 0
95338 0
95339 22
95340 0
95341 0
95342 0
95343 0
95344 4
95345 2
95346 144
95347 0
95348 0
95349 8
95350 0
95351 14
95352 8
95353 0
95354 124
95355 80
95356 0
95357 2
95358 0
95359 512
95360 0
95361 0
95362 0
95363 6
95364 4
95365 0
95366 0
95367 0
95368 0
95369 322
95370 0
95371 0
95372 0
95373 0
95374 4
95375 30
95376 56
95377 0
95378 0
95379 16
95380 0
95381 50
95382 0
95383 0
95384 4
95385 0
95386 28
95387 6
95388 0
95389 8
95390 0
95391 0
95392 0
95393 2
95394 4
95395 0
95396 0
95397 0
95398 0
95399 46
95400 0
95401 0
95402 20
95403 32
95404 4
95405 2
95406 0
95407 0
95408 0
95409 8
95410 0
95411 6
95412 0
95413 0
95414 4
95415 0
95416 0
95417 546
95418 0
95419 112
95420 8
95421 0
95422 0
95423 126
95424 4
95425 0
95426 0
95427 0
95428 0
95429 10
95430 0
95431 0
95432 0
95433 0
95434 4
95435 86
95436 0
95437 16
95438 0
95439 64
95440 0
95441 2
95442 0
95443 0
95444 28
95445 0
95446 0
95447 14
95448 20
95449 8
95450 0
95451 0
95452 0
95453 2
95454 12
95455 0
95456 0
95457 0
95458 0
95459 246
95460 0
95461 0
95462 0
95463 0
95464 4
95465 2
95466 0
95467 0
95468 20
95469 8
95470 0
95471 158
95472 0
95473 0
95474 4
95475 0
95476 0
95477 2
95478 0
95479 352
95480 0
95481 0
95482 0
95483 6
95484 28
95485 0
95486 0
95487 0
95488 8
95489 10
95490 0
95491 0
95492 0
95493 0
95494 4
95495 14
95496 0
95497 0
95498 0
95499 16
95500 0
95501 42
95502 0
95503 896
95504 4
95505 16
95506 0
95507 102
95508 0
95509 8
95510 20
95511 0
95512 0
95513 2
95514 4
95515 0
95516 0
95517 0
95518 0
95519 190
95520 0
95521 0
95522 8
95523 0
95524 4
95525 2
95526 0
95527 0
95528 0
95529 48
95530 0
95531 6
95532 0
95533 0
95534 24
95535 0
95536 0
95537 2
95538 0
95539 48
95540 0
95541 40
95542 0
95543 14
95544 4
95545 0
95546 0
95547 0
95548 0
95549 442
95550 0
95551 0
95552 0
95553 0
95554 4
95555 6
95556 260
95557 0
95558 0
95559 32
95560 0
95561 2
95562 0
95563 0
95564 4
95565 0
95566 0
95567 350
95568 0
95569 8
95570 24
95571 0
95572 20
95573 18
95574 4
95575 0
95576 0
95577 0
95578 0
95579 22
95580 0
95581 0
95582 0
95583 0
95584 472
95585 2
95586 0
95587 0
95588 92
95589 8
95590 8
95591 14
95592 0
95593 0
95594 4
95595 0
95596 0
95597 2
95598 0
95599 64
95600 20
95601 0
95602 0
95603 662
95604 4
95605 0
95606 0
95607 64
95608 0
95609 10
95610 0
95611 0
95612 0
95613 0
95614 28
95615 254
95616 0
95617 0
95618 0
95619 544
95620 0
95621 2
95622 0
95623 0
95624 140
95625 0
95626 0
95627 6
95628 0
95629 8
95630 56
95631 0
95632 0
95633 90
95634 24
95635 0
95636 0
95637 0
95638 0
95639 46
95640 0
95641 16
95642 0
95643 0
95644 4
95645 2
95646 0
95647 0
95648 0
95649 8
95650 0
95651 6
95652 0
95653 0
95654 4
95655 0
95656 0
95657 2
95658 8
95659 16
95660 0
95661 0
95662 0
95663 30
95664 4
95665 40
95666 20
95667 0
95668 0
95669 10
95670 0
95671 0
95672 0
95673 0
95674 4
95675 38
95676 0
95677 0
95678 0
95679 1792
95680 0
95681 2
95682 0
95683 0
95684 4
95685 0
95686 0
95687 14
95688 0
95689 8
95690 0
95691 0
95692 8
95693 2
95694 4
95695 0
95696 44
95697 0
95698 0
95699 102
95700 0
95701 0
95702 0
95703 0
95704 4
95705 2
95706 0
95707 0
95708 0
95709 24
95710 0
95711 62
95712 0
95713 0
95714 4
95715 0
95716 0
95717 114
95718 0
95719 32
95720 0
95721 0
95722 0
95723 6
95724 4
95725 0
95726 8
95727 320
95728 0
95729 10
95730 0
95731 0
95732 20
95733 0
95734 24
95735 14
95736 0
95737 0
95738 0
95739 16
95740 0
95741 2
95742 0
95743 4096
95744 28
95745 0
95746 0
95747 6
95748 0
95749 8
95750 0
95751 0
95752 0
95753 2
95754 4
95755 0
95756 0
95757 112
95758 20
95759 1054
95760 8
95761 0
95762 0
95763 0
95764 4
95765 42
95766 0
95767 0
95768 0
95769 8
95770 0
95771 6
95772 0
95773 0
95774 4
95775 0
95776 0
95777 18
95778 0
95779 16
95780 0
95781 0
95782 0
95783 14
95784 4
95785 0
95786 0
95787 0
95788 0
95789 50
95790 0
95791 0
95792 0
95793 0
95794 12
95795 6
95796 0
95797 0
95798 20
95799 32
95800 0
95801 2
95802 0
95803 0
95804 4
95805 0
95806 0
95807 126
95808 0
95809 56
95810 0
95811 32
95812 0
95813 2
95814 4
95815 0
95816 0
95817 0
95818 0
95819 22
95820 40
95821 0
95822 96
95823 0
95824 4
95825 2
95826 0
95827 0
95828 8
95829 8
95830 0
95831 174
95832 0
95833 0
95834 4
95835 0
95836 0
95837 2
95838 0
95839 128
95840 0
95841 0
95842 0
95843 6
95844 4
95845 16
95846 56
95847 0
95848 0
95849 10
95850 0
95851 80
95852 0
95853 0
95854 4
95855 30
95856 0
95857 0
95858 0
95859 16
95860 144
95861 2
95862 8
95863 0
95864 24
95865 0
95866 0
95867 6
95868 0
95869 8
95870 0
95871 0
95872 0
95873 2
95874 28
95875 0
95876 0
95877 0
95878 0
95879 1134
95880 0
95881 0
95882 20
95883 0
95884 60
95885 50
95886 0
95887 0
95888 0
95889 8
95890 0
95891 6
95892 0
95893 0
95894 4
95895 0
95896 8
95897 42
95898 0
95899 16
95900 0
95901 0
95902 0
95903 62
95904 4
95905 0
95906 0
95907 0
95908 0
95909 10
95910 0
95911 0
95912 0
95913 56
95914 4
95915 6
95916 0
95917 0
95918 0
95919 64
95920 0
95921 2
95922 0
95923 0
95924 4
95925 0
95926 0
95927 14
95928 0
95929 8
95930 280
95931 0
95932 0
95933 2
95934 4
95935 0
95936 0
95937 0
95938 0
95939 582
95940 0
95941 0
95942 0
95943 0
95944 24
95945 2
95946 0
95947 32
95948 24
95949 8
95950 0
95951 30
95952 0
95953 0
95954 4
95955 0
95956 0
95957 2
95958 0
95959 32
95960 0
95961 0
95962 0
95963 86
95964 12
95965 0
95966 0
95967 0
95968 0
95969 10
95970 0
95971 0
95972 0
95973 0
95974 4
95975 622
95976 0
95977 0
95978 0
95979 16
95980 0
95981 18
95982 0
95983 0
95984 4
95985 0
95986 0
95987 6
95988 0
95989 8
95990 0
95991 0
95992 0
95993 2
95994 4
95995 0
95996 20
95997 0
95998 8
95999 1534
96000 0
96001 0
96002 0
96003 0
96004 76
96005 2
96006 20
96007 0
96008 0
96009 8
96010 0
96011 326
96012 0
96013 0
96014 4
96015 128
96016 0
96017 2
96018 0
96019 16
96020 0
96021 0
96022 0
96023 14
96024 4
96025 0
96026 0
96027 0
96028 0
96029 50
96030 0
96031 0
96032 8
96033 0
96034 4
96035 6
96036 0
96037 40
96038 0
96039 32
96040 0
96041 2
96042 0
96043 0
96044 4
96045 0
96046 0
96047 30
96048 0
96049 24
96050 0
96051 0
96052 0
96053 2
96054 4
96055 0
96056 0
96057 0
96058 0
96059 22
96060 0
96061 0
96062 20
96063 0
96064 4
96065 2
96066 8
96067 1008
96068 20
96069 56
96070 0
96071 14
96072 0
96073 0
96074 28
96075 0
96076 0
96077 2
96078 0
96079 64
96080 0
96081 0
96082 0
96083 38
96084 4
96085 0
96086 0
96087 0
96088 0
96089 10
96090 0
96091 0
96092 0
96093 0
96094 4
96095 702
96096 0
96097 0
96098 0
96099 96
96100 8
96101 74
96102 0
96103 0
96104 60
96105 0
96106 0
96107 6
96108 0
96109 8
96110 0
96111 0
96112 0
96113 2
96114 4
96115 0
96116 0
96117 560
96118 0
96119 46
96120 0
96121 0
96122 0
96123 0
96124 4
96125 2
96126 0
96127 0
96128 20
96129 8
96130 20
96131 6
96132 0
96133 0
96134 164
96135 0
96136 0
96137 50
96138 56
96139 16
96140 0
96141 0
96142 0
96143 30
96144 24
96145 0
96146 0
96147 0
96148 0
96149 10
96150 0
96151 64
96152 0
96153 0
96154 4
96155 6
96156 0
96157 0
96158 0
96159 128
96160 0
96161 962
96162 0
96163 0
96164 4
96165 0
96166 0
96167 14
96168 8
96169 8
96170 0
96171 0
96172 0
96173 2
96174 4
96175 0
96176 0
96177 0
96178 0
96179 22
96180 0
96181 0
96182 0
96183 0
96184 4
96185 18
96186 0
96187 0
96188 0
96189 8
96190 0
96191 126
96192 20
96193 0
96194 24
96195 0
96196 0
96197 2
96198 0
96199 224
96200 24
96201 0
96202 8
96203 6
96204 4
96205 0
96206 0
96207 0
96208 1056
96209 10
96210 0
96211 0
96212 0
96213 0
96214 4
96215 14
96216 0
96217 0
96218 0
96219 48
96220 0
96221 2
96222 0
96223 640
96224 4
96225 0
96226 0
96227 86
96228 0
96229 8
96230 0
96231 0
96232 0
96233 114
96234 4
96235 0
96236 8
96237 0
96238 0
96239 94
96240 0
96241 0
96242 0
96243 0
96244 4
96245 2
96246 0
96247 0
96248 0
96249 8
96250 0
96251 6
96252 0
96253 16
96254 24
96255 0
96256 0
96257 2
96258 0
96259 16
96260 20
96261 0
96262 0
96263 206
96264 28
96265 112
96266 0
96267 0
96268 0
96269 10
96270 8
96271 0
96272 36
96273 0
96274 4
96275 6
96276 0
96277 0
96278 0
96279 32
96280 0
96281 2
96282 0
96283 0
96284 4
96285 40
96286 0
96287 318
96288 0
96289 8
96290 0
96291 0
96292 0
96293 42
96294 4
96295 0
96296 0
96297 0
96298 0
96299 22
96300 0
96301 0
96302 1056
96303 0
96304 12
96305 2
96306 0
96307 0
96308 0
96309 8
96310 0
96311 14
96312 0
96313 0
96314 4
96315 0
96316 20
96317 2
96318 0
96319 256
96320 0
96321 16
96322 0
96323 6
96324 4
96325 0
96326 44
96327 0
96328 0
96329 58
96330 0
96331 0
96332 0
96333 0
96334 4
96335 30
96336 0
96337 0
96338 8
96339 16
96340 0
96341 2
96342 0
96343 0
96344 4
96345 0
96346 0
96347 86
96348 0
96349 968
96350 0
96351 0
96352 0
96353 2
96354 4
96355 32
96356 0
96357 0
96358 0
96359 206
96360 0
96361 0
96362 56
96363 0
96364 4
96365 2
96366 0
96367 0
96368 0
96369 8
96370 0
96371 6
96372 8
96373 0
96374 212
96375 0
96376 0
96377 2
96378 20
96379 16
96380 0
96381 0
96382 0
96383 254
96384 4
96385 0
96386 0
96387 0
96388 0
96389 330
96390 0
96391 0
96392 76
96393 0
96394 28
96395 6
96396 0
96397 0
96398 0
96399 64
96400 0
96401 2
96402 0
96403 0
96404 4
96405 0
96406 8
96407 14
96408 0
96409 48
96410 0
96411 0
96412 0
96413 2
96414 4
96415 0
96416 0
96417 0
96418 0
96419 22
96420 0
96421 0
96422 0
96423 64
96424 4
96425 42
96426 0
96427 0
96428 0
96429 8
96430 0
96431 30
96432 0
96433 0
96434 4
96435 0
96436 0
96437 2
96438 0
96439 32
96440 28
96441 0
96442 0
96443 1014
96444 4
96445 0
96446 0
96447 0
96448 0
96449 10
96450 0
96451 0
96452 24
96453 0
96454 4
96455 14
96456 0
96457 16
96458 20
96459 304
96460 0
96461 2
96462 0
96463 0
96464 4
96465 0
96466 0
96467 6
96468 0
96469 8
96470 0
96471 160
96472 0
96473 2
96474 12
96475 0
96476 0
96477 0
96478 0
96479 190
96480 0
96481 0
96482 0
96483 0
96484 4
96485 2
96486 0
96487 0
96488 0
96489 8
96490 0
96491 342
96492 0
96493 0
96494 4
96495 0
96496 0
96497 2
96498 0
96499 16
96500 0
96501 0
96502 40
96503 14
96504 4
96505 0
96506 0
96507 0
96508 8
96509 10
96510 0
96511 0
96512 0
96513 0
96514 4
96515 102
96516 0
96517 0
96518 0
96519 480
96520 0
96521 2
96522 0
96523 0
96524 144
96525 16
96526 0
96527 30
96528 0
96529 8
96530 0
96531 0
96532 0
96533 42
96534 4
96535 0
96536 0
96537 0
96538 0
96539 22
96540 0
96541 0
96542 8
96543 0
96544 4
96545 2
96546 0
96547 0
96548 0
96549 8
96550 0
96551 14
96552 0
96553 0
96554 24
96555 0
96556 0
96557 42
96558 0
96559 192
96560 0
96561 0
96562 0
96563 6
96564 24
96565 0
96566 0
96567 0
96568 0
96569 10
96570 0
96571 0
96572 0
96573 0
96574 4
96575 126
96576 8
96577 0
96578 420
96579 16
96580 0
96581 2
96582 0
96583 0
96584 4
96585 0
96586 0
96587 6
96588 0
96589 56
96590 20
96591 0
96592 0
96593 18
96594 4
96595 80
96596 0
96597 0
96598 0
96599 46
96600 0
96601 0
96602 0
96603 0
96604 4
96605 2
96606 0
96607 0
96608 0
96609 8
96610 8
96611 6
96612 0
96613 0
96614 40
96615 0
96616 0
96617 2
96618 0
96619 16
96620 56
96621 0
96622 0
96623 350
96624 4
96625 0
96626 20
96627 32
96628 0
96629 10
96630 0
96631 1152
96632 0
96633 0
96634 4
96635 6
96636 0
96637 0
96638 0
96639 512
96640 0
96641 194
96642 0
96643 0
96644 140
96645 0
96646 56
96647 14
96648 0
96649 8
96650 0
96651 0
96652 0
96653 2
96654 28
96655 0
96656 20
96657 40
96658 0
96659 22
96660 0
96661 16
96662 0
96663 0
96664 4
96665 2
96666 0
96667 0
96668 0
96669 8
96670 0
96671 62
96672 0
96673 0
96674 4
96675 0
96676 0
96677 2
96678 8
96679 32
96680 0
96681 0
96682 0
96683 6
96684 4
96685 0
96686 0
96687 0
96688 20
96689 50
96690 0
96691 0
96692 0
96693 0
96694 4
96695 78
96696 0
96697 0
96698 0
96699 16
96700 0
96701 2
96702 0
96703 0
96704 28
96705 0
96706 0
96707 6
96708 0
96709 8
96710 0
96711 0
96712 8
96713 2
96714 4
96715 0
96716 0
96717 0
96718 0
96719 798
96720 0
96721 0
96722 20
96723 0
96724 4
96725 2
96726 0
96727 0
96728 0
96729 24
96730 0
96731 6
96732 0
96733 0
96734 4
96735 0
96736 0
96737 2
96738 0
96739 16
96740 0
96741 0
96742 0
96743 14
96744 4
96745 0
96746 8
96747 0
96748 0
96749 122
96750 20
96751 0
96752 0
96753 0
96754 4
96755 86
96756 0
96757 0
96758 0
96759 192
96760 0
96761 2
96762 0
96763 32
96764 4
96765 0
96766 0
96767 13310
96768 0
96769 8
96770 0
96771 0
96772 0
96773 114
96774 4
96775 0
96776 0
96777 0
96778 0
96779 22
96780 8
96781 40
96782 0
96783 0
96784 28
96785 74
96786 0
96787 0
96788 20
96789 8
96790 0
96791 14
96792 0
96793 0
96794 4
96795 0
96796 0
96797 18
96798 0
96799 128
96800 0
96801 0
96802 0
96803 6
96804 4
96805 0
96806 0
96807 0
96808 0
96809 10
96810 0
96811 0
96812 20
96813 0
96814 12
96815 30
96816 0
96817 0
96818 0
96819 16
96820 0
96821 42
96822 0
96823 0
96824 4
96825 0
96826 0
96827 6
96828 0
96829 8
96830 24
96831 512
96832 0
96833 2
96834 4
96835 0
96836 0
96837 0
96838 0
96839 46
96840 0
96841 0
96842 0
96843 160
96844 4
96845 2
96846 0
96847 0
96848 8
96849 56
96850 0
96851 6
96852 0
96853 0
96854 24
96855 0
96856 0
96857 2
96858 0
96859 16
96860 0
96861 0
96862 0
96863 62
96864 4
96865 16
96866 0
96867 0
96868 0
96869 10
96870 0
96871 0
96872 0
96873 0
96874 24
96875 6
96876 0
96877 0
96878 56
96879 64
96880 0
96881 2
96882 8
96883 0
96884 4
96885 0
96886 0
96887 174
96888 144
96889 8
96890 0
96891 0
96892 0
96893 50
96894 4
96895 0
96896 0
96897 0
96898 0
96899 566
96900 56
96901 0
96902 0
96903 0
96904 4
96905 42
96906 0
96907 0
96908 0
96909 8
96910 0
96911 30
96912 0
96913 0
96914 220
96915 0
96916 8
96917 2
96918 0
96919 32
96920 20
96921 0
96922 0
96923 6
96924 4
96925 0
96926 0
96927 0
96928 0
96929 10
96930 0
96931 0
96932 0
96933 16
96934 4
96935 14
96936 20
96937 0
96938 0
96939 16
96940 0
96941 2
96942 0
96943 0
96944 4
96945 0
96946 0
96947 6
96948 0
96949 8
96950 8
96951 0
96952 0
96953 42
96954 4
96955 0
96956 276
96957 0
96958 0
96959 382
96960 0
96961 0
96962 0
96963 0
96964 24
96965 2
96966 0
96967 224
96968 0
96969 8
96970 0
96971 6
96972 0
96973 0
96974 4
96975 0
96976 0
96977 2
96978 0
96979 112
96980 0
96981 0
96982 0
96983 14
96984 12
96985 264
96986 20
96987 0
96988 0
96989 10
96990 0
96991 0
96992 0
96993 0
96994 4
96995 6
96996 0
96997 0
96998 20
96999 32
97000 0
97001 18
97002 0
97003 0
97004 4
97005 0
97006 0
97007 926
97008 0
97009 8
97010 0
97011 0
97012 0
97013 2
97014 4
97015 0
97016 0
97017 0
97018 8
97019 198
97020 0
97021 0
97022 0
97023 0
97024 4
97025 2
97026 0
97027 224
97028 0
97029 48
97030 0
97031 14
97032 0
97033 0
97034 4
97035 32
97036 0
97037 2
97038 0
97039 64
97040 0
97041 0
97042 0
97043 6
97044 28
97045 0
97046 0
97047 0
97048 0
97049 10
97050 0
97051 0
97052 28
97053 0
97054 4
97055 62
97056 0
97057 0
97058 0
97059 16
97060 20
97061 2
97062 0
97063 0
97064 4
97065 0
97066 0
97067 6
97068 0
97069 24
97070 0
97071 0
97072 0
97073 2
97074 4
97075 0
97076 0
97077 0
97078 0
97079 46
97080 0
97081 0
97082 24
97083 0
97084 4
97085 42
97086 8
97087 0
97088 0
97089 944
97090 0
97091 86
97092 0
97093 0
97094 4
97095 0
97096 0
97097 2
97098 0
97099 16
97100 0
97101 0
97102 0
97103 158
97104 4
97105 0
97106 0
97107 0
97108 0
97109 250
97110 0
97111 0
97112 0
97113 0
97114 4
97115 6
97116 0
97117 0
97118 20
97119 128
97120 8
97121 2
97122 20
97123 0
97124 4
97125 0
97126 0
97127 302
97128 0
97129 8
97130 0
97131 0
97132 0
97133 2
97134 4
97135 0
97136 56
97137 16
97138 0
97139 22
97140 0
97141 0
97142 0
97143 0
97144 4
97145 338
97146 0
97147 0
97148 0
97149 8
97150 0
97151 2814
97152 0
97153 40
97154 196
97155 0
97156 0
97157 2
97158 0
97159 32
97160 0
97161 0
97162 0
97163 6
97164 4
97165 0
97166 0
97167 0
97168 0
97169 50
97170 0
97171 32
97172 0
97173 0
97174 28
97175 14
97176 0
97177 0
97178 0
97179 16
97180 0
97181 2
97182 0
97183 0
97184 484
97185 0
97186 0
97187 6
97188 8
97189 8
97190 0
97191 0
97192 0
97193 2
97194 4
97195 0
97196 0
97197 0
97198 0
97199 94
97200 0
97201 0
97202 0
97203 0
97204 4
97205 18
97206 0
97207 0
97208 24
97209 8
97210 0
97211 6
97212 0
97213 0
97214 4
97215 1280
97216 0
97217 42
97218 0
97219 16
97220 0
97221 0
97222 8
97223 14
97224 4
97225 0
97226 0
97227 0
97228 0
97229 10
97230 0
97231 0
97232 0
97233 0
97234 4
97235 6
97236 0
97237 0
97238 0
97239 288
97240 0
97241 2
97242 0
97243 0
97244 4
97245 0
97246 20
97247 62
97248 0
97249 8
97250 20
97251 0
97252 0
97253 2
97254 4
97255 0
97256 8
97257 0
97258 0
97259 22
97260 0
97261 0
97262 0
97263 0
97264 4
97265 114
97266 0
97267 0
97268 0
97269 8
97270 0
97271 206
97272 0
97273 16
97274 4
97275 0
97276 0
97277 42
97278 0
97279 4096
97280 0
97281 112
97282 0
97283 86
97284 4
97285 0
97286 0
97287 0
97288 0
97289 10
97290 8
97291 0
97292 0
97293 0
97294 4
97295 30
97296 0
97297 0
97298 36
97299 16
97300 0
97301 2
97302 0
97303 0
97304 28
97305 0
97306 0
97307 38
97308 20
97309 8
97310 0
97311 0
97312 0
97313 2
97314 4
97315 0
97316 20
97317 0
97318 0
97319 46
97320 0
97321 0
97322 0
97323 0
97324 12
97325 2
97326 0
97327 0
97328 0
97329 8
97330 0
97331 6
97332 0
97333 0
97334 28
97335 0
97336 0
97337 2
97338 0
97339 96
97340 0
97341 16
97342 0
97343 126
97344 4
97345 0
97346 0
97347 0
97348 0
97349 50
97350 0
97351 0
97352 0
97353 0
97354 4
97355 6
97356 0
97357 0
97358 8
97359 64
97360 0
97361 2
97362 0
97363 0
97364 4
97365 0
97366 0
97367 14
97368 0
97369 152
97370 20
97371 0
97372 0
97373 2
97374 484
97375 256
97376 0
97377 0
97378 0
97379 22
97380 0
97381 0
97382 20
97383 0
97384 4
97385 2
97386 0
97387 0
97388 0
97389 8
97390 0
97391 30
97392 8
97393 0
97394 60
97395 0
97396 0
97397 50
97398 0
97399 32
97400 0
97401 40
97402 144
97403 6
97404 4
97405 0
97406 0
97407 0
97408 56
97409 282
97410 0
97411 0
97412 0
97413 0
97414 4
97415 174
97416 0
97417 0
97418 0
97419 16
97420 0
97421 2
97422 0
97423 0
97424 4
97425 0
97426 8
97427 6
97428 0
97429 8
97430 0
97431 0
97432 20
97433 2
97434 28
97435 0
97436 0
97437 0
97438 0
97439 190
97440 0
97441 0
97442 0
97443 32
97444 4
97445 2
97446 0
97447 0
97448 20
97449 8
97450 0
97451 6
97452 0
97453 0
97454 4
97455 0
97456 0
97457 2
97458 0
97459 16
97460 104
97461 0
97462 0
97463 174
97464 4
97465 0
97466 0
97467 0
97468 0
97469 514
97470 0
97471 0
97472 0
97473 0
97474 4
97475 6
97476 0
97477 16
97478 0
97479 32
97480 0
97481 42
97482 0
97483 0
97484 4
97485 0
97486 0
97487 30
97488 0
97489 8
97490 0
97491 0
97492 0
97493 2
97494 32
97495 0
97496 0
97497 0
97498 0
97499 118
97500 0
97501 0
97502 0
97503 0
97504 4
97505 2
97506 0
97507 0
97508 0
97509 8
97510 0
97511 78
97512 0
97513 0
97514 24
97515 0
97516 0
97517 2
97518 0
97519 64
97520 0
97521 0
97522 0
97523 326
97524 4
97525 80
97526 0
97527 0
97528 8
97529 10
97530 0
97531 0
97532 0
97533 0
97534 4
97535 14846
97536 0
97537 0
97538 0
97539 16
97540 0
97541 1178
97542 0
97543 0
97544 4
97545 16
97546 0
97547 86
97548 0
97549 8
97550 0
97551 0
97552 0
97553 2
97554 4
97555 0
97556 20
97557 0
97558 0
97559 46
97560 0
97561 0
97562 8
97563 0
97564 28
97565 2
97566 0
97567 0
97568 0
97569 8
97570 0
97571 6
97572 0
97573 0
97574 4
97575 0
97576 0
97577 2
97578 0
97579 128
97580 20
97581 0
97582 0
97583 30
97584 4
97585 0
97586 24
97587 80
97588 0
97589 10
97590 0
97591 0
97592 0
97593 0
97594 4
97595 6
97596 8
97597 0
97598 0
97599 256
97600 252
97601 2
97602 0
97603 0
97604 4
97605 0
97606 0
97607 14
97608 0
97609 8
97610 0
97611 0
97612 0
97613 58
97614 4
97615 0
97616 0
97617 0
97618 20
97619 22
97620 0
97621 0
97622 0
97623 0
97624 4
97625 2
97626 0
97627 0
97628 0
97629 56
97630 8
97631 62
97632 0
97633 0
97634 4
97635 0
97636 0
97637 2
97638 0
97639 32
97640 36
97641 0
97642 0
97643 6
97644 4
97645 0
97646 20
97647 128
97648 0
97649 98
97650 0
97651 0
97652 56
97653 0
97654 4
97655 14
97656 0
97657 0
97658 0
97659 592
97660 0
97661 2
97662 56
97663 0
97664 140
97665 0
97666 0
97667 6
97668 132
97669 8
97670 0
97671 0
97672 0
97673 2
97674 4
97675 0
97676 0
97677 0
97678 0
97679 414
97680 20
97681 16
97682 0
97683 0
97684 4
97685 2
97686 0
97687 0
97688 0
97689 8
97690 0
97691 6
97692 0
97693 0
97694 124
97695 0
97696 0
97697 2
97698 8
97699 16
97700 0
97701 0
97702 0
97703 14
97704 4
97705 0
97706 0
97707 0
97708 0
97709 10
97710 0
97711 320
97712 44
97713 0
97714 4
97715 38
97716 0
97717 0
97718 0
97719 32
97720 0
97721 2
97722 0
97723 0
97724 4
97725 0
97726 0
97727 126
97728 0
97729 8
97730 0
97731 0
97732 8
97733 2
97734 4
97735 0
97736 0
97737 0
97738 0
97739 22
97740 0
97741 0
97742 20
97743 0
97744 4
97745 42
97746 0
97747 0
97748 0
97749 24
97750 0
97751 14
97752 0
97753 0
97754 4
97755 0
97756 0
97757 2
97758 0
97759 896
97760 0
97761 0
97762 0
97763 6
97764 4
97765 0
97766 8
97767 0
97768 0
97769 10
97770 0
97771 0
97772 0
97773 40
97774 4
97775 414
97776 0
97777 0
97778 20
97779 16
97780 0
97781 114
97782 0
97783 64
97784 24
97785 0
97786 0
97787 6
97788 0
97789 120
97790 0
97791 0
97792 0
97793 2
97794 4
97795 0
97796 0
97797 0
97798 0
97799 46
97800 8
97801 0
97802 0
97803 0
97804 24
97805 2
97806 0
97807 0
97808 0
97809 8
97810 0
97811 230
97812 0
97813 0
97814 4
97815 0
97816 0
97817 18
97818 0
97819 16
97820 0
97821 0
97822 0
97823 62
97824 76
97825 0
97826 0
97827 0
97828 0
97829 10
97830 0
97831 0
97832 0
97833 0
97834 12
97835 86
97836 0
97837 0
97838 24
97839 64
97840 0
97841 2
97842 0
97843 0
97844 24
97845 0
97846 0
97847 14
97848 0
97849 8
97850 0
97851 32
97852 0
97853 2
97854 4
97855 0
97856 0
97857 0
97858 0
97859 22
97860 0
97861 0
97862 0
97863 0
97864 4
97865 2
97866 80
97867 0
97868 8
97869 8
97870 0
97871 30
97872 0
97873 0
97874 4
97875 0
97876 0
97877 42
97878 0
97879 32
97880 0
97881 0
97882 0
97883 6
97884 4
97885 16
97886 0
97887 0
97888 0
97889 58
97890 0
97891 0
97892 0
97893 0
97894 4
97895 14
97896 0
97897 40
97898 0
97899 16
97900 0
97901 50
97902 8
97903 0
97904 4
97905 0
97906 0
97907 6
97908 0
97909 8
97910 76
97911 0
97912 0
97913 2
97914 4
97915 0
97916 200
97917 0
97918 0
97919 18174
97920 0
97921 0
97922 0
97923 0
97924 4
97925 2
97926 0
97927 0
97928 20
97929 8
97930 0
97931 6
97932 0
97933 0
97934 4
97935 0
97936 8
97937 2
97938 0
97939 16
97940 0
97941 0
97942 0
97943 174
97944 4
97945 0
97946 0
97947 0
97948 0
97949 10
97950 0
97951 0
97952 0
97953 16
97954 28
97955 6
97956 0
97957 0
97958 0
97959 192
97960 0
97961 2
97962 0
97963 0
97964 28
97965 0
97966 0
97967 30
97968 0
97969 8
97970 8
97971 0
97972 0
97973 2
97974 4
97975 0
97976 20
97977 0
97978 0
97979 22
97980 0
97981 0
97982 252
97983 0
97984 4
97985 2
97986 0
97987 32
97988 0
97989 48
97990 20
97991 14
97992 0
97993 0
97994 4
97995 0
97996 0
97997 2
97998 0
97999 64
98000 0
98001 0
98002 0
98003 6
98004 12
98005 0
98006 0
98007 0
98008 0
98009 50
98010 0
98011 0
98012 0
98013 0
98014 4
98015 62
98016 0
98017 0
98018 0
98019 112
98020 0
98021 58
98022 0
98023 0
98024 4
98025 0
98026 0
98027 102
98028 0
98029 8
98030 0
98031 0
98032 0
98033 2
98034 4
98035 0
98036 0
98037 0
98038 8
98039 494
98040 0
98041 0
98042 20
98043 224
98044 4
98045 2
98046 0
98047 0
98048 0
98049 8
98050 0
98051 6
98052 20
98053 0
98054 4
98055 64
98056 0
98057 2
98058 0
98059 16
98060 0
98061 0
98062 0
98063 30
98064 4
98065 0
98066 0
98067 0
98068 0
98069 10
98070 0
98071 0
98072 8
98073 0
98074 4
98075 86
98076 0
98077 0
98078 0
98079 128
98080 0
98081 2
98082 0
98083 80
98084 28
98085 0
98086 0
98087 14
98088 0
98089 24
98090 24
98091 0
98092 0
98093 2
98094 4
98095 0
98096 0
98097 0
98098 0
98099 22
98100 0
98101 0
98102 0
98103 0
98104 4
98105 2
98106 8
98107 0
98108 20
98109 8
98110 0
98111 16254
98112 0
98113 0
98114 24
98115 0
98116 0
98117 2
98118 0
98119 32
98120 0
98121 0
98122 0
98123 38
98124 4
98125 0
98126 0
98127 0
98128 0
98129 10
98130 0
98131 0
98132 0
98133 0
98134 4
98135 14
98136 0
98137 0
98138 0
98139 16
98140 8
98141 42
98142 0
98143 0
98144 4
98145 40
98146 0
98147 6
98148 0
98149 56
98150 0
98151 0
98152 0
98153 122
98154 4
98155 0
98156 0
98157 16
98158 0
98159 94
98160 0
98161 0
98162 0
98163 0
98164 4
98165 2
98166 0
98167 0
98168 56
98169 8
98170 56
98171 6
98172 0
98173 288
98174 160
98175 0
98176 20
98177 2
98178 0
98179 16
98180 0
98181 0
98182 0
98183 14
98184 4
98185 0
98186 0
98187 0
98188 0
98189 10
98190 0
98191 128
98192 0
98193 0
98194 24
98195 6
98196 0
98197 0
98198 0
98199 32
98200 0
98201 2
98202 0
98203 0
98204 4
98205 0
98206 0
98207 15422
98208 8
98209 8
98210 0
98211 0
98212 0
98213 2
98214 28
98215 0
98216 24
98217 0
98218 0
98219 22
98220 0
98221 0
98222 0
98223 0
98224 4
98225 18
98226 0
98227 0
98228 0
98229 8
98230 0
98231 14
98232 0
98233 0
98234 4
98235 0
98236 0
98237 2
98238 20
98239 256
98240 20
98241 0
98242 8
98243 6
98244 4
98245 0
98246 0
98247 0
98248 0
98249 10
98250 0
98251 0
98252 0
98253 0
98254 4
98255 16926
98256 0
98257 0
98258 0
98259 48
98260 0
98261 2
98262 0
98263 0
98264 4
98265 0
98266 0
98267 6
98268 0
98269 48
98270 0
98271 0
98272 0
98273 42
98274 4
98275 0
98276 8
98277 0
98278 0
98279 16558
98280 0
98281 0
98282 0
98283 0
98284 4
98285 2
98286 0
98287 0
98288 0
98289 8
98290 0
98291 16022
98292 0
98293 16
98294 4
98295 0
98296 0
98297 16466
98298 0
98299 16
98300 16520
98301 0
98302 0
98303 65534
98304 4
98305 0
98306 16520
98307 0
98308 0
98309 16474
98310 8
98311 0
98312 0
98313 0
98314 4
98315 16022
98316 0
98317 0
98318 0
98319 64
98320 0
98321 2
98322 0
98323 0
98324 40
98325 0
98326 0
98327 16590
98328 0
98329 8
98330 0
98331 80
98332 0
98333 2
98334 4
98335 0
98336 0
98337 0
98338 0
98339 102
98340 0
98341 0
98342 24
98343 0
98344 36
98345 2
98346 0
98347 0
98348 0
98349 8
98350 0
98351 16926
98352 0
98353 0
98354 4
98355 0
98356 0
98357 2
98358 0
98359 32
98360 0
98361 16
98362 20
98363 6
98364 4
98365 0
98366 0
98367 0
98368 0
98369 10
98370 0
98371 0
98372 20
98373 0
98374 4
98375 14
98376 0
98377 0
98378 8
98379 16
98380 0
98381 2
98382 0
98383 0
98384 4
98385 0
98386 0
98387 6
98388 0
98389 8
98390 0
98391 0
98392 0
98393 42
98394 4
98395 32
98396 0
98397 0
98398 0
98399 15550
98400 0
98401 0
98402 0
98403 0
98404 4
98405 90
98406 0
98407 0
98408 0
98409 56
98410 0
98411 6
98412 8
98413 0
98414 4
98415 0
98416 0
98417 2
98418 0
98419 16
98420 0
98421 0
98422 0
98423 14
98424 80
98425 0
98426 56
98427 0
98428 0
98429 282
98430 144
98431 0
98432 0
98433 0
98434 4
98435 6
98436 0
98437 0
98438 20
98439 32
98440 0
98441 2
98442 0
98443 0
98444 4
98445 0
98446 8
98447 30
98448 0
98449 8
98450 0
98451 0
98452 0
98453 2
98454 4
98455 160
98456 0
98457 0
98458 0
98459 22
98460 0
98461 0
98462 0
98463 256
98464 4
98465 2
98466 0
98467 0
98468 24
98469 8
98470 0
98471 174
98472 0
98473 0
98474 28
98475 0
98476 0
98477 2
98478 0
98479 64
98480 8
98481 0
98482 0
98483 6
98484 4
98485 0
98486 20
98487 0
98488 0
98489 10
98490 0
98491 0
98492 0
98493 0
98494 4
98495 16254
98496 0
98497 16
98498 0
98499 16
98500 0
98501 2
98502 0
98503 0
98504 24
98505 0
98506 0
98507 6
98508 0
98509 8
98510 0
98511 0
98512 0
98513 2
98514 12
98515 0
98516 0
98517 40
98518 0
98519 46
98520 0
98521 0
98522 0
98523 0
98524 4
98525 2
98526 0
98527 0
98528 0
98529 8
98530 0
98531 134
98532 0
98533 0
98534 4
98535 0
98536 0
98537 42
98538 0
98539 112
98540 0
98541 0
98542 0
98543 30
98544 4
98545 0
98546 0
98547 0
98548 48
98549 10
98550 0
98551 448
98552 0
98553 0
98554 4
98555 230
98556 0
98557 0
98558 0
98559 1024
98560 0
98561 2
98562 0
98563 0
98564 4
98565 16
98566 0
98567 14
98568 0
98569 8
98570 20
98571 0
98572 0
98573 2
98574 4
98575 0
98576 0
98577 0
98578 0
98579 102
98580 0
98581 0
98582 8
98583 0
98584 4
98585 2
98586 0
98587 0
98588 0
98589 8
98590 0
98591 62
98592 0
98593 0
98594 28
98595 0
98596 0
98597 2
98598 0
98599 96
98600 0
98601 0
98602 0
98603 86
98604 48
98605 0
98606 0
98607 0
98608 0
98609 10
98610 20
98611 0
98612 0
98613 0
98614 4
98615 14
98616 8
98617 0
98618 0
98619 16
98620 0
98621 2
98622 252
98623 0
98624 4
98625 0
98626 0
98627 6
98628 0
98629 8
98630 0
98631 0
98632 0
98633 18
98634 4
98635 0
98636 20
98637 0
98638 0
98639 94
98640 0
98641 40
98642 0
98643 0
98644 4
98645 2
98646 0
98647 0
98648 0
98649 8
98650 8
98651 6
98652 0
98653 0
98654 4
98655 0
98656 0
98657 50
98658 0
98659 16
98660 0
98661 0
98662 0
98663 14
98664 4
98665 0
98666 36
98667 32
98668 0
98669 98
98670 0
98671 0
98672 20
98673 0
98674 4
98675 6
98676 0
98677 0
98678 56
98679 32
98680 0
98681 2
98682 0
98683 0
98684 196
98685 0
98686 0
98687 18686
98688 0
98689 8
98690 0
98691 0
98692 0
98693 2
98694 4
98695 0
98696 0
98697 0
98698 0
98699 22
98700 0
98701 16
98702 20
98703 320
98704 4
98705 2
98706 0
98707 0
98708 0
98709 8
98710 0
98711 14
98712 0
98713 0
98714 4
98715 0
98716 0
98717 2
98718 8
98719 128
98720 24
98721 0
98722 0
98723 6
98724 4
98725 0
98726 0
98727 0
98728 0
98729 10
98730 0
98731 0
98732 0
98733 0
98734 96
98735 478
98736 0
98737 0
98738 0
98739 16
98740 0
98741 2
98742 0
98743 0
98744 4
98745 0
98746 0
98747 6
98748 0
98749 8
98750 0
98751 0
98752 8
98753 2
98754 4
98755 0
98756 0
98757 0
98758 0
98759 46
98760 0
98761 0
98762 0
98763 0
98764 4
98765 42
98766 0
98767 0
98768 20
98769 24
98770 0
98771 6
98772 0
98773 0
98774 4
98775 0
98776 0
98777 2
98778 0
98779 16
98780 0
98781 0
98782 0
98783 830
98784 4
98785 0
98786 8
98787 0
98788 0
98789 10
98790 0
98791 0
98792 0
98793 0
98794 4
98795 6
98796 20
98797 0
98798 0
98799 448
98800 0
98801 42
98802 0
98803 32
98804 4
98805 112
98806 0
98807 14
98808 0
98809 48
98810 0
98811 0
98812 0
98813 114
98814 4
98815 0
98816 0
98817 0
98818 0
98819 22
98820 8
98821 0
98822 0
98823 0
98824 4
98825 2
98826 0
98827 80
98828 0
98829 8
98830 0
98831 30
98832 0
98833 0
98834 24
98835 0
98836 0
98837 90
98838 0
98839 32
98840 0
98841 0
98842 0
98843 6
98844 4
98845 0
98846 24
98847 0
98848 0
98849 10
98850 0
98851 0
98852 0
98853 0
98854 12
98855 14
98856 0
98857 0
98858 20
98859 16
98860 0
98861 2
98862 0
98863 0
98864 124
98865 0
98866 0
98867 86
98868 0
98869 8
98870 0
98871 64
98872 0
98873 2
98874 4
98875 0
98876 0
98877 0
98878 0
98879 382
98880 0
98881 0
98882 0
98883 0
98884 4
98885 2
98886 0
98887 0
98888 8
98889 88
98890 0
98891 6
98892 0
98893 0
98894 4
98895 0
98896 0
98897 2
98898 0
98899 16
98900 20
98901 0
98902 0
98903 14
98904 4
98905 16
98906 0
98907 0
98908 0
98909 58
98910 0
98911 0
98912 0
98913 0
98914 4
98915 6
98916 0
98917 0
98918 0
98919 32
98920 20
98921 2
98922 8
98923 0
98924 4
98925 0
98926 0
98927 30
98928 0
98929 56
98930 0
98931 0
98932 56
98933 42
98934 4
98935 0
98936 0
98937 0
98938 0
98939 566
98940 0
98941 0
98942 56
98943 0
98944 148
98945 2
98946 0
98947 0
98948 0
98949 8
98950 0
98951 174
98952 0
98953 0
98954 4
98955 0
98956 8
98957 2
98958 0
98959 64
98960 0
98961 0
98962 0
98963 6
98964 4
98965 0
98966 20
98967 0
98968 0
98969 10
98970 0
98971 0
98972 24
98973 16
98974 4
98975 62
98976 0
98977 0
98978 0
98979 16
98980 0
98981 2
98982 20
98983 0
98984 4
98985 0
98986 0
98987 6
98988 0
98989 8
98990 8
98991 0
98992 0
98993 2
98994 28
98995 0
98996 0
98997 0
98998 0
98999 206
99000 0
99001 0
99002 0
99003 0
99004 4
99005 2
99006 0
99007 512
99008 252
99009 8
99010 0
99011 6
99012 0
99013 40
99014 24
99015 0
99016 0
99017 2
99018 0
99019 16
99020 0
99021 0
99022 0
99023 30
99024 12
99025 0
99026 0
99027 0
99028 0
99029 10
99030 0
99031 0
99032 20
99033 0
99034 136
99035 102
99036 0
99037 0
99038 0
99039 128
99040 0
99041 18
99042 0
99043 0
99044 24
99045 0
99046 0
99047 14
99048 0
99049 8
99050 0
99051 0
99052 0
99053 2
99054 4
99055 0
99056 0
99057 0
99058 8
99059 342
99060 0
99061 0
99062 0
99063 0
99064 4
99065 42
99066 0
99067 0
99068 0
99069 8
99070 0
99071 14846
99072 0
99073 0
99074 4
99075 112
99076 0
99077 2
99078 0
99079 32
99080 0
99081 0
99082 0
99083 6
99084 4
99085 0
99086 0
99087 0
99088 0
99089 10
99090 0
99091 0
99092 8
99093 0
99094 4
99095 14
99096 0
99097 0
99098 116
99099 16
99100 0
99101 2
99102 0
99103 0
99104 4
99105 0
99106 20
99107 6
99108 0
99109 24
99110 0
99111 0
99112 0
99113 2
99114 4
99115 0
99116 0
99117 0
99118 0
99119 94
99120 0
99121 0
99122 0
99123 0
99124 28
99125 2
99126 8
99127 0
99128 0
99129 8
99130 0
99131 86
99132 0
99133 504
99134 4
99135 0
99136 0
99137 42
99138 0
99139 16
99140 0
99141 0
99142 0
99143 78
99144 4
99145 0
99146 0
99147 0
99148 0
99149 10
99150 0
99151 0
99152 0
99153 0
99154 4
99155 6
99156 0
99157 0
99158 0
99159 32
99160 8
99161 50
99162 0
99163 0
99164 24
99165 0
99166 0
99167 62
99168 20
99169 8
99170 0
99171 0
99172 0
99173 2
99174 4
99175 0
99176 0
99177 16
99178 0
99179 166
99180 0
99181 0
99182 0
99183 0
99184 4
99185 2
99186 56
99187 0
99188 0
99189 512
99190 0
99191 14
99192 0
99193 0
99194 140
99195 0
99196 0
99197 42
99198 0
99199 3072
99200 56
99201 288
99202 0
99203 6
99204 4
99205 0
99206 0
99207 0
99208 0
99209 10
99210 0
99211 32
99212 0
99213 0
99214 4
99215 30
99216 0
99217 0
99218 0
99219 96
99220 0
99221 2
99222 0
99223 0
99224 28
99225 0
99226 0
99227 6
99228 8
99229 8
99230 480
99231 0
99232 0
99233 2
99234 4
99235 0
99236 0
99237 0
99238 0
99239 46
99240 0
99241 0
99242 0
99243 0
99244 4
99245 18
99246 0
99247 0
99248 0
99249 8
99250 0
99251 6
99252 0
99253 0
99254 28
99255 0
99256 0
99257 2
99258 0
99259 16
99260 0
99261 40
99262 8
99263 1406
99264 4
99265 0
99266 0
99267 0
99268 0
99269 10
99270 0
99271 0
99272 0
99273 0
99274 4
99275 6
99276 0
99277 0
99278 0
99279 192
99280 0
99281 2
99282 0
99283 0
99284 4
99285 0
99286 0
99287 206
99288 0
99289 8
99290 0
99291 0
99292 20
99293 2
99294 4
99295 0
99296 28
99297 0
99298 0
99299 22
99300 0
99301 0
99302 0
99303 0
99304 4
99305 2
99306 0
99307 0
99308 0
99309 8
99310 0
99311 30
99312 0
99313 128
99314 4
99315 0
99316 0
99317 2
99318 0
99319 224
99320 0
99321 0
99322 0
99323 86
99324 4
99325 0
99326 0
99327 0
99328 0
99329 162
99330 8
99331 0
99332 0
99333 0
99334 4
99335 14
99336 0
99337 0
99338 0
99339 16
99340 0
99341 2
99342 0
99343 0
99344 4
99345 0
99346 0
99347 38
99348 0
99349 8
99350 60
99351 0
99352 0
99353 2
99354 24
99355 0
99356 0
99357 0
99358 0
99359 190
99360 0
99361 0
99362 20
99363 0
99364 12
99365 2
99366 0
99367 0
99368 0
99369 8
99370 0
99371 6
99372 0
99373 0
99374 4
99375 0
99376 0
99377 2
99378 0
99379 16
99380 0
99381 16
99382 0
99383 14
99384 28
99385 40
99386 0
99387 0
99388 0
99389 10
99390 0
99391 0
99392 0
99393 0
99394 4
99395 86
99396 0
99397 0
99398 8
99399 32
99400 0
99401 2
99402 0
99403 0
99404 4
99405 0
99406 0
99407 30
99408 0
99409 8
99410 0
99411 0
99412 0
99413 50
99414 4
99415 64
99416 20
99417 0
99418 0
99419 22
99420 0
99421 0
99422 0
99423 0
99424 484
99425 2
99426 0
99427 0
99428 20
99429 8
99430 0
99431 14
99432 8
99433 0
99434 4
99435 0
99436 0
99437 2
99438 0
99439 64
99440 56
99441 0
99442 0
99443 6
99444 4
99445 0
99446 0
99447 160
99448 0
99449 522
99450 0
99451 0
99452 0
99453 0
99454 4
99455 254
99456 0
99457 0
99458 200
99459 16
99460 0
99461 42
99462 0
99463 0
99464 4
99465 0
99466 8
99467 6
99468 0
99469 8
99470 0
99471 0
99472 0
99473 2
99474 4
99475 0
99476 24
99477 0
99478 20
99479 46
99480 0
99481 0
99482 0
99483 32
99484 4
99485 2
99486 0
99487 0
99488 0
99489 8
99490 0
99491 6
99492 0
99493 0
99494 24
99495 0
99496 0
99497 2
99498 0
99499 16
99500 8
99501 0
99502 0
99503 30
99504 4
99505 0
99506 0
99507 0
99508 0
99509 50
99510 0
99511 0
99512 0
99513 0
99514 28
99515 6
99516 0
99517 16
99518 0
99519 256
99520 0
99521 506
99522 0
99523 0
99524 4
99525 0
99526 0
99527 174
99528 0
99529 8
99530 0
99531 0
99532 0
99533 2
99534 12
99535 0
99536 0
99537 0
99538 0
99539 118
99540 20
99541 0
99542 0
99543 0
99544 4
99545 2
99546 0
99547 0
99548 0
99549 8
99550 0
99551 318
99552 0
99553 0
99554 4
99555 0
99556 0
99557 2
99558 0
99559 32
99560 20
99561 0
99562 0
99563 6
99564 4
99565 0
99566 0
99567 896
99568 8
99569 10
99570 0
99571 160
99572 0
99573 0
99574 4
99575 14
99576 0
99577 0
99578 0
99579 112
99580 0
99581 2
99582 0
99583 0
99584 4
99585 16
99586 0
99587 230
99588 0
99589 8
99590 0
99591 0
99592 0
99593 42
99594 4
99595 0
99596 0
99597 0
99598 0
99599 94
99600 0
99601 0
99602 52
99603 0
99604 4
99605 2
99606 0
99607 0
99608 0
99609 8
99610 0
99611 6
99612 0
99613 0
99614 4
99615 0
99616 0
99617 2
99618 0
99619 48
99620 0
99621 0
99622 0
99623 14
99624 4
99625 0
99626 20
99627 0
99628 0
99629 50
99630 0
99631 0
99632 0
99633 40
99634 4
99635 6
99636 8
99637 0
99638 0
99639 32
99640 0
99641 2
99642 0
99643 0
99644 472
99645 0
99646 0
99647 126
99648 0
99649 8
99650 0
99651 0
99652 0
99653 18
99654 4
99655 0
99656 0
99657 0
99658 0
99659 102
99660 0
99661 0
99662 0
99663 0
99664 24
99665 50
99666 0
99667 0
99668 0
99669 8
99670 8
99671 14
99672 0
99673 0
99674 4
99675 0
99676 0
99677 2
99678 0
99679 128
99680 0
99681 0
99682 0
99683 6
99684 4
99685 0
99686 0
99687 64
99688 0
99689 10
99690 0
99691 0
99692 56
99693 0
99694 60
99695 350
99696 0
99697 0
99698 0
99699 16
99700 0
99701 2
99702 0
99703 0
99704 140
99705 0
99706 0
99707 6
99708 0
99709 56
99710 0
99711 0
99712 0
99713 2
99714 4
99715 576
99716 56
99717 264
99718 0
99719 46
99720 0
99721 16
99722 0
99723 0
99724 4
99725 42
99726 20
99727 0
99728 24
99729 8
99730 0
99731 6
99732 0
99733 0
99734 4
99735 0
99736 0
99737 2
99738 8
99739 16
99740 0
99741 0
99742 0
99743 62
99744 4
99745 0
99746 0
99747 0
99748 0
99749 10
99750 0
99751 0
99752 0
99753 0
99754 4
99755 38
99756 0
99757 40
99758 20
99759 64
99760 0
99761 2
99762 0
99763 0
99764 4
99765 0
99766 0
99767 14
99768 0
99769 8
99770 0
99771 0
99772 8
99773 2
99774 28
99775 0
99776 0
99777 0
99778 0
99779 22
99780 0
99781 0
99782 0
99783 0
99784 4
99785 2
99786 0
99787 0
99788 20
99789 24
99790 0
99791 734
99792 0
99793 0
99794 4
99795 0
99796 0
99797 2
99798 0
99799 32
99800 0
99801 0
99802 0
99803 6
99804 4
99805 0
99806 8
99807 0
99808 0
99809 10
99810 0
99811 0
99812 0
99813 0
99814 4
99815 14
99816 0
99817 0
99818 0
99819 96
99820 0
99821 114
99822 0
99823 128
99824 24
99825 0
99826 0
99827 6
99828 0
99829 8
99830 0
99831 0
99832 0
99833 2
99834 24
99835 0
99836 0
99837 0
99838 0
99839 15358
99840 8
99841 0
99842 0
99843 0
99844 4
99845 114
99846 0
99847 0
99848 0
99849 8
99850 20
99851 6
99852 0
99853 0
99854 28
99855 0
99856 0
99857 58
99858 0
99859 16
99860 0
99861 0
99862 0
99863 2318
99864 4
99865 0
99866 0
99867 0
99868 0
99869 10
99870 0
99871 0
99872 0
99873 0
99874 12
99875 6
99876 0
99877 0
99878 0
99879 32
99880 0
99881 42
99882 0
99883 0
99884 4
99885 0
99886 0
99887 30
99888 0
99889 8
99890 20
99891 32
99892 0
99893 2
99894 4
99895 0
99896 0
99897 0
99898 0
99899 22
99900 0
99901 0
99902 0
99903 0
99904 28
99905 2
99906 0
99907 0
99908 8
99909 8
99910 0
99911 14
99912 40
99913 0
99914 4
99915 0
99916 0
99917 194
99918 0
99919 64
99920 0
99921 0
99922 0
99923 86
99924 4
99925 16
99926 0
99927 0
99928 0
99929 10
99930 0
99931 0
99932 0
99933 0
99934 4
99935 62
99936 0
99937 0
99938 0
99939 16
99940 0
99941 2
99942 8
99943 160
99944 4
99945 0
99946 0
99947 6
99948 56
99949 8
99950 0
99951 0
99952 0
99953 2
99954 4
99955 0
99956 20
99957 0
99958 0
99959 1134
99960 0
99961 0
99962 0
99963 0
99964 4
99965 2
99966 0
99967 0
99968 0
99969 56
99970 0
99971 6
99972 144
99973 0
99974 80
99975 0
99976 8
99977 2
99978 0
99979 16
99980 24
99981 0
99982 0
99983 30
99984 4
99985 0
99986 0
99987 0
99988 0
99989 50
99990 0
99991 0
99992 0
99993 16
99994 4
99995 6
99996 0
99997 0
99998 0
99999 128
100000 0
